dataset_id,source_dataset,collection,source_split,model_split,annotation_method,source_las,image,label,raw_raster,gt_raster,instances
ideas__cedar_cypress__plot_Kokonoe_10_annotated,ideas_als,CEDAR_CYPRESS,dev,train,point_native,/home/maciej.wielgosz/Projects/segm/ideas_als/CEDAR_CYPRESS/plot_Kokonoe_10_annotated.las,/home/maciej.wielgosz/Projects/segm/DL_model_version/dataset_chm_only_ideas_combined/images/train/ideas__cedar_cypress__plot_Kokonoe_10_annotated.png,/home/maciej.wielgosz/Projects/segm/DL_model_version/dataset_chm_only_ideas_combined/labels/train/ideas__cedar_cypress__plot_Kokonoe_10_annotated.txt,/home/maciej.wielgosz/Projects/segm/DL_model_version/artifacts/ideas_chm_only_0p5m/ideas__cedar_cypress__plot_Kokonoe_10_annotated.tif,,42
ideas__cedar_cypress__plot_Kokonoe_11_annotated,ideas_als,CEDAR_CYPRESS,dev,train,point_native,/home/maciej.wielgosz/Projects/segm/ideas_als/CEDAR_CYPRESS/plot_Kokonoe_11_annotated.las,/home/maciej.wielgosz/Projects/segm/DL_model_version/dataset_chm_only_ideas_combined/images/train/ideas__cedar_cypress__plot_Kokonoe_11_annotated.png,/home/maciej.wielgosz/Projects/segm/DL_model_version/dataset_chm_only_ideas_combined/labels/train/ideas__cedar_cypress__plot_Kokonoe_11_annotated.txt,/home/maciej.wielgosz/Projects/segm/DL_model_version/artifacts/ideas_chm_only_0p5m/ideas__cedar_cypress__plot_Kokonoe_11_annotated.tif,,41
ideas__cedar_cypress__plot_Kokonoe_12_annotated,ideas_als,CEDAR_CYPRESS,dev,train,point_native,/home/maciej.wielgosz/Projects/segm/ideas_als/CEDAR_CYPRESS/plot_Kokonoe_12_annotated.las,/home/maciej.wielgosz/Projects/segm/DL_model_version/dataset_chm_only_ideas_combined/images/train/ideas__cedar_cypress__plot_Kokonoe_12_annotated.png,/home/maciej.wielgosz/Projects/segm/DL_model_version/dataset_chm_only_ideas_combined/labels/train/ideas__cedar_cypress__plot_Kokonoe_12_annotated.txt,/home/maciej.wielgosz/Projects/segm/DL_model_version/artifacts/ideas_chm_only_0p5m/ideas__cedar_cypress__plot_Kokonoe_12_annotated.tif,,68
ideas__cedar_cypress__plot_Kokonoe_13_annotated,ideas_als,CEDAR_CYPRESS,dev,train,point_native,/home/maciej.wielgosz/Projects/segm/ideas_als/CEDAR_CYPRESS/plot_Kokonoe_13_annotated.las,/home/maciej.wielgosz/Projects/segm/DL_model_version/dataset_chm_only_ideas_combined/images/train/ideas__cedar_cypress__plot_Kokonoe_13_annotated.png,/home/maciej.wielgosz/Projects/segm/DL_model_version/dataset_chm_only_ideas_combined/labels/train/ideas__cedar_cypress__plot_Kokonoe_13_annotated.txt,/home/maciej.wielgosz/Projects/segm/DL_model_version/artifacts/ideas_chm_only_0p5m/ideas__cedar_cypress__plot_Kokonoe_13_annotated.tif,,36
ideas__cedar_cypress__plot_Kokonoe_14_annotated,ideas_als,CEDAR_CYPRESS,dev,train,point_native,/home/maciej.wielgosz/Projects/segm/ideas_als/CEDAR_CYPRESS/plot_Kokonoe_14_annotated.las,/home/maciej.wielgosz/Projects/segm/DL_model_version/dataset_chm_only_ideas_combined/images/train/ideas__cedar_cypress__plot_Kokonoe_14_annotated.png,/home/maciej.wielgosz/Projects/segm/DL_model_version/dataset_chm_only_ideas_combined/labels/train/ideas__cedar_cypress__plot_Kokonoe_14_annotated.txt,/home/maciej.wielgosz/Projects/segm/DL_model_version/artifacts/ideas_chm_only_0p5m/ideas__cedar_cypress__plot_Kokonoe_14_annotated.tif,,48
ideas__cedar_cypress__plot_Kokonoe_15_annotated,ideas_als,CEDAR_CYPRESS,dev,train,point_native,/home/maciej.wielgosz/Projects/segm/ideas_als/CEDAR_CYPRESS/plot_Kokonoe_15_annotated.las,/home/maciej.wielgosz/Projects/segm/DL_model_version/dataset_chm_only_ideas_combined/images/train/ideas__cedar_cypress__plot_Kokonoe_15_annotated.png,/home/maciej.wielgosz/Projects/segm/DL_model_version/dataset_chm_only_ideas_combined/labels/train/ideas__cedar_cypress__plot_Kokonoe_15_annotated.txt,/home/maciej.wielgosz/Projects/segm/DL_model_version/artifacts/ideas_chm_only_0p5m/ideas__cedar_cypress__plot_Kokonoe_15_annotated.tif,,38
ideas__cedar_cypress__plot_Kokonoe_16_annotated,ideas_als,CEDAR_CYPRESS,dev,train,point_native,/home/maciej.wielgosz/Projects/segm/ideas_als/CEDAR_CYPRESS/plot_Kokonoe_16_annotated.las,/home/maciej.wielgosz/Projects/segm/DL_model_version/dataset_chm_only_ideas_combined/images/train/ideas__cedar_cypress__plot_Kokonoe_16_annotated.png,/home/maciej.wielgosz/Projects/segm/DL_model_version/dataset_chm_only_ideas_combined/labels/train/ideas__cedar_cypress__plot_Kokonoe_16_annotated.txt,/home/maciej.wielgosz/Projects/segm/DL_model_version/artifacts/ideas_chm_only_0p5m/ideas__cedar_cypress__plot_Kokonoe_16_annotated.tif,,40
ideas__cedar_cypress__plot_Kokonoe_17_annotated,ideas_als,CEDAR_CYPRESS,dev,train,point_native,/home/maciej.wielgosz/Projects/segm/ideas_als/CEDAR_CYPRESS/plot_Kokonoe_17_annotated.las,/home/maciej.wielgosz/Projects/segm/DL_model_version/dataset_chm_only_ideas_combined/images/train/ideas__cedar_cypress__plot_Kokonoe_17_annotated.png,/home/maciej.wielgosz/Projects/segm/DL_model_version/dataset_chm_only_ideas_combined/labels/train/ideas__cedar_cypress__plot_Kokonoe_17_annotated.txt,/home/maciej.wielgosz/Projects/segm/DL_model_version/artifacts/ideas_chm_only_0p5m/ideas__cedar_cypress__plot_Kokonoe_17_annotated.tif,,56
ideas__cedar_cypress__plot_Kokonoe_18_annotated,ideas_als,CEDAR_CYPRESS,dev,train,point_native,/home/maciej.wielgosz/Projects/segm/ideas_als/CEDAR_CYPRESS/plot_Kokonoe_18_annotated.las,/home/maciej.wielgosz/Projects/segm/DL_model_version/dataset_chm_only_ideas_combined/images/train/ideas__cedar_cypress__plot_Kokonoe_18_annotated.png,/home/maciej.wielgosz/Projects/segm/DL_model_version/dataset_chm_only_ideas_combined/labels/train/ideas__cedar_cypress__plot_Kokonoe_18_annotated.txt,/home/maciej.wielgosz/Projects/segm/DL_model_version/artifacts/ideas_chm_only_0p5m/ideas__cedar_cypress__plot_Kokonoe_18_annotated.tif,,73
ideas__cedar_cypress__plot_Kokonoe_1_annotated,ideas_als,CEDAR_CYPRESS,dev,train,point_native,/home/maciej.wielgosz/Projects/segm/ideas_als/CEDAR_CYPRESS/plot_Kokonoe_1_annotated.las,/home/maciej.wielgosz/Projects/segm/DL_model_version/dataset_chm_only_ideas_combined/images/train/ideas__cedar_cypress__plot_Kokonoe_1_annotated.png,/home/maciej.wielgosz/Projects/segm/DL_model_version/dataset_chm_only_ideas_combined/labels/train/ideas__cedar_cypress__plot_Kokonoe_1_annotated.txt,/home/maciej.wielgosz/Projects/segm/DL_model_version/artifacts/ideas_chm_only_0p5m/ideas__cedar_cypress__plot_Kokonoe_1_annotated.tif,,28
ideas__cedar_cypress__plot_Kokonoe_2_annotated,ideas_als,CEDAR_CYPRESS,dev,train,point_native,/home/maciej.wielgosz/Projects/segm/ideas_als/CEDAR_CYPRESS/plot_Kokonoe_2_annotated.las,/home/maciej.wielgosz/Projects/segm/DL_model_version/dataset_chm_only_ideas_combined/images/train/ideas__cedar_cypress__plot_Kokonoe_2_annotated.png,/home/maciej.wielgosz/Projects/segm/DL_model_version/dataset_chm_only_ideas_combined/labels/train/ideas__cedar_cypress__plot_Kokonoe_2_annotated.txt,/home/maciej.wielgosz/Projects/segm/DL_model_version/artifacts/ideas_chm_only_0p5m/ideas__cedar_cypress__plot_Kokonoe_2_annotated.tif,,41
ideas__cedar_cypress__plot_Kokonoe_3_annotated,ideas_als,CEDAR_CYPRESS,dev,train,point_native,/home/maciej.wielgosz/Projects/segm/ideas_als/CEDAR_CYPRESS/plot_Kokonoe_3_annotated.las,/home/maciej.wielgosz/Projects/segm/DL_model_version/dataset_chm_only_ideas_combined/images/train/ideas__cedar_cypress__plot_Kokonoe_3_annotated.png,/home/maciej.wielgosz/Projects/segm/DL_model_version/dataset_chm_only_ideas_combined/labels/train/ideas__cedar_cypress__plot_Kokonoe_3_annotated.txt,/home/maciej.wielgosz/Projects/segm/DL_model_version/artifacts/ideas_chm_only_0p5m/ideas__cedar_cypress__plot_Kokonoe_3_annotated.tif,,43
ideas__cedar_cypress__plot_Kokonoe_4_annotated,ideas_als,CEDAR_CYPRESS,dev,train,point_native,/home/maciej.wielgosz/Projects/segm/ideas_als/CEDAR_CYPRESS/plot_Kokonoe_4_annotated.las,/home/maciej.wielgosz/Projects/segm/DL_model_version/dataset_chm_only_ideas_combined/images/train/ideas__cedar_cypress__plot_Kokonoe_4_annotated.png,/home/maciej.wielgosz/Projects/segm/DL_model_version/dataset_chm_only_ideas_combined/labels/train/ideas__cedar_cypress__plot_Kokonoe_4_annotated.txt,/home/maciej.wielgosz/Projects/segm/DL_model_version/artifacts/ideas_chm_only_0p5m/ideas__cedar_cypress__plot_Kokonoe_4_annotated.tif,,70
ideas__cedar_cypress__plot_Kokonoe_5_annotated,ideas_als,CEDAR_CYPRESS,dev,train,point_native,/home/maciej.wielgosz/Projects/segm/ideas_als/CEDAR_CYPRESS/plot_Kokonoe_5_annotated.las,/home/maciej.wielgosz/Projects/segm/DL_model_version/dataset_chm_only_ideas_combined/images/train/ideas__cedar_cypress__plot_Kokonoe_5_annotated.png,/home/maciej.wielgosz/Projects/segm/DL_model_version/dataset_chm_only_ideas_combined/labels/train/ideas__cedar_cypress__plot_Kokonoe_5_annotated.txt,/home/maciej.wielgosz/Projects/segm/DL_model_version/artifacts/ideas_chm_only_0p5m/ideas__cedar_cypress__plot_Kokonoe_5_annotated.tif,,36
ideas__cedar_cypress__plot_Kokonoe_6_annotated,ideas_als,CEDAR_CYPRESS,dev,train,point_native,/home/maciej.wielgosz/Projects/segm/ideas_als/CEDAR_CYPRESS/plot_Kokonoe_6_annotated.las,/home/maciej.wielgosz/Projects/segm/DL_model_version/dataset_chm_only_ideas_combined/images/train/ideas__cedar_cypress__plot_Kokonoe_6_annotated.png,/home/maciej.wielgosz/Projects/segm/DL_model_version/dataset_chm_only_ideas_combined/labels/train/ideas__cedar_cypress__plot_Kokonoe_6_annotated.txt,/home/maciej.wielgosz/Projects/segm/DL_model_version/artifacts/ideas_chm_only_0p5m/ideas__cedar_cypress__plot_Kokonoe_6_annotated.tif,,29
ideas__cedar_cypress__plot_Kokonoe_7_annotated,ideas_als,CEDAR_CYPRESS,dev,train,point_native,/home/maciej.wielgosz/Projects/segm/ideas_als/CEDAR_CYPRESS/plot_Kokonoe_7_annotated.las,/home/maciej.wielgosz/Projects/segm/DL_model_version/dataset_chm_only_ideas_combined/images/train/ideas__cedar_cypress__plot_Kokonoe_7_annotated.png,/home/maciej.wielgosz/Projects/segm/DL_model_version/dataset_chm_only_ideas_combined/labels/train/ideas__cedar_cypress__plot_Kokonoe_7_annotated.txt,/home/maciej.wielgosz/Projects/segm/DL_model_version/artifacts/ideas_chm_only_0p5m/ideas__cedar_cypress__plot_Kokonoe_7_annotated.tif,,33
ideas__cedar_cypress__plot_Kokonoe_8_annotated,ideas_als,CEDAR_CYPRESS,dev,train,point_native,/home/maciej.wielgosz/Projects/segm/ideas_als/CEDAR_CYPRESS/plot_Kokonoe_8_annotated.las,/home/maciej.wielgosz/Projects/segm/DL_model_version/dataset_chm_only_ideas_combined/images/train/ideas__cedar_cypress__plot_Kokonoe_8_annotated.png,/home/maciej.wielgosz/Projects/segm/DL_model_version/dataset_chm_only_ideas_combined/labels/train/ideas__cedar_cypress__plot_Kokonoe_8_annotated.txt,/home/maciej.wielgosz/Projects/segm/DL_model_version/artifacts/ideas_chm_only_0p5m/ideas__cedar_cypress__plot_Kokonoe_8_annotated.tif,,34
ideas__cedar_cypress__plot_Kokonoe_9_annotated,ideas_als,CEDAR_CYPRESS,dev,train,point_native,/home/maciej.wielgosz/Projects/segm/ideas_als/CEDAR_CYPRESS/plot_Kokonoe_9_annotated.las,/home/maciej.wielgosz/Projects/segm/DL_model_version/dataset_chm_only_ideas_combined/images/train/ideas__cedar_cypress__plot_Kokonoe_9_annotated.png,/home/maciej.wielgosz/Projects/segm/DL_model_version/dataset_chm_only_ideas_combined/labels/train/ideas__cedar_cypress__plot_Kokonoe_9_annotated.txt,/home/maciej.wielgosz/Projects/segm/DL_model_version/artifacts/ideas_chm_only_0p5m/ideas__cedar_cypress__plot_Kokonoe_9_annotated.tif,,50
ideas__cedar_cypress__plot_Saiki_10_annotated,ideas_als,CEDAR_CYPRESS,dev,train,point_native,/home/maciej.wielgosz/Projects/segm/ideas_als/CEDAR_CYPRESS/plot_Saiki_10_annotated.las,/home/maciej.wielgosz/Projects/segm/DL_model_version/dataset_chm_only_ideas_combined/images/train/ideas__cedar_cypress__plot_Saiki_10_annotated.png,/home/maciej.wielgosz/Projects/segm/DL_model_version/dataset_chm_only_ideas_combined/labels/train/ideas__cedar_cypress__plot_Saiki_10_annotated.txt,/home/maciej.wielgosz/Projects/segm/DL_model_version/artifacts/ideas_chm_only_0p5m/ideas__cedar_cypress__plot_Saiki_10_annotated.tif,,34
ideas__cedar_cypress__plot_Saiki_11_annotated,ideas_als,CEDAR_CYPRESS,dev,train,point_native,/home/maciej.wielgosz/Projects/segm/ideas_als/CEDAR_CYPRESS/plot_Saiki_11_annotated.las,/home/maciej.wielgosz/Projects/segm/DL_model_version/dataset_chm_only_ideas_combined/images/train/ideas__cedar_cypress__plot_Saiki_11_annotated.png,/home/maciej.wielgosz/Projects/segm/DL_model_version/dataset_chm_only_ideas_combined/labels/train/ideas__cedar_cypress__plot_Saiki_11_annotated.txt,/home/maciej.wielgosz/Projects/segm/DL_model_version/artifacts/ideas_chm_only_0p5m/ideas__cedar_cypress__plot_Saiki_11_annotated.tif,,53
ideas__cedar_cypress__plot_Saiki_12_annotated,ideas_als,CEDAR_CYPRESS,dev,train,point_native,/home/maciej.wielgosz/Projects/segm/ideas_als/CEDAR_CYPRESS/plot_Saiki_12_annotated.las,/home/maciej.wielgosz/Projects/segm/DL_model_version/dataset_chm_only_ideas_combined/images/train/ideas__cedar_cypress__plot_Saiki_12_annotated.png,/home/maciej.wielgosz/Projects/segm/DL_model_version/dataset_chm_only_ideas_combined/labels/train/ideas__cedar_cypress__plot_Saiki_12_annotated.txt,/home/maciej.wielgosz/Projects/segm/DL_model_version/artifacts/ideas_chm_only_0p5m/ideas__cedar_cypress__plot_Saiki_12_annotated.tif,,111
ideas__cedar_cypress__plot_Saiki_13_annotated,ideas_als,CEDAR_CYPRESS,dev,train,point_native,/home/maciej.wielgosz/Projects/segm/ideas_als/CEDAR_CYPRESS/plot_Saiki_13_annotated.las,/home/maciej.wielgosz/Projects/segm/DL_model_version/dataset_chm_only_ideas_combined/images/train/ideas__cedar_cypress__plot_Saiki_13_annotated.png,/home/maciej.wielgosz/Projects/segm/DL_model_version/dataset_chm_only_ideas_combined/labels/train/ideas__cedar_cypress__plot_Saiki_13_annotated.txt,/home/maciej.wielgosz/Projects/segm/DL_model_version/artifacts/ideas_chm_only_0p5m/ideas__cedar_cypress__plot_Saiki_13_annotated.tif,,65
ideas__cedar_cypress__plot_Saiki_14_annotated,ideas_als,CEDAR_CYPRESS,dev,train,point_native,/home/maciej.wielgosz/Projects/segm/ideas_als/CEDAR_CYPRESS/plot_Saiki_14_annotated.las,/home/maciej.wielgosz/Projects/segm/DL_model_version/dataset_chm_only_ideas_combined/images/train/ideas__cedar_cypress__plot_Saiki_14_annotated.png,/home/maciej.wielgosz/Projects/segm/DL_model_version/dataset_chm_only_ideas_combined/labels/train/ideas__cedar_cypress__plot_Saiki_14_annotated.txt,/home/maciej.wielgosz/Projects/segm/DL_model_version/artifacts/ideas_chm_only_0p5m/ideas__cedar_cypress__plot_Saiki_14_annotated.tif,,72
ideas__cedar_cypress__plot_Saiki_15_annotated,ideas_als,CEDAR_CYPRESS,dev,train,point_native,/home/maciej.wielgosz/Projects/segm/ideas_als/CEDAR_CYPRESS/plot_Saiki_15_annotated.las,/home/maciej.wielgosz/Projects/segm/DL_model_version/dataset_chm_only_ideas_combined/images/train/ideas__cedar_cypress__plot_Saiki_15_annotated.png,/home/maciej.wielgosz/Projects/segm/DL_model_version/dataset_chm_only_ideas_combined/labels/train/ideas__cedar_cypress__plot_Saiki_15_annotated.txt,/home/maciej.wielgosz/Projects/segm/DL_model_version/artifacts/ideas_chm_only_0p5m/ideas__cedar_cypress__plot_Saiki_15_annotated.tif,,55
ideas__cedar_cypress__plot_Saiki_16_annotated,ideas_als,CEDAR_CYPRESS,dev,train,point_native,/home/maciej.wielgosz/Projects/segm/ideas_als/CEDAR_CYPRESS/plot_Saiki_16_annotated.las,/home/maciej.wielgosz/Projects/segm/DL_model_version/dataset_chm_only_ideas_combined/images/train/ideas__cedar_cypress__plot_Saiki_16_annotated.png,/home/maciej.wielgosz/Projects/segm/DL_model_version/dataset_chm_only_ideas_combined/labels/train/ideas__cedar_cypress__plot_Saiki_16_annotated.txt,/home/maciej.wielgosz/Projects/segm/DL_model_version/artifacts/ideas_chm_only_0p5m/ideas__cedar_cypress__plot_Saiki_16_annotated.tif,,44
ideas__cedar_cypress__plot_Saiki_1_annotated,ideas_als,CEDAR_CYPRESS,dev,train,point_native,/home/maciej.wielgosz/Projects/segm/ideas_als/CEDAR_CYPRESS/plot_Saiki_1_annotated.las,/home/maciej.wielgosz/Projects/segm/DL_model_version/dataset_chm_only_ideas_combined/images/train/ideas__cedar_cypress__plot_Saiki_1_annotated.png,/home/maciej.wielgosz/Projects/segm/DL_model_version/dataset_chm_only_ideas_combined/labels/train/ideas__cedar_cypress__plot_Saiki_1_annotated.txt,/home/maciej.wielgosz/Projects/segm/DL_model_version/artifacts/ideas_chm_only_0p5m/ideas__cedar_cypress__plot_Saiki_1_annotated.tif,,22
ideas__cedar_cypress__plot_Saiki_2_annotated,ideas_als,CEDAR_CYPRESS,dev,train,point_native,/home/maciej.wielgosz/Projects/segm/ideas_als/CEDAR_CYPRESS/plot_Saiki_2_annotated.las,/home/maciej.wielgosz/Projects/segm/DL_model_version/dataset_chm_only_ideas_combined/images/train/ideas__cedar_cypress__plot_Saiki_2_annotated.png,/home/maciej.wielgosz/Projects/segm/DL_model_version/dataset_chm_only_ideas_combined/labels/train/ideas__cedar_cypress__plot_Saiki_2_annotated.txt,/home/maciej.wielgosz/Projects/segm/DL_model_version/artifacts/ideas_chm_only_0p5m/ideas__cedar_cypress__plot_Saiki_2_annotated.tif,,19
ideas__cedar_cypress__plot_Saiki_3_annotated,ideas_als,CEDAR_CYPRESS,dev,train,point_native,/home/maciej.wielgosz/Projects/segm/ideas_als/CEDAR_CYPRESS/plot_Saiki_3_annotated.las,/home/maciej.wielgosz/Projects/segm/DL_model_version/dataset_chm_only_ideas_combined/images/train/ideas__cedar_cypress__plot_Saiki_3_annotated.png,/home/maciej.wielgosz/Projects/segm/DL_model_version/dataset_chm_only_ideas_combined/labels/train/ideas__cedar_cypress__plot_Saiki_3_annotated.txt,/home/maciej.wielgosz/Projects/segm/DL_model_version/artifacts/ideas_chm_only_0p5m/ideas__cedar_cypress__plot_Saiki_3_annotated.tif,,64
ideas__cedar_cypress__plot_Saiki_4_annotated,ideas_als,CEDAR_CYPRESS,dev,train,point_native,/home/maciej.wielgosz/Projects/segm/ideas_als/CEDAR_CYPRESS/plot_Saiki_4_annotated.las,/home/maciej.wielgosz/Projects/segm/DL_model_version/dataset_chm_only_ideas_combined/images/train/ideas__cedar_cypress__plot_Saiki_4_annotated.png,/home/maciej.wielgosz/Projects/segm/DL_model_version/dataset_chm_only_ideas_combined/labels/train/ideas__cedar_cypress__plot_Saiki_4_annotated.txt,/home/maciej.wielgosz/Projects/segm/DL_model_version/artifacts/ideas_chm_only_0p5m/ideas__cedar_cypress__plot_Saiki_4_annotated.tif,,55
ideas__cedar_cypress__plot_Saiki_5_annotated,ideas_als,CEDAR_CYPRESS,dev,train,point_native,/home/maciej.wielgosz/Projects/segm/ideas_als/CEDAR_CYPRESS/plot_Saiki_5_annotated.las,/home/maciej.wielgosz/Projects/segm/DL_model_version/dataset_chm_only_ideas_combined/images/train/ideas__cedar_cypress__plot_Saiki_5_annotated.png,/home/maciej.wielgosz/Projects/segm/DL_model_version/dataset_chm_only_ideas_combined/labels/train/ideas__cedar_cypress__plot_Saiki_5_annotated.txt,/home/maciej.wielgosz/Projects/segm/DL_model_version/artifacts/ideas_chm_only_0p5m/ideas__cedar_cypress__plot_Saiki_5_annotated.tif,,42
ideas__cedar_cypress__plot_Saiki_6_annotated,ideas_als,CEDAR_CYPRESS,dev,train,point_native,/home/maciej.wielgosz/Projects/segm/ideas_als/CEDAR_CYPRESS/plot_Saiki_6_annotated.las,/home/maciej.wielgosz/Projects/segm/DL_model_version/dataset_chm_only_ideas_combined/images/train/ideas__cedar_cypress__plot_Saiki_6_annotated.png,/home/maciej.wielgosz/Projects/segm/DL_model_version/dataset_chm_only_ideas_combined/labels/train/ideas__cedar_cypress__plot_Saiki_6_annotated.txt,/home/maciej.wielgosz/Projects/segm/DL_model_version/artifacts/ideas_chm_only_0p5m/ideas__cedar_cypress__plot_Saiki_6_annotated.tif,,85
ideas__cedar_cypress__plot_Saiki_7_annotated,ideas_als,CEDAR_CYPRESS,dev,train,point_native,/home/maciej.wielgosz/Projects/segm/ideas_als/CEDAR_CYPRESS/plot_Saiki_7_annotated.las,/home/maciej.wielgosz/Projects/segm/DL_model_version/dataset_chm_only_ideas_combined/images/train/ideas__cedar_cypress__plot_Saiki_7_annotated.png,/home/maciej.wielgosz/Projects/segm/DL_model_version/dataset_chm_only_ideas_combined/labels/train/ideas__cedar_cypress__plot_Saiki_7_annotated.txt,/home/maciej.wielgosz/Projects/segm/DL_model_version/artifacts/ideas_chm_only_0p5m/ideas__cedar_cypress__plot_Saiki_7_annotated.tif,,26
ideas__cedar_cypress__plot_Saiki_8_annotated,ideas_als,CEDAR_CYPRESS,dev,train,point_native,/home/maciej.wielgosz/Projects/segm/ideas_als/CEDAR_CYPRESS/plot_Saiki_8_annotated.las,/home/maciej.wielgosz/Projects/segm/DL_model_version/dataset_chm_only_ideas_combined/images/train/ideas__cedar_cypress__plot_Saiki_8_annotated.png,/home/maciej.wielgosz/Projects/segm/DL_model_version/dataset_chm_only_ideas_combined/labels/train/ideas__cedar_cypress__plot_Saiki_8_annotated.txt,/home/maciej.wielgosz/Projects/segm/DL_model_version/artifacts/ideas_chm_only_0p5m/ideas__cedar_cypress__plot_Saiki_8_annotated.tif,,46
ideas__cedar_cypress__plot_Saiki_9_annotated,ideas_als,CEDAR_CYPRESS,dev,train,point_native,/home/maciej.wielgosz/Projects/segm/ideas_als/CEDAR_CYPRESS/plot_Saiki_9_annotated.las,/home/maciej.wielgosz/Projects/segm/DL_model_version/dataset_chm_only_ideas_combined/images/train/ideas__cedar_cypress__plot_Saiki_9_annotated.png,/home/maciej.wielgosz/Projects/segm/DL_model_version/dataset_chm_only_ideas_combined/labels/train/ideas__cedar_cypress__plot_Saiki_9_annotated.txt,/home/maciej.wielgosz/Projects/segm/DL_model_version/artifacts/ideas_chm_only_0p5m/ideas__cedar_cypress__plot_Saiki_9_annotated.tif,,34
ideas__ecodse__plot_OSBS_001_annotated,ideas_als,ECODSE,dev,train,crown_overlay,/home/maciej.wielgosz/Projects/segm/ideas_als/ECODSE/plot_OSBS_001_annotated.las,/home/maciej.wielgosz/Projects/segm/DL_model_version/dataset_chm_only_ideas_combined/images/train/ideas__ecodse__plot_OSBS_001_annotated.png,/home/maciej.wielgosz/Projects/segm/DL_model_version/dataset_chm_only_ideas_combined/labels/train/ideas__ecodse__plot_OSBS_001_annotated.txt,/home/maciej.wielgosz/Projects/segm/DL_model_version/artifacts/ideas_chm_only_0p5m/ideas__ecodse__plot_OSBS_001_annotated.tif,,9
ideas__ecodse__plot_OSBS_003_annotated,ideas_als,ECODSE,dev,train,crown_overlay,/home/maciej.wielgosz/Projects/segm/ideas_als/ECODSE/plot_OSBS_003_annotated.las,/home/maciej.wielgosz/Projects/segm/DL_model_version/dataset_chm_only_ideas_combined/images/train/ideas__ecodse__plot_OSBS_003_annotated.png,/home/maciej.wielgosz/Projects/segm/DL_model_version/dataset_chm_only_ideas_combined/labels/train/ideas__ecodse__plot_OSBS_003_annotated.txt,/home/maciej.wielgosz/Projects/segm/DL_model_version/artifacts/ideas_chm_only_0p5m/ideas__ecodse__plot_OSBS_003_annotated.tif,,7
ideas__ecodse__plot_OSBS_006_annotated,ideas_als,ECODSE,dev,train,crown_overlay,/home/maciej.wielgosz/Projects/segm/ideas_als/ECODSE/plot_OSBS_006_annotated.las,/home/maciej.wielgosz/Projects/segm/DL_model_version/dataset_chm_only_ideas_combined/images/train/ideas__ecodse__plot_OSBS_006_annotated.png,/home/maciej.wielgosz/Projects/segm/DL_model_version/dataset_chm_only_ideas_combined/labels/train/ideas__ecodse__plot_OSBS_006_annotated.txt,/home/maciej.wielgosz/Projects/segm/DL_model_version/artifacts/ideas_chm_only_0p5m/ideas__ecodse__plot_OSBS_006_annotated.tif,,15
ideas__ecodse__plot_OSBS_007_annotated,ideas_als,ECODSE,dev,train,crown_overlay,/home/maciej.wielgosz/Projects/segm/ideas_als/ECODSE/plot_OSBS_007_annotated.las,/home/maciej.wielgosz/Projects/segm/DL_model_version/dataset_chm_only_ideas_combined/images/train/ideas__ecodse__plot_OSBS_007_annotated.png,/home/maciej.wielgosz/Projects/segm/DL_model_version/dataset_chm_only_ideas_combined/labels/train/ideas__ecodse__plot_OSBS_007_annotated.txt,/home/maciej.wielgosz/Projects/segm/DL_model_version/artifacts/ideas_chm_only_0p5m/ideas__ecodse__plot_OSBS_007_annotated.tif,,7
ideas__ecodse__plot_OSBS_008_annotated,ideas_als,ECODSE,dev,train,crown_overlay,/home/maciej.wielgosz/Projects/segm/ideas_als/ECODSE/plot_OSBS_008_annotated.las,/home/maciej.wielgosz/Projects/segm/DL_model_version/dataset_chm_only_ideas_combined/images/train/ideas__ecodse__plot_OSBS_008_annotated.png,/home/maciej.wielgosz/Projects/segm/DL_model_version/dataset_chm_only_ideas_combined/labels/train/ideas__ecodse__plot_OSBS_008_annotated.txt,/home/maciej.wielgosz/Projects/segm/DL_model_version/artifacts/ideas_chm_only_0p5m/ideas__ecodse__plot_OSBS_008_annotated.tif,,14
ideas__ecodse__plot_OSBS_009_annotated,ideas_als,ECODSE,dev,train,crown_overlay,/home/maciej.wielgosz/Projects/segm/ideas_als/ECODSE/plot_OSBS_009_annotated.las,/home/maciej.wielgosz/Projects/segm/DL_model_version/dataset_chm_only_ideas_combined/images/train/ideas__ecodse__plot_OSBS_009_annotated.png,/home/maciej.wielgosz/Projects/segm/DL_model_version/dataset_chm_only_ideas_combined/labels/train/ideas__ecodse__plot_OSBS_009_annotated.txt,/home/maciej.wielgosz/Projects/segm/DL_model_version/artifacts/ideas_chm_only_0p5m/ideas__ecodse__plot_OSBS_009_annotated.tif,,1
ideas__ecodse__plot_OSBS_010_annotated,ideas_als,ECODSE,dev,train,crown_overlay,/home/maciej.wielgosz/Projects/segm/ideas_als/ECODSE/plot_OSBS_010_annotated.las,/home/maciej.wielgosz/Projects/segm/DL_model_version/dataset_chm_only_ideas_combined/images/train/ideas__ecodse__plot_OSBS_010_annotated.png,/home/maciej.wielgosz/Projects/segm/DL_model_version/dataset_chm_only_ideas_combined/labels/train/ideas__ecodse__plot_OSBS_010_annotated.txt,/home/maciej.wielgosz/Projects/segm/DL_model_version/artifacts/ideas_chm_only_0p5m/ideas__ecodse__plot_OSBS_010_annotated.tif,,7
ideas__ecodse__plot_OSBS_011_annotated,ideas_als,ECODSE,dev,train,crown_overlay,/home/maciej.wielgosz/Projects/segm/ideas_als/ECODSE/plot_OSBS_011_annotated.las,/home/maciej.wielgosz/Projects/segm/DL_model_version/dataset_chm_only_ideas_combined/images/train/ideas__ecodse__plot_OSBS_011_annotated.png,/home/maciej.wielgosz/Projects/segm/DL_model_version/dataset_chm_only_ideas_combined/labels/train/ideas__ecodse__plot_OSBS_011_annotated.txt,/home/maciej.wielgosz/Projects/segm/DL_model_version/artifacts/ideas_chm_only_0p5m/ideas__ecodse__plot_OSBS_011_annotated.tif,,8
ideas__ecodse__plot_OSBS_014_annotated,ideas_als,ECODSE,dev,train,crown_overlay,/home/maciej.wielgosz/Projects/segm/ideas_als/ECODSE/plot_OSBS_014_annotated.las,/home/maciej.wielgosz/Projects/segm/DL_model_version/dataset_chm_only_ideas_combined/images/train/ideas__ecodse__plot_OSBS_014_annotated.png,/home/maciej.wielgosz/Projects/segm/DL_model_version/dataset_chm_only_ideas_combined/labels/train/ideas__ecodse__plot_OSBS_014_annotated.txt,/home/maciej.wielgosz/Projects/segm/DL_model_version/artifacts/ideas_chm_only_0p5m/ideas__ecodse__plot_OSBS_014_annotated.tif,,9
ideas__ecodse__plot_OSBS_015_annotated,ideas_als,ECODSE,dev,train,crown_overlay,/home/maciej.wielgosz/Projects/segm/ideas_als/ECODSE/plot_OSBS_015_annotated.las,/home/maciej.wielgosz/Projects/segm/DL_model_version/dataset_chm_only_ideas_combined/images/train/ideas__ecodse__plot_OSBS_015_annotated.png,/home/maciej.wielgosz/Projects/segm/DL_model_version/dataset_chm_only_ideas_combined/labels/train/ideas__ecodse__plot_OSBS_015_annotated.txt,/home/maciej.wielgosz/Projects/segm/DL_model_version/artifacts/ideas_chm_only_0p5m/ideas__ecodse__plot_OSBS_015_annotated.tif,,6
ideas__ecodse__plot_OSBS_016_annotated,ideas_als,ECODSE,dev,train,crown_overlay,/home/maciej.wielgosz/Projects/segm/ideas_als/ECODSE/plot_OSBS_016_annotated.las,/home/maciej.wielgosz/Projects/segm/DL_model_version/dataset_chm_only_ideas_combined/images/train/ideas__ecodse__plot_OSBS_016_annotated.png,/home/maciej.wielgosz/Projects/segm/DL_model_version/dataset_chm_only_ideas_combined/labels/train/ideas__ecodse__plot_OSBS_016_annotated.txt,/home/maciej.wielgosz/Projects/segm/DL_model_version/artifacts/ideas_chm_only_0p5m/ideas__ecodse__plot_OSBS_016_annotated.tif,,17
ideas__ecodse__plot_OSBS_017_annotated,ideas_als,ECODSE,dev,train,crown_overlay,/home/maciej.wielgosz/Projects/segm/ideas_als/ECODSE/plot_OSBS_017_annotated.las,/home/maciej.wielgosz/Projects/segm/DL_model_version/dataset_chm_only_ideas_combined/images/train/ideas__ecodse__plot_OSBS_017_annotated.png,/home/maciej.wielgosz/Projects/segm/DL_model_version/dataset_chm_only_ideas_combined/labels/train/ideas__ecodse__plot_OSBS_017_annotated.txt,/home/maciej.wielgosz/Projects/segm/DL_model_version/artifacts/ideas_chm_only_0p5m/ideas__ecodse__plot_OSBS_017_annotated.tif,,17
ideas__ecodse__plot_OSBS_018_annotated,ideas_als,ECODSE,dev,train,crown_overlay,/home/maciej.wielgosz/Projects/segm/ideas_als/ECODSE/plot_OSBS_018_annotated.las,/home/maciej.wielgosz/Projects/segm/DL_model_version/dataset_chm_only_ideas_combined/images/train/ideas__ecodse__plot_OSBS_018_annotated.png,/home/maciej.wielgosz/Projects/segm/DL_model_version/dataset_chm_only_ideas_combined/labels/train/ideas__ecodse__plot_OSBS_018_annotated.txt,/home/maciej.wielgosz/Projects/segm/DL_model_version/artifacts/ideas_chm_only_0p5m/ideas__ecodse__plot_OSBS_018_annotated.tif,,2
ideas__ecodse__plot_OSBS_019_annotated,ideas_als,ECODSE,dev,train,crown_overlay,/home/maciej.wielgosz/Projects/segm/ideas_als/ECODSE/plot_OSBS_019_annotated.las,/home/maciej.wielgosz/Projects/segm/DL_model_version/dataset_chm_only_ideas_combined/images/train/ideas__ecodse__plot_OSBS_019_annotated.png,/home/maciej.wielgosz/Projects/segm/DL_model_version/dataset_chm_only_ideas_combined/labels/train/ideas__ecodse__plot_OSBS_019_annotated.txt,/home/maciej.wielgosz/Projects/segm/DL_model_version/artifacts/ideas_chm_only_0p5m/ideas__ecodse__plot_OSBS_019_annotated.tif,,4
ideas__ecodse__plot_OSBS_025_annotated,ideas_als,ECODSE,dev,train,crown_overlay,/home/maciej.wielgosz/Projects/segm/ideas_als/ECODSE/plot_OSBS_025_annotated.las,/home/maciej.wielgosz/Projects/segm/DL_model_version/dataset_chm_only_ideas_combined/images/train/ideas__ecodse__plot_OSBS_025_annotated.png,/home/maciej.wielgosz/Projects/segm/DL_model_version/dataset_chm_only_ideas_combined/labels/train/ideas__ecodse__plot_OSBS_025_annotated.txt,/home/maciej.wielgosz/Projects/segm/DL_model_version/artifacts/ideas_chm_only_0p5m/ideas__ecodse__plot_OSBS_025_annotated.tif,,20
ideas__ecodse__plot_OSBS_026_annotated,ideas_als,ECODSE,dev,train,crown_overlay,/home/maciej.wielgosz/Projects/segm/ideas_als/ECODSE/plot_OSBS_026_annotated.las,/home/maciej.wielgosz/Projects/segm/DL_model_version/dataset_chm_only_ideas_combined/images/train/ideas__ecodse__plot_OSBS_026_annotated.png,/home/maciej.wielgosz/Projects/segm/DL_model_version/dataset_chm_only_ideas_combined/labels/train/ideas__ecodse__plot_OSBS_026_annotated.txt,/home/maciej.wielgosz/Projects/segm/DL_model_version/artifacts/ideas_chm_only_0p5m/ideas__ecodse__plot_OSBS_026_annotated.tif,,24
ideas__ecodse__plot_OSBS_029_annotated,ideas_als,ECODSE,dev,train,crown_overlay,/home/maciej.wielgosz/Projects/segm/ideas_als/ECODSE/plot_OSBS_029_annotated.las,/home/maciej.wielgosz/Projects/segm/DL_model_version/dataset_chm_only_ideas_combined/images/train/ideas__ecodse__plot_OSBS_029_annotated.png,/home/maciej.wielgosz/Projects/segm/DL_model_version/dataset_chm_only_ideas_combined/labels/train/ideas__ecodse__plot_OSBS_029_annotated.txt,/home/maciej.wielgosz/Projects/segm/DL_model_version/artifacts/ideas_chm_only_0p5m/ideas__ecodse__plot_OSBS_029_annotated.tif,,23
ideas__ecodse__plot_OSBS_030_annotated,ideas_als,ECODSE,dev,train,crown_overlay,/home/maciej.wielgosz/Projects/segm/ideas_als/ECODSE/plot_OSBS_030_annotated.las,/home/maciej.wielgosz/Projects/segm/DL_model_version/dataset_chm_only_ideas_combined/images/train/ideas__ecodse__plot_OSBS_030_annotated.png,/home/maciej.wielgosz/Projects/segm/DL_model_version/dataset_chm_only_ideas_combined/labels/train/ideas__ecodse__plot_OSBS_030_annotated.txt,/home/maciej.wielgosz/Projects/segm/DL_model_version/artifacts/ideas_chm_only_0p5m/ideas__ecodse__plot_OSBS_030_annotated.tif,,12
ideas__ecodse__plot_OSBS_032_annotated,ideas_als,ECODSE,dev,train,crown_overlay,/home/maciej.wielgosz/Projects/segm/ideas_als/ECODSE/plot_OSBS_032_annotated.las,/home/maciej.wielgosz/Projects/segm/DL_model_version/dataset_chm_only_ideas_combined/images/train/ideas__ecodse__plot_OSBS_032_annotated.png,/home/maciej.wielgosz/Projects/segm/DL_model_version/dataset_chm_only_ideas_combined/labels/train/ideas__ecodse__plot_OSBS_032_annotated.txt,/home/maciej.wielgosz/Projects/segm/DL_model_version/artifacts/ideas_chm_only_0p5m/ideas__ecodse__plot_OSBS_032_annotated.tif,,37
ideas__ecodse__plot_OSBS_033_annotated,ideas_als,ECODSE,dev,train,crown_overlay,/home/maciej.wielgosz/Projects/segm/ideas_als/ECODSE/plot_OSBS_033_annotated.las,/home/maciej.wielgosz/Projects/segm/DL_model_version/dataset_chm_only_ideas_combined/images/train/ideas__ecodse__plot_OSBS_033_annotated.png,/home/maciej.wielgosz/Projects/segm/DL_model_version/dataset_chm_only_ideas_combined/labels/train/ideas__ecodse__plot_OSBS_033_annotated.txt,/home/maciej.wielgosz/Projects/segm/DL_model_version/artifacts/ideas_chm_only_0p5m/ideas__ecodse__plot_OSBS_033_annotated.tif,,60
ideas__ecodse__plot_OSBS_034_annotated,ideas_als,ECODSE,dev,train,crown_overlay,/home/maciej.wielgosz/Projects/segm/ideas_als/ECODSE/plot_OSBS_034_annotated.las,/home/maciej.wielgosz/Projects/segm/DL_model_version/dataset_chm_only_ideas_combined/images/train/ideas__ecodse__plot_OSBS_034_annotated.png,/home/maciej.wielgosz/Projects/segm/DL_model_version/dataset_chm_only_ideas_combined/labels/train/ideas__ecodse__plot_OSBS_034_annotated.txt,/home/maciej.wielgosz/Projects/segm/DL_model_version/artifacts/ideas_chm_only_0p5m/ideas__ecodse__plot_OSBS_034_annotated.tif,,15
ideas__ecodse__plot_OSBS_035_annotated,ideas_als,ECODSE,dev,train,crown_overlay,/home/maciej.wielgosz/Projects/segm/ideas_als/ECODSE/plot_OSBS_035_annotated.las,/home/maciej.wielgosz/Projects/segm/DL_model_version/dataset_chm_only_ideas_combined/images/train/ideas__ecodse__plot_OSBS_035_annotated.png,/home/maciej.wielgosz/Projects/segm/DL_model_version/dataset_chm_only_ideas_combined/labels/train/ideas__ecodse__plot_OSBS_035_annotated.txt,/home/maciej.wielgosz/Projects/segm/DL_model_version/artifacts/ideas_chm_only_0p5m/ideas__ecodse__plot_OSBS_035_annotated.tif,,8
ideas__ecodse__plot_OSBS_036_annotated,ideas_als,ECODSE,dev,train,crown_overlay,/home/maciej.wielgosz/Projects/segm/ideas_als/ECODSE/plot_OSBS_036_annotated.las,/home/maciej.wielgosz/Projects/segm/DL_model_version/dataset_chm_only_ideas_combined/images/train/ideas__ecodse__plot_OSBS_036_annotated.png,/home/maciej.wielgosz/Projects/segm/DL_model_version/dataset_chm_only_ideas_combined/labels/train/ideas__ecodse__plot_OSBS_036_annotated.txt,/home/maciej.wielgosz/Projects/segm/DL_model_version/artifacts/ideas_chm_only_0p5m/ideas__ecodse__plot_OSBS_036_annotated.tif,,36
ideas__ecodse__plot_OSBS_037_annotated,ideas_als,ECODSE,dev,train,crown_overlay,/home/maciej.wielgosz/Projects/segm/ideas_als/ECODSE/plot_OSBS_037_annotated.las,/home/maciej.wielgosz/Projects/segm/DL_model_version/dataset_chm_only_ideas_combined/images/train/ideas__ecodse__plot_OSBS_037_annotated.png,/home/maciej.wielgosz/Projects/segm/DL_model_version/dataset_chm_only_ideas_combined/labels/train/ideas__ecodse__plot_OSBS_037_annotated.txt,/home/maciej.wielgosz/Projects/segm/DL_model_version/artifacts/ideas_chm_only_0p5m/ideas__ecodse__plot_OSBS_037_annotated.tif,,23
ideas__ecodse__plot_OSBS_038_annotated,ideas_als,ECODSE,dev,train,crown_overlay,/home/maciej.wielgosz/Projects/segm/ideas_als/ECODSE/plot_OSBS_038_annotated.las,/home/maciej.wielgosz/Projects/segm/DL_model_version/dataset_chm_only_ideas_combined/images/train/ideas__ecodse__plot_OSBS_038_annotated.png,/home/maciej.wielgosz/Projects/segm/DL_model_version/dataset_chm_only_ideas_combined/labels/train/ideas__ecodse__plot_OSBS_038_annotated.txt,/home/maciej.wielgosz/Projects/segm/DL_model_version/artifacts/ideas_chm_only_0p5m/ideas__ecodse__plot_OSBS_038_annotated.tif,,11
ideas__ecodse__plot_OSBS_042_annotated,ideas_als,ECODSE,dev,train,crown_overlay,/home/maciej.wielgosz/Projects/segm/ideas_als/ECODSE/plot_OSBS_042_annotated.las,/home/maciej.wielgosz/Projects/segm/DL_model_version/dataset_chm_only_ideas_combined/images/train/ideas__ecodse__plot_OSBS_042_annotated.png,/home/maciej.wielgosz/Projects/segm/DL_model_version/dataset_chm_only_ideas_combined/labels/train/ideas__ecodse__plot_OSBS_042_annotated.txt,/home/maciej.wielgosz/Projects/segm/DL_model_version/artifacts/ideas_chm_only_0p5m/ideas__ecodse__plot_OSBS_042_annotated.tif,,13
ideas__ecodse__plot_OSBS_043_annotated,ideas_als,ECODSE,dev,train,crown_overlay,/home/maciej.wielgosz/Projects/segm/ideas_als/ECODSE/plot_OSBS_043_annotated.las,/home/maciej.wielgosz/Projects/segm/DL_model_version/dataset_chm_only_ideas_combined/images/train/ideas__ecodse__plot_OSBS_043_annotated.png,/home/maciej.wielgosz/Projects/segm/DL_model_version/dataset_chm_only_ideas_combined/labels/train/ideas__ecodse__plot_OSBS_043_annotated.txt,/home/maciej.wielgosz/Projects/segm/DL_model_version/artifacts/ideas_chm_only_0p5m/ideas__ecodse__plot_OSBS_043_annotated.tif,,8
ideas__ecodse__plot_OSBS_044_annotated,ideas_als,ECODSE,dev,train,crown_overlay,/home/maciej.wielgosz/Projects/segm/ideas_als/ECODSE/plot_OSBS_044_annotated.las,/home/maciej.wielgosz/Projects/segm/DL_model_version/dataset_chm_only_ideas_combined/images/train/ideas__ecodse__plot_OSBS_044_annotated.png,/home/maciej.wielgosz/Projects/segm/DL_model_version/dataset_chm_only_ideas_combined/labels/train/ideas__ecodse__plot_OSBS_044_annotated.txt,/home/maciej.wielgosz/Projects/segm/DL_model_version/artifacts/ideas_chm_only_0p5m/ideas__ecodse__plot_OSBS_044_annotated.tif,,22
ideas__ecodse__plot_OSBS_048_annotated,ideas_als,ECODSE,dev,train,crown_overlay,/home/maciej.wielgosz/Projects/segm/ideas_als/ECODSE/plot_OSBS_048_annotated.las,/home/maciej.wielgosz/Projects/segm/DL_model_version/dataset_chm_only_ideas_combined/images/train/ideas__ecodse__plot_OSBS_048_annotated.png,/home/maciej.wielgosz/Projects/segm/DL_model_version/dataset_chm_only_ideas_combined/labels/train/ideas__ecodse__plot_OSBS_048_annotated.txt,/home/maciej.wielgosz/Projects/segm/DL_model_version/artifacts/ideas_chm_only_0p5m/ideas__ecodse__plot_OSBS_048_annotated.tif,,9
ideas__ecodse__plot_OSBS_051_annotated,ideas_als,ECODSE,dev,train,crown_overlay,/home/maciej.wielgosz/Projects/segm/ideas_als/ECODSE/plot_OSBS_051_annotated.las,/home/maciej.wielgosz/Projects/segm/DL_model_version/dataset_chm_only_ideas_combined/images/train/ideas__ecodse__plot_OSBS_051_annotated.png,/home/maciej.wielgosz/Projects/segm/DL_model_version/dataset_chm_only_ideas_combined/labels/train/ideas__ecodse__plot_OSBS_051_annotated.txt,/home/maciej.wielgosz/Projects/segm/DL_model_version/artifacts/ideas_chm_only_0p5m/ideas__ecodse__plot_OSBS_051_annotated.tif,,5
ideas__fgi_emit__plot_1001_annotated,ideas_als,FGI_EMIT,dev,train,point_native,/home/maciej.wielgosz/Projects/segm/ideas_als/FGI_EMIT/plot_1001_annotated.las,/home/maciej.wielgosz/Projects/segm/DL_model_version/dataset_chm_only_ideas_combined/images/train/ideas__fgi_emit__plot_1001_annotated.png,/home/maciej.wielgosz/Projects/segm/DL_model_version/dataset_chm_only_ideas_combined/labels/train/ideas__fgi_emit__plot_1001_annotated.txt,/home/maciej.wielgosz/Projects/segm/DL_model_version/artifacts/ideas_chm_only_0p5m/ideas__fgi_emit__plot_1001_annotated.tif,,133
ideas__fgi_emit__plot_1003_annotated,ideas_als,FGI_EMIT,dev,train,point_native,/home/maciej.wielgosz/Projects/segm/ideas_als/FGI_EMIT/plot_1003_annotated.las,/home/maciej.wielgosz/Projects/segm/DL_model_version/dataset_chm_only_ideas_combined/images/train/ideas__fgi_emit__plot_1003_annotated.png,/home/maciej.wielgosz/Projects/segm/DL_model_version/dataset_chm_only_ideas_combined/labels/train/ideas__fgi_emit__plot_1003_annotated.txt,/home/maciej.wielgosz/Projects/segm/DL_model_version/artifacts/ideas_chm_only_0p5m/ideas__fgi_emit__plot_1003_annotated.tif,,54
ideas__fgi_emit__plot_1005_annotated,ideas_als,FGI_EMIT,dev,train,point_native,/home/maciej.wielgosz/Projects/segm/ideas_als/FGI_EMIT/plot_1005_annotated.las,/home/maciej.wielgosz/Projects/segm/DL_model_version/dataset_chm_only_ideas_combined/images/train/ideas__fgi_emit__plot_1005_annotated.png,/home/maciej.wielgosz/Projects/segm/DL_model_version/dataset_chm_only_ideas_combined/labels/train/ideas__fgi_emit__plot_1005_annotated.txt,/home/maciej.wielgosz/Projects/segm/DL_model_version/artifacts/ideas_chm_only_0p5m/ideas__fgi_emit__plot_1005_annotated.tif,,87
ideas__fgi_emit__plot_1009_annotated,ideas_als,FGI_EMIT,dev,train,point_native,/home/maciej.wielgosz/Projects/segm/ideas_als/FGI_EMIT/plot_1009_annotated.las,/home/maciej.wielgosz/Projects/segm/DL_model_version/dataset_chm_only_ideas_combined/images/train/ideas__fgi_emit__plot_1009_annotated.png,/home/maciej.wielgosz/Projects/segm/DL_model_version/dataset_chm_only_ideas_combined/labels/train/ideas__fgi_emit__plot_1009_annotated.txt,/home/maciej.wielgosz/Projects/segm/DL_model_version/artifacts/ideas_chm_only_0p5m/ideas__fgi_emit__plot_1009_annotated.tif,,103
ideas__fgi_emit__plot_1010_annotated,ideas_als,FGI_EMIT,dev,train,point_native,/home/maciej.wielgosz/Projects/segm/ideas_als/FGI_EMIT/plot_1010_annotated.las,/home/maciej.wielgosz/Projects/segm/DL_model_version/dataset_chm_only_ideas_combined/images/train/ideas__fgi_emit__plot_1010_annotated.png,/home/maciej.wielgosz/Projects/segm/DL_model_version/dataset_chm_only_ideas_combined/labels/train/ideas__fgi_emit__plot_1010_annotated.txt,/home/maciej.wielgosz/Projects/segm/DL_model_version/artifacts/ideas_chm_only_0p5m/ideas__fgi_emit__plot_1010_annotated.tif,,155
ideas__fgi_emit__plot_1013_annotated,ideas_als,FGI_EMIT,dev,train,point_native,/home/maciej.wielgosz/Projects/segm/ideas_als/FGI_EMIT/plot_1013_annotated.las,/home/maciej.wielgosz/Projects/segm/DL_model_version/dataset_chm_only_ideas_combined/images/train/ideas__fgi_emit__plot_1013_annotated.png,/home/maciej.wielgosz/Projects/segm/DL_model_version/dataset_chm_only_ideas_combined/labels/train/ideas__fgi_emit__plot_1013_annotated.txt,/home/maciej.wielgosz/Projects/segm/DL_model_version/artifacts/ideas_chm_only_0p5m/ideas__fgi_emit__plot_1013_annotated.tif,,28
ideas__fgi_emit__plot_1019_annotated,ideas_als,FGI_EMIT,dev,train,point_native,/home/maciej.wielgosz/Projects/segm/ideas_als/FGI_EMIT/plot_1019_annotated.las,/home/maciej.wielgosz/Projects/segm/DL_model_version/dataset_chm_only_ideas_combined/images/train/ideas__fgi_emit__plot_1019_annotated.png,/home/maciej.wielgosz/Projects/segm/DL_model_version/dataset_chm_only_ideas_combined/labels/train/ideas__fgi_emit__plot_1019_annotated.txt,/home/maciej.wielgosz/Projects/segm/DL_model_version/artifacts/ideas_chm_only_0p5m/ideas__fgi_emit__plot_1019_annotated.tif,,8
ideas__fgi_emit__plot_1020_annotated,ideas_als,FGI_EMIT,dev,train,point_native,/home/maciej.wielgosz/Projects/segm/ideas_als/FGI_EMIT/plot_1020_annotated.las,/home/maciej.wielgosz/Projects/segm/DL_model_version/dataset_chm_only_ideas_combined/images/train/ideas__fgi_emit__plot_1020_annotated.png,/home/maciej.wielgosz/Projects/segm/DL_model_version/dataset_chm_only_ideas_combined/labels/train/ideas__fgi_emit__plot_1020_annotated.txt,/home/maciej.wielgosz/Projects/segm/DL_model_version/artifacts/ideas_chm_only_0p5m/ideas__fgi_emit__plot_1020_annotated.tif,,62
ideas__fgi_emit__plot_1022_annotated,ideas_als,FGI_EMIT,dev,train,point_native,/home/maciej.wielgosz/Projects/segm/ideas_als/FGI_EMIT/plot_1022_annotated.las,/home/maciej.wielgosz/Projects/segm/DL_model_version/dataset_chm_only_ideas_combined/images/train/ideas__fgi_emit__plot_1022_annotated.png,/home/maciej.wielgosz/Projects/segm/DL_model_version/dataset_chm_only_ideas_combined/labels/train/ideas__fgi_emit__plot_1022_annotated.txt,/home/maciej.wielgosz/Projects/segm/DL_model_version/artifacts/ideas_chm_only_0p5m/ideas__fgi_emit__plot_1022_annotated.tif,,213
ideas__fgi_emit__plot_1023_annotated,ideas_als,FGI_EMIT,dev,train,point_native,/home/maciej.wielgosz/Projects/segm/ideas_als/FGI_EMIT/plot_1023_annotated.las,/home/maciej.wielgosz/Projects/segm/DL_model_version/dataset_chm_only_ideas_combined/images/train/ideas__fgi_emit__plot_1023_annotated.png,/home/maciej.wielgosz/Projects/segm/DL_model_version/dataset_chm_only_ideas_combined/labels/train/ideas__fgi_emit__plot_1023_annotated.txt,/home/maciej.wielgosz/Projects/segm/DL_model_version/artifacts/ideas_chm_only_0p5m/ideas__fgi_emit__plot_1023_annotated.tif,,48
ideas__fgi_emit__plot_1024_annotated,ideas_als,FGI_EMIT,dev,train,point_native,/home/maciej.wielgosz/Projects/segm/ideas_als/FGI_EMIT/plot_1024_annotated.las,/home/maciej.wielgosz/Projects/segm/DL_model_version/dataset_chm_only_ideas_combined/images/train/ideas__fgi_emit__plot_1024_annotated.png,/home/maciej.wielgosz/Projects/segm/DL_model_version/dataset_chm_only_ideas_combined/labels/train/ideas__fgi_emit__plot_1024_annotated.txt,/home/maciej.wielgosz/Projects/segm/DL_model_version/artifacts/ideas_chm_only_0p5m/ideas__fgi_emit__plot_1024_annotated.tif,,62
ideas__fgi_emit__plot_1027_annotated,ideas_als,FGI_EMIT,dev,train,point_native,/home/maciej.wielgosz/Projects/segm/ideas_als/FGI_EMIT/plot_1027_annotated.las,/home/maciej.wielgosz/Projects/segm/DL_model_version/dataset_chm_only_ideas_combined/images/train/ideas__fgi_emit__plot_1027_annotated.png,/home/maciej.wielgosz/Projects/segm/DL_model_version/dataset_chm_only_ideas_combined/labels/train/ideas__fgi_emit__plot_1027_annotated.txt,/home/maciej.wielgosz/Projects/segm/DL_model_version/artifacts/ideas_chm_only_0p5m/ideas__fgi_emit__plot_1027_annotated.tif,,96
ideas__fgi_emit__plot_1031_annotated,ideas_als,FGI_EMIT,dev,train,point_native,/home/maciej.wielgosz/Projects/segm/ideas_als/FGI_EMIT/plot_1031_annotated.las,/home/maciej.wielgosz/Projects/segm/DL_model_version/dataset_chm_only_ideas_combined/images/train/ideas__fgi_emit__plot_1031_annotated.png,/home/maciej.wielgosz/Projects/segm/DL_model_version/dataset_chm_only_ideas_combined/labels/train/ideas__fgi_emit__plot_1031_annotated.txt,/home/maciej.wielgosz/Projects/segm/DL_model_version/artifacts/ideas_chm_only_0p5m/ideas__fgi_emit__plot_1031_annotated.tif,,49
ideas__idtrees__plot_train_MLBS_10_annotated,ideas_als,IDTREES,dev,train,crown_overlay,/home/maciej.wielgosz/Projects/segm/ideas_als/IDTREES/plot_train_MLBS_10_annotated.las,/home/maciej.wielgosz/Projects/segm/DL_model_version/dataset_chm_only_ideas_combined/images/train/ideas__idtrees__plot_train_MLBS_10_annotated.png,/home/maciej.wielgosz/Projects/segm/DL_model_version/dataset_chm_only_ideas_combined/labels/train/ideas__idtrees__plot_train_MLBS_10_annotated.txt,/home/maciej.wielgosz/Projects/segm/DL_model_version/artifacts/ideas_chm_only_0p5m/ideas__idtrees__plot_train_MLBS_10_annotated.tif,,11
ideas__idtrees__plot_train_MLBS_11_annotated,ideas_als,IDTREES,dev,train,crown_overlay,/home/maciej.wielgosz/Projects/segm/ideas_als/IDTREES/plot_train_MLBS_11_annotated.las,/home/maciej.wielgosz/Projects/segm/DL_model_version/dataset_chm_only_ideas_combined/images/train/ideas__idtrees__plot_train_MLBS_11_annotated.png,/home/maciej.wielgosz/Projects/segm/DL_model_version/dataset_chm_only_ideas_combined/labels/train/ideas__idtrees__plot_train_MLBS_11_annotated.txt,/home/maciej.wielgosz/Projects/segm/DL_model_version/artifacts/ideas_chm_only_0p5m/ideas__idtrees__plot_train_MLBS_11_annotated.tif,,16
ideas__idtrees__plot_train_MLBS_12_annotated,ideas_als,IDTREES,dev,train,crown_overlay,/home/maciej.wielgosz/Projects/segm/ideas_als/IDTREES/plot_train_MLBS_12_annotated.las,/home/maciej.wielgosz/Projects/segm/DL_model_version/dataset_chm_only_ideas_combined/images/train/ideas__idtrees__plot_train_MLBS_12_annotated.png,/home/maciej.wielgosz/Projects/segm/DL_model_version/dataset_chm_only_ideas_combined/labels/train/ideas__idtrees__plot_train_MLBS_12_annotated.txt,/home/maciej.wielgosz/Projects/segm/DL_model_version/artifacts/ideas_chm_only_0p5m/ideas__idtrees__plot_train_MLBS_12_annotated.tif,,12
ideas__idtrees__plot_train_MLBS_13_annotated,ideas_als,IDTREES,dev,train,crown_overlay,/home/maciej.wielgosz/Projects/segm/ideas_als/IDTREES/plot_train_MLBS_13_annotated.las,/home/maciej.wielgosz/Projects/segm/DL_model_version/dataset_chm_only_ideas_combined/images/train/ideas__idtrees__plot_train_MLBS_13_annotated.png,/home/maciej.wielgosz/Projects/segm/DL_model_version/dataset_chm_only_ideas_combined/labels/train/ideas__idtrees__plot_train_MLBS_13_annotated.txt,/home/maciej.wielgosz/Projects/segm/DL_model_version/artifacts/ideas_chm_only_0p5m/ideas__idtrees__plot_train_MLBS_13_annotated.tif,,16
ideas__idtrees__plot_train_MLBS_14_annotated,ideas_als,IDTREES,dev,train,crown_overlay,/home/maciej.wielgosz/Projects/segm/ideas_als/IDTREES/plot_train_MLBS_14_annotated.las,/home/maciej.wielgosz/Projects/segm/DL_model_version/dataset_chm_only_ideas_combined/images/train/ideas__idtrees__plot_train_MLBS_14_annotated.png,/home/maciej.wielgosz/Projects/segm/DL_model_version/dataset_chm_only_ideas_combined/labels/train/ideas__idtrees__plot_train_MLBS_14_annotated.txt,/home/maciej.wielgosz/Projects/segm/DL_model_version/artifacts/ideas_chm_only_0p5m/ideas__idtrees__plot_train_MLBS_14_annotated.tif,,16
ideas__idtrees__plot_train_MLBS_15_annotated,ideas_als,IDTREES,dev,train,crown_overlay,/home/maciej.wielgosz/Projects/segm/ideas_als/IDTREES/plot_train_MLBS_15_annotated.las,/home/maciej.wielgosz/Projects/segm/DL_model_version/dataset_chm_only_ideas_combined/images/train/ideas__idtrees__plot_train_MLBS_15_annotated.png,/home/maciej.wielgosz/Projects/segm/DL_model_version/dataset_chm_only_ideas_combined/labels/train/ideas__idtrees__plot_train_MLBS_15_annotated.txt,/home/maciej.wielgosz/Projects/segm/DL_model_version/artifacts/ideas_chm_only_0p5m/ideas__idtrees__plot_train_MLBS_15_annotated.tif,,15
ideas__idtrees__plot_train_MLBS_16_annotated,ideas_als,IDTREES,dev,train,crown_overlay,/home/maciej.wielgosz/Projects/segm/ideas_als/IDTREES/plot_train_MLBS_16_annotated.las,/home/maciej.wielgosz/Projects/segm/DL_model_version/dataset_chm_only_ideas_combined/images/train/ideas__idtrees__plot_train_MLBS_16_annotated.png,/home/maciej.wielgosz/Projects/segm/DL_model_version/dataset_chm_only_ideas_combined/labels/train/ideas__idtrees__plot_train_MLBS_16_annotated.txt,/home/maciej.wielgosz/Projects/segm/DL_model_version/artifacts/ideas_chm_only_0p5m/ideas__idtrees__plot_train_MLBS_16_annotated.tif,,16
ideas__idtrees__plot_train_MLBS_17_annotated,ideas_als,IDTREES,dev,train,crown_overlay,/home/maciej.wielgosz/Projects/segm/ideas_als/IDTREES/plot_train_MLBS_17_annotated.las,/home/maciej.wielgosz/Projects/segm/DL_model_version/dataset_chm_only_ideas_combined/images/train/ideas__idtrees__plot_train_MLBS_17_annotated.png,/home/maciej.wielgosz/Projects/segm/DL_model_version/dataset_chm_only_ideas_combined/labels/train/ideas__idtrees__plot_train_MLBS_17_annotated.txt,/home/maciej.wielgosz/Projects/segm/DL_model_version/artifacts/ideas_chm_only_0p5m/ideas__idtrees__plot_train_MLBS_17_annotated.tif,,14
ideas__idtrees__plot_train_MLBS_18_annotated,ideas_als,IDTREES,dev,train,crown_overlay,/home/maciej.wielgosz/Projects/segm/ideas_als/IDTREES/plot_train_MLBS_18_annotated.las,/home/maciej.wielgosz/Projects/segm/DL_model_version/dataset_chm_only_ideas_combined/images/train/ideas__idtrees__plot_train_MLBS_18_annotated.png,/home/maciej.wielgosz/Projects/segm/DL_model_version/dataset_chm_only_ideas_combined/labels/train/ideas__idtrees__plot_train_MLBS_18_annotated.txt,/home/maciej.wielgosz/Projects/segm/DL_model_version/artifacts/ideas_chm_only_0p5m/ideas__idtrees__plot_train_MLBS_18_annotated.tif,,18
ideas__idtrees__plot_train_MLBS_19_annotated,ideas_als,IDTREES,dev,train,crown_overlay,/home/maciej.wielgosz/Projects/segm/ideas_als/IDTREES/plot_train_MLBS_19_annotated.las,/home/maciej.wielgosz/Projects/segm/DL_model_version/dataset_chm_only_ideas_combined/images/train/ideas__idtrees__plot_train_MLBS_19_annotated.png,/home/maciej.wielgosz/Projects/segm/DL_model_version/dataset_chm_only_ideas_combined/labels/train/ideas__idtrees__plot_train_MLBS_19_annotated.txt,/home/maciej.wielgosz/Projects/segm/DL_model_version/artifacts/ideas_chm_only_0p5m/ideas__idtrees__plot_train_MLBS_19_annotated.tif,,7
ideas__idtrees__plot_train_MLBS_1_annotated,ideas_als,IDTREES,dev,train,crown_overlay,/home/maciej.wielgosz/Projects/segm/ideas_als/IDTREES/plot_train_MLBS_1_annotated.las,/home/maciej.wielgosz/Projects/segm/DL_model_version/dataset_chm_only_ideas_combined/images/train/ideas__idtrees__plot_train_MLBS_1_annotated.png,/home/maciej.wielgosz/Projects/segm/DL_model_version/dataset_chm_only_ideas_combined/labels/train/ideas__idtrees__plot_train_MLBS_1_annotated.txt,/home/maciej.wielgosz/Projects/segm/DL_model_version/artifacts/ideas_chm_only_0p5m/ideas__idtrees__plot_train_MLBS_1_annotated.tif,,22
ideas__idtrees__plot_train_MLBS_20_annotated,ideas_als,IDTREES,dev,train,crown_overlay,/home/maciej.wielgosz/Projects/segm/ideas_als/IDTREES/plot_train_MLBS_20_annotated.las,/home/maciej.wielgosz/Projects/segm/DL_model_version/dataset_chm_only_ideas_combined/images/train/ideas__idtrees__plot_train_MLBS_20_annotated.png,/home/maciej.wielgosz/Projects/segm/DL_model_version/dataset_chm_only_ideas_combined/labels/train/ideas__idtrees__plot_train_MLBS_20_annotated.txt,/home/maciej.wielgosz/Projects/segm/DL_model_version/artifacts/ideas_chm_only_0p5m/ideas__idtrees__plot_train_MLBS_20_annotated.tif,,13
ideas__idtrees__plot_train_MLBS_21_annotated,ideas_als,IDTREES,dev,train,crown_overlay,/home/maciej.wielgosz/Projects/segm/ideas_als/IDTREES/plot_train_MLBS_21_annotated.las,/home/maciej.wielgosz/Projects/segm/DL_model_version/dataset_chm_only_ideas_combined/images/train/ideas__idtrees__plot_train_MLBS_21_annotated.png,/home/maciej.wielgosz/Projects/segm/DL_model_version/dataset_chm_only_ideas_combined/labels/train/ideas__idtrees__plot_train_MLBS_21_annotated.txt,/home/maciej.wielgosz/Projects/segm/DL_model_version/artifacts/ideas_chm_only_0p5m/ideas__idtrees__plot_train_MLBS_21_annotated.tif,,29
ideas__idtrees__plot_train_MLBS_22_annotated,ideas_als,IDTREES,dev,train,crown_overlay,/home/maciej.wielgosz/Projects/segm/ideas_als/IDTREES/plot_train_MLBS_22_annotated.las,/home/maciej.wielgosz/Projects/segm/DL_model_version/dataset_chm_only_ideas_combined/images/train/ideas__idtrees__plot_train_MLBS_22_annotated.png,/home/maciej.wielgosz/Projects/segm/DL_model_version/dataset_chm_only_ideas_combined/labels/train/ideas__idtrees__plot_train_MLBS_22_annotated.txt,/home/maciej.wielgosz/Projects/segm/DL_model_version/artifacts/ideas_chm_only_0p5m/ideas__idtrees__plot_train_MLBS_22_annotated.tif,,18
ideas__idtrees__plot_train_MLBS_23_annotated,ideas_als,IDTREES,dev,train,crown_overlay,/home/maciej.wielgosz/Projects/segm/ideas_als/IDTREES/plot_train_MLBS_23_annotated.las,/home/maciej.wielgosz/Projects/segm/DL_model_version/dataset_chm_only_ideas_combined/images/train/ideas__idtrees__plot_train_MLBS_23_annotated.png,/home/maciej.wielgosz/Projects/segm/DL_model_version/dataset_chm_only_ideas_combined/labels/train/ideas__idtrees__plot_train_MLBS_23_annotated.txt,/home/maciej.wielgosz/Projects/segm/DL_model_version/artifacts/ideas_chm_only_0p5m/ideas__idtrees__plot_train_MLBS_23_annotated.tif,,15
ideas__idtrees__plot_train_MLBS_24_annotated,ideas_als,IDTREES,dev,train,crown_overlay,/home/maciej.wielgosz/Projects/segm/ideas_als/IDTREES/plot_train_MLBS_24_annotated.las,/home/maciej.wielgosz/Projects/segm/DL_model_version/dataset_chm_only_ideas_combined/images/train/ideas__idtrees__plot_train_MLBS_24_annotated.png,/home/maciej.wielgosz/Projects/segm/DL_model_version/dataset_chm_only_ideas_combined/labels/train/ideas__idtrees__plot_train_MLBS_24_annotated.txt,/home/maciej.wielgosz/Projects/segm/DL_model_version/artifacts/ideas_chm_only_0p5m/ideas__idtrees__plot_train_MLBS_24_annotated.tif,,9
ideas__idtrees__plot_train_MLBS_25_annotated,ideas_als,IDTREES,dev,train,crown_overlay,/home/maciej.wielgosz/Projects/segm/ideas_als/IDTREES/plot_train_MLBS_25_annotated.las,/home/maciej.wielgosz/Projects/segm/DL_model_version/dataset_chm_only_ideas_combined/images/train/ideas__idtrees__plot_train_MLBS_25_annotated.png,/home/maciej.wielgosz/Projects/segm/DL_model_version/dataset_chm_only_ideas_combined/labels/train/ideas__idtrees__plot_train_MLBS_25_annotated.txt,/home/maciej.wielgosz/Projects/segm/DL_model_version/artifacts/ideas_chm_only_0p5m/ideas__idtrees__plot_train_MLBS_25_annotated.tif,,22
ideas__idtrees__plot_train_MLBS_26_annotated,ideas_als,IDTREES,dev,train,crown_overlay,/home/maciej.wielgosz/Projects/segm/ideas_als/IDTREES/plot_train_MLBS_26_annotated.las,/home/maciej.wielgosz/Projects/segm/DL_model_version/dataset_chm_only_ideas_combined/images/train/ideas__idtrees__plot_train_MLBS_26_annotated.png,/home/maciej.wielgosz/Projects/segm/DL_model_version/dataset_chm_only_ideas_combined/labels/train/ideas__idtrees__plot_train_MLBS_26_annotated.txt,/home/maciej.wielgosz/Projects/segm/DL_model_version/artifacts/ideas_chm_only_0p5m/ideas__idtrees__plot_train_MLBS_26_annotated.tif,,18
ideas__idtrees__plot_train_MLBS_27_annotated,ideas_als,IDTREES,dev,train,crown_overlay,/home/maciej.wielgosz/Projects/segm/ideas_als/IDTREES/plot_train_MLBS_27_annotated.las,/home/maciej.wielgosz/Projects/segm/DL_model_version/dataset_chm_only_ideas_combined/images/train/ideas__idtrees__plot_train_MLBS_27_annotated.png,/home/maciej.wielgosz/Projects/segm/DL_model_version/dataset_chm_only_ideas_combined/labels/train/ideas__idtrees__plot_train_MLBS_27_annotated.txt,/home/maciej.wielgosz/Projects/segm/DL_model_version/artifacts/ideas_chm_only_0p5m/ideas__idtrees__plot_train_MLBS_27_annotated.tif,,9
ideas__idtrees__plot_train_MLBS_28_annotated,ideas_als,IDTREES,dev,train,crown_overlay,/home/maciej.wielgosz/Projects/segm/ideas_als/IDTREES/plot_train_MLBS_28_annotated.las,/home/maciej.wielgosz/Projects/segm/DL_model_version/dataset_chm_only_ideas_combined/images/train/ideas__idtrees__plot_train_MLBS_28_annotated.png,/home/maciej.wielgosz/Projects/segm/DL_model_version/dataset_chm_only_ideas_combined/labels/train/ideas__idtrees__plot_train_MLBS_28_annotated.txt,/home/maciej.wielgosz/Projects/segm/DL_model_version/artifacts/ideas_chm_only_0p5m/ideas__idtrees__plot_train_MLBS_28_annotated.tif,,8
ideas__idtrees__plot_train_MLBS_29_annotated,ideas_als,IDTREES,dev,train,crown_overlay,/home/maciej.wielgosz/Projects/segm/ideas_als/IDTREES/plot_train_MLBS_29_annotated.las,/home/maciej.wielgosz/Projects/segm/DL_model_version/dataset_chm_only_ideas_combined/images/train/ideas__idtrees__plot_train_MLBS_29_annotated.png,/home/maciej.wielgosz/Projects/segm/DL_model_version/dataset_chm_only_ideas_combined/labels/train/ideas__idtrees__plot_train_MLBS_29_annotated.txt,/home/maciej.wielgosz/Projects/segm/DL_model_version/artifacts/ideas_chm_only_0p5m/ideas__idtrees__plot_train_MLBS_29_annotated.tif,,22
ideas__idtrees__plot_train_MLBS_2_annotated,ideas_als,IDTREES,dev,train,crown_overlay,/home/maciej.wielgosz/Projects/segm/ideas_als/IDTREES/plot_train_MLBS_2_annotated.las,/home/maciej.wielgosz/Projects/segm/DL_model_version/dataset_chm_only_ideas_combined/images/train/ideas__idtrees__plot_train_MLBS_2_annotated.png,/home/maciej.wielgosz/Projects/segm/DL_model_version/dataset_chm_only_ideas_combined/labels/train/ideas__idtrees__plot_train_MLBS_2_annotated.txt,/home/maciej.wielgosz/Projects/segm/DL_model_version/artifacts/ideas_chm_only_0p5m/ideas__idtrees__plot_train_MLBS_2_annotated.tif,,20
ideas__idtrees__plot_train_MLBS_30_annotated,ideas_als,IDTREES,dev,train,crown_overlay,/home/maciej.wielgosz/Projects/segm/ideas_als/IDTREES/plot_train_MLBS_30_annotated.las,/home/maciej.wielgosz/Projects/segm/DL_model_version/dataset_chm_only_ideas_combined/images/train/ideas__idtrees__plot_train_MLBS_30_annotated.png,/home/maciej.wielgosz/Projects/segm/DL_model_version/dataset_chm_only_ideas_combined/labels/train/ideas__idtrees__plot_train_MLBS_30_annotated.txt,/home/maciej.wielgosz/Projects/segm/DL_model_version/artifacts/ideas_chm_only_0p5m/ideas__idtrees__plot_train_MLBS_30_annotated.tif,,18
ideas__idtrees__plot_train_MLBS_31_annotated,ideas_als,IDTREES,dev,train,crown_overlay,/home/maciej.wielgosz/Projects/segm/ideas_als/IDTREES/plot_train_MLBS_31_annotated.las,/home/maciej.wielgosz/Projects/segm/DL_model_version/dataset_chm_only_ideas_combined/images/train/ideas__idtrees__plot_train_MLBS_31_annotated.png,/home/maciej.wielgosz/Projects/segm/DL_model_version/dataset_chm_only_ideas_combined/labels/train/ideas__idtrees__plot_train_MLBS_31_annotated.txt,/home/maciej.wielgosz/Projects/segm/DL_model_version/artifacts/ideas_chm_only_0p5m/ideas__idtrees__plot_train_MLBS_31_annotated.tif,,13
ideas__idtrees__plot_train_MLBS_32_annotated,ideas_als,IDTREES,dev,train,crown_overlay,/home/maciej.wielgosz/Projects/segm/ideas_als/IDTREES/plot_train_MLBS_32_annotated.las,/home/maciej.wielgosz/Projects/segm/DL_model_version/dataset_chm_only_ideas_combined/images/train/ideas__idtrees__plot_train_MLBS_32_annotated.png,/home/maciej.wielgosz/Projects/segm/DL_model_version/dataset_chm_only_ideas_combined/labels/train/ideas__idtrees__plot_train_MLBS_32_annotated.txt,/home/maciej.wielgosz/Projects/segm/DL_model_version/artifacts/ideas_chm_only_0p5m/ideas__idtrees__plot_train_MLBS_32_annotated.tif,,15
ideas__idtrees__plot_train_MLBS_33_annotated,ideas_als,IDTREES,dev,train,crown_overlay,/home/maciej.wielgosz/Projects/segm/ideas_als/IDTREES/plot_train_MLBS_33_annotated.las,/home/maciej.wielgosz/Projects/segm/DL_model_version/dataset_chm_only_ideas_combined/images/train/ideas__idtrees__plot_train_MLBS_33_annotated.png,/home/maciej.wielgosz/Projects/segm/DL_model_version/dataset_chm_only_ideas_combined/labels/train/ideas__idtrees__plot_train_MLBS_33_annotated.txt,/home/maciej.wielgosz/Projects/segm/DL_model_version/artifacts/ideas_chm_only_0p5m/ideas__idtrees__plot_train_MLBS_33_annotated.tif,,12
ideas__idtrees__plot_train_MLBS_34_annotated,ideas_als,IDTREES,dev,train,crown_overlay,/home/maciej.wielgosz/Projects/segm/ideas_als/IDTREES/plot_train_MLBS_34_annotated.las,/home/maciej.wielgosz/Projects/segm/DL_model_version/dataset_chm_only_ideas_combined/images/train/ideas__idtrees__plot_train_MLBS_34_annotated.png,/home/maciej.wielgosz/Projects/segm/DL_model_version/dataset_chm_only_ideas_combined/labels/train/ideas__idtrees__plot_train_MLBS_34_annotated.txt,/home/maciej.wielgosz/Projects/segm/DL_model_version/artifacts/ideas_chm_only_0p5m/ideas__idtrees__plot_train_MLBS_34_annotated.tif,,23
ideas__idtrees__plot_train_MLBS_35_annotated,ideas_als,IDTREES,dev,train,crown_overlay,/home/maciej.wielgosz/Projects/segm/ideas_als/IDTREES/plot_train_MLBS_35_annotated.las,/home/maciej.wielgosz/Projects/segm/DL_model_version/dataset_chm_only_ideas_combined/images/train/ideas__idtrees__plot_train_MLBS_35_annotated.png,/home/maciej.wielgosz/Projects/segm/DL_model_version/dataset_chm_only_ideas_combined/labels/train/ideas__idtrees__plot_train_MLBS_35_annotated.txt,/home/maciej.wielgosz/Projects/segm/DL_model_version/artifacts/ideas_chm_only_0p5m/ideas__idtrees__plot_train_MLBS_35_annotated.tif,,11
ideas__idtrees__plot_train_MLBS_36_annotated,ideas_als,IDTREES,dev,train,crown_overlay,/home/maciej.wielgosz/Projects/segm/ideas_als/IDTREES/plot_train_MLBS_36_annotated.las,/home/maciej.wielgosz/Projects/segm/DL_model_version/dataset_chm_only_ideas_combined/images/train/ideas__idtrees__plot_train_MLBS_36_annotated.png,/home/maciej.wielgosz/Projects/segm/DL_model_version/dataset_chm_only_ideas_combined/labels/train/ideas__idtrees__plot_train_MLBS_36_annotated.txt,/home/maciej.wielgosz/Projects/segm/DL_model_version/artifacts/ideas_chm_only_0p5m/ideas__idtrees__plot_train_MLBS_36_annotated.tif,,16
ideas__idtrees__plot_train_MLBS_37_annotated,ideas_als,IDTREES,dev,train,crown_overlay,/home/maciej.wielgosz/Projects/segm/ideas_als/IDTREES/plot_train_MLBS_37_annotated.las,/home/maciej.wielgosz/Projects/segm/DL_model_version/dataset_chm_only_ideas_combined/images/train/ideas__idtrees__plot_train_MLBS_37_annotated.png,/home/maciej.wielgosz/Projects/segm/DL_model_version/dataset_chm_only_ideas_combined/labels/train/ideas__idtrees__plot_train_MLBS_37_annotated.txt,/home/maciej.wielgosz/Projects/segm/DL_model_version/artifacts/ideas_chm_only_0p5m/ideas__idtrees__plot_train_MLBS_37_annotated.tif,,14
ideas__idtrees__plot_train_MLBS_38_annotated,ideas_als,IDTREES,dev,train,crown_overlay,/home/maciej.wielgosz/Projects/segm/ideas_als/IDTREES/plot_train_MLBS_38_annotated.las,/home/maciej.wielgosz/Projects/segm/DL_model_version/dataset_chm_only_ideas_combined/images/train/ideas__idtrees__plot_train_MLBS_38_annotated.png,/home/maciej.wielgosz/Projects/segm/DL_model_version/dataset_chm_only_ideas_combined/labels/train/ideas__idtrees__plot_train_MLBS_38_annotated.txt,/home/maciej.wielgosz/Projects/segm/DL_model_version/artifacts/ideas_chm_only_0p5m/ideas__idtrees__plot_train_MLBS_38_annotated.tif,,15
ideas__idtrees__plot_train_MLBS_39_annotated,ideas_als,IDTREES,dev,train,crown_overlay,/home/maciej.wielgosz/Projects/segm/ideas_als/IDTREES/plot_train_MLBS_39_annotated.las,/home/maciej.wielgosz/Projects/segm/DL_model_version/dataset_chm_only_ideas_combined/images/train/ideas__idtrees__plot_train_MLBS_39_annotated.png,/home/maciej.wielgosz/Projects/segm/DL_model_version/dataset_chm_only_ideas_combined/labels/train/ideas__idtrees__plot_train_MLBS_39_annotated.txt,/home/maciej.wielgosz/Projects/segm/DL_model_version/artifacts/ideas_chm_only_0p5m/ideas__idtrees__plot_train_MLBS_39_annotated.tif,,16
ideas__idtrees__plot_train_MLBS_3_annotated,ideas_als,IDTREES,dev,train,crown_overlay,/home/maciej.wielgosz/Projects/segm/ideas_als/IDTREES/plot_train_MLBS_3_annotated.las,/home/maciej.wielgosz/Projects/segm/DL_model_version/dataset_chm_only_ideas_combined/images/train/ideas__idtrees__plot_train_MLBS_3_annotated.png,/home/maciej.wielgosz/Projects/segm/DL_model_version/dataset_chm_only_ideas_combined/labels/train/ideas__idtrees__plot_train_MLBS_3_annotated.txt,/home/maciej.wielgosz/Projects/segm/DL_model_version/artifacts/ideas_chm_only_0p5m/ideas__idtrees__plot_train_MLBS_3_annotated.tif,,16
ideas__idtrees__plot_train_MLBS_40_annotated,ideas_als,IDTREES,dev,train,crown_overlay,/home/maciej.wielgosz/Projects/segm/ideas_als/IDTREES/plot_train_MLBS_40_annotated.las,/home/maciej.wielgosz/Projects/segm/DL_model_version/dataset_chm_only_ideas_combined/images/train/ideas__idtrees__plot_train_MLBS_40_annotated.png,/home/maciej.wielgosz/Projects/segm/DL_model_version/dataset_chm_only_ideas_combined/labels/train/ideas__idtrees__plot_train_MLBS_40_annotated.txt,/home/maciej.wielgosz/Projects/segm/DL_model_version/artifacts/ideas_chm_only_0p5m/ideas__idtrees__plot_train_MLBS_40_annotated.tif,,12
ideas__idtrees__plot_train_MLBS_41_annotated,ideas_als,IDTREES,dev,train,crown_overlay,/home/maciej.wielgosz/Projects/segm/ideas_als/IDTREES/plot_train_MLBS_41_annotated.las,/home/maciej.wielgosz/Projects/segm/DL_model_version/dataset_chm_only_ideas_combined/images/train/ideas__idtrees__plot_train_MLBS_41_annotated.png,/home/maciej.wielgosz/Projects/segm/DL_model_version/dataset_chm_only_ideas_combined/labels/train/ideas__idtrees__plot_train_MLBS_41_annotated.txt,/home/maciej.wielgosz/Projects/segm/DL_model_version/artifacts/ideas_chm_only_0p5m/ideas__idtrees__plot_train_MLBS_41_annotated.tif,,11
ideas__idtrees__plot_train_MLBS_42_annotated,ideas_als,IDTREES,dev,train,crown_overlay,/home/maciej.wielgosz/Projects/segm/ideas_als/IDTREES/plot_train_MLBS_42_annotated.las,/home/maciej.wielgosz/Projects/segm/DL_model_version/dataset_chm_only_ideas_combined/images/train/ideas__idtrees__plot_train_MLBS_42_annotated.png,/home/maciej.wielgosz/Projects/segm/DL_model_version/dataset_chm_only_ideas_combined/labels/train/ideas__idtrees__plot_train_MLBS_42_annotated.txt,/home/maciej.wielgosz/Projects/segm/DL_model_version/artifacts/ideas_chm_only_0p5m/ideas__idtrees__plot_train_MLBS_42_annotated.tif,,15
ideas__idtrees__plot_train_MLBS_43_annotated,ideas_als,IDTREES,dev,train,crown_overlay,/home/maciej.wielgosz/Projects/segm/ideas_als/IDTREES/plot_train_MLBS_43_annotated.las,/home/maciej.wielgosz/Projects/segm/DL_model_version/dataset_chm_only_ideas_combined/images/train/ideas__idtrees__plot_train_MLBS_43_annotated.png,/home/maciej.wielgosz/Projects/segm/DL_model_version/dataset_chm_only_ideas_combined/labels/train/ideas__idtrees__plot_train_MLBS_43_annotated.txt,/home/maciej.wielgosz/Projects/segm/DL_model_version/artifacts/ideas_chm_only_0p5m/ideas__idtrees__plot_train_MLBS_43_annotated.tif,,17
ideas__idtrees__plot_train_MLBS_44_annotated,ideas_als,IDTREES,dev,train,crown_overlay,/home/maciej.wielgosz/Projects/segm/ideas_als/IDTREES/plot_train_MLBS_44_annotated.las,/home/maciej.wielgosz/Projects/segm/DL_model_version/dataset_chm_only_ideas_combined/images/train/ideas__idtrees__plot_train_MLBS_44_annotated.png,/home/maciej.wielgosz/Projects/segm/DL_model_version/dataset_chm_only_ideas_combined/labels/train/ideas__idtrees__plot_train_MLBS_44_annotated.txt,/home/maciej.wielgosz/Projects/segm/DL_model_version/artifacts/ideas_chm_only_0p5m/ideas__idtrees__plot_train_MLBS_44_annotated.tif,,14
ideas__idtrees__plot_train_MLBS_45_annotated,ideas_als,IDTREES,dev,train,crown_overlay,/home/maciej.wielgosz/Projects/segm/ideas_als/IDTREES/plot_train_MLBS_45_annotated.las,/home/maciej.wielgosz/Projects/segm/DL_model_version/dataset_chm_only_ideas_combined/images/train/ideas__idtrees__plot_train_MLBS_45_annotated.png,/home/maciej.wielgosz/Projects/segm/DL_model_version/dataset_chm_only_ideas_combined/labels/train/ideas__idtrees__plot_train_MLBS_45_annotated.txt,/home/maciej.wielgosz/Projects/segm/DL_model_version/artifacts/ideas_chm_only_0p5m/ideas__idtrees__plot_train_MLBS_45_annotated.tif,,14
ideas__idtrees__plot_train_MLBS_46_annotated,ideas_als,IDTREES,dev,train,crown_overlay,/home/maciej.wielgosz/Projects/segm/ideas_als/IDTREES/plot_train_MLBS_46_annotated.las,/home/maciej.wielgosz/Projects/segm/DL_model_version/dataset_chm_only_ideas_combined/images/train/ideas__idtrees__plot_train_MLBS_46_annotated.png,/home/maciej.wielgosz/Projects/segm/DL_model_version/dataset_chm_only_ideas_combined/labels/train/ideas__idtrees__plot_train_MLBS_46_annotated.txt,/home/maciej.wielgosz/Projects/segm/DL_model_version/artifacts/ideas_chm_only_0p5m/ideas__idtrees__plot_train_MLBS_46_annotated.tif,,15
ideas__idtrees__plot_train_MLBS_4_annotated,ideas_als,IDTREES,dev,train,crown_overlay,/home/maciej.wielgosz/Projects/segm/ideas_als/IDTREES/plot_train_MLBS_4_annotated.las,/home/maciej.wielgosz/Projects/segm/DL_model_version/dataset_chm_only_ideas_combined/images/train/ideas__idtrees__plot_train_MLBS_4_annotated.png,/home/maciej.wielgosz/Projects/segm/DL_model_version/dataset_chm_only_ideas_combined/labels/train/ideas__idtrees__plot_train_MLBS_4_annotated.txt,/home/maciej.wielgosz/Projects/segm/DL_model_version/artifacts/ideas_chm_only_0p5m/ideas__idtrees__plot_train_MLBS_4_annotated.tif,,16
ideas__idtrees__plot_train_MLBS_5_annotated,ideas_als,IDTREES,dev,train,crown_overlay,/home/maciej.wielgosz/Projects/segm/ideas_als/IDTREES/plot_train_MLBS_5_annotated.las,/home/maciej.wielgosz/Projects/segm/DL_model_version/dataset_chm_only_ideas_combined/images/train/ideas__idtrees__plot_train_MLBS_5_annotated.png,/home/maciej.wielgosz/Projects/segm/DL_model_version/dataset_chm_only_ideas_combined/labels/train/ideas__idtrees__plot_train_MLBS_5_annotated.txt,/home/maciej.wielgosz/Projects/segm/DL_model_version/artifacts/ideas_chm_only_0p5m/ideas__idtrees__plot_train_MLBS_5_annotated.tif,,14
ideas__idtrees__plot_train_MLBS_6_annotated,ideas_als,IDTREES,dev,train,crown_overlay,/home/maciej.wielgosz/Projects/segm/ideas_als/IDTREES/plot_train_MLBS_6_annotated.las,/home/maciej.wielgosz/Projects/segm/DL_model_version/dataset_chm_only_ideas_combined/images/train/ideas__idtrees__plot_train_MLBS_6_annotated.png,/home/maciej.wielgosz/Projects/segm/DL_model_version/dataset_chm_only_ideas_combined/labels/train/ideas__idtrees__plot_train_MLBS_6_annotated.txt,/home/maciej.wielgosz/Projects/segm/DL_model_version/artifacts/ideas_chm_only_0p5m/ideas__idtrees__plot_train_MLBS_6_annotated.tif,,17
ideas__idtrees__plot_train_MLBS_8_annotated,ideas_als,IDTREES,dev,train,crown_overlay,/home/maciej.wielgosz/Projects/segm/ideas_als/IDTREES/plot_train_MLBS_8_annotated.las,/home/maciej.wielgosz/Projects/segm/DL_model_version/dataset_chm_only_ideas_combined/images/train/ideas__idtrees__plot_train_MLBS_8_annotated.png,/home/maciej.wielgosz/Projects/segm/DL_model_version/dataset_chm_only_ideas_combined/labels/train/ideas__idtrees__plot_train_MLBS_8_annotated.txt,/home/maciej.wielgosz/Projects/segm/DL_model_version/artifacts/ideas_chm_only_0p5m/ideas__idtrees__plot_train_MLBS_8_annotated.tif,,15
ideas__idtrees__plot_train_MLBS_9_annotated,ideas_als,IDTREES,dev,train,crown_overlay,/home/maciej.wielgosz/Projects/segm/ideas_als/IDTREES/plot_train_MLBS_9_annotated.las,/home/maciej.wielgosz/Projects/segm/DL_model_version/dataset_chm_only_ideas_combined/images/train/ideas__idtrees__plot_train_MLBS_9_annotated.png,/home/maciej.wielgosz/Projects/segm/DL_model_version/dataset_chm_only_ideas_combined/labels/train/ideas__idtrees__plot_train_MLBS_9_annotated.txt,/home/maciej.wielgosz/Projects/segm/DL_model_version/artifacts/ideas_chm_only_0p5m/ideas__idtrees__plot_train_MLBS_9_annotated.tif,,12
ideas__idtrees__plot_train_OSBS_10_annotated,ideas_als,IDTREES,dev,train,crown_overlay,/home/maciej.wielgosz/Projects/segm/ideas_als/IDTREES/plot_train_OSBS_10_annotated.las,/home/maciej.wielgosz/Projects/segm/DL_model_version/dataset_chm_only_ideas_combined/images/train/ideas__idtrees__plot_train_OSBS_10_annotated.png,/home/maciej.wielgosz/Projects/segm/DL_model_version/dataset_chm_only_ideas_combined/labels/train/ideas__idtrees__plot_train_OSBS_10_annotated.txt,/home/maciej.wielgosz/Projects/segm/DL_model_version/artifacts/ideas_chm_only_0p5m/ideas__idtrees__plot_train_OSBS_10_annotated.tif,,8
ideas__idtrees__plot_train_OSBS_11_annotated,ideas_als,IDTREES,dev,train,crown_overlay,/home/maciej.wielgosz/Projects/segm/ideas_als/IDTREES/plot_train_OSBS_11_annotated.las,/home/maciej.wielgosz/Projects/segm/DL_model_version/dataset_chm_only_ideas_combined/images/train/ideas__idtrees__plot_train_OSBS_11_annotated.png,/home/maciej.wielgosz/Projects/segm/DL_model_version/dataset_chm_only_ideas_combined/labels/train/ideas__idtrees__plot_train_OSBS_11_annotated.txt,/home/maciej.wielgosz/Projects/segm/DL_model_version/artifacts/ideas_chm_only_0p5m/ideas__idtrees__plot_train_OSBS_11_annotated.tif,,17
ideas__idtrees__plot_train_OSBS_12_annotated,ideas_als,IDTREES,dev,train,crown_overlay,/home/maciej.wielgosz/Projects/segm/ideas_als/IDTREES/plot_train_OSBS_12_annotated.las,/home/maciej.wielgosz/Projects/segm/DL_model_version/dataset_chm_only_ideas_combined/images/train/ideas__idtrees__plot_train_OSBS_12_annotated.png,/home/maciej.wielgosz/Projects/segm/DL_model_version/dataset_chm_only_ideas_combined/labels/train/ideas__idtrees__plot_train_OSBS_12_annotated.txt,/home/maciej.wielgosz/Projects/segm/DL_model_version/artifacts/ideas_chm_only_0p5m/ideas__idtrees__plot_train_OSBS_12_annotated.tif,,10
ideas__idtrees__plot_train_OSBS_13_annotated,ideas_als,IDTREES,dev,train,crown_overlay,/home/maciej.wielgosz/Projects/segm/ideas_als/IDTREES/plot_train_OSBS_13_annotated.las,/home/maciej.wielgosz/Projects/segm/DL_model_version/dataset_chm_only_ideas_combined/images/train/ideas__idtrees__plot_train_OSBS_13_annotated.png,/home/maciej.wielgosz/Projects/segm/DL_model_version/dataset_chm_only_ideas_combined/labels/train/ideas__idtrees__plot_train_OSBS_13_annotated.txt,/home/maciej.wielgosz/Projects/segm/DL_model_version/artifacts/ideas_chm_only_0p5m/ideas__idtrees__plot_train_OSBS_13_annotated.tif,,6
ideas__idtrees__plot_train_OSBS_14_annotated,ideas_als,IDTREES,dev,train,crown_overlay,/home/maciej.wielgosz/Projects/segm/ideas_als/IDTREES/plot_train_OSBS_14_annotated.las,/home/maciej.wielgosz/Projects/segm/DL_model_version/dataset_chm_only_ideas_combined/images/train/ideas__idtrees__plot_train_OSBS_14_annotated.png,/home/maciej.wielgosz/Projects/segm/DL_model_version/dataset_chm_only_ideas_combined/labels/train/ideas__idtrees__plot_train_OSBS_14_annotated.txt,/home/maciej.wielgosz/Projects/segm/DL_model_version/artifacts/ideas_chm_only_0p5m/ideas__idtrees__plot_train_OSBS_14_annotated.tif,,13
ideas__idtrees__plot_train_OSBS_15_annotated,ideas_als,IDTREES,dev,train,crown_overlay,/home/maciej.wielgosz/Projects/segm/ideas_als/IDTREES/plot_train_OSBS_15_annotated.las,/home/maciej.wielgosz/Projects/segm/DL_model_version/dataset_chm_only_ideas_combined/images/train/ideas__idtrees__plot_train_OSBS_15_annotated.png,/home/maciej.wielgosz/Projects/segm/DL_model_version/dataset_chm_only_ideas_combined/labels/train/ideas__idtrees__plot_train_OSBS_15_annotated.txt,/home/maciej.wielgosz/Projects/segm/DL_model_version/artifacts/ideas_chm_only_0p5m/ideas__idtrees__plot_train_OSBS_15_annotated.tif,,7
ideas__idtrees__plot_train_OSBS_16_annotated,ideas_als,IDTREES,dev,train,crown_overlay,/home/maciej.wielgosz/Projects/segm/ideas_als/IDTREES/plot_train_OSBS_16_annotated.las,/home/maciej.wielgosz/Projects/segm/DL_model_version/dataset_chm_only_ideas_combined/images/train/ideas__idtrees__plot_train_OSBS_16_annotated.png,/home/maciej.wielgosz/Projects/segm/DL_model_version/dataset_chm_only_ideas_combined/labels/train/ideas__idtrees__plot_train_OSBS_16_annotated.txt,/home/maciej.wielgosz/Projects/segm/DL_model_version/artifacts/ideas_chm_only_0p5m/ideas__idtrees__plot_train_OSBS_16_annotated.tif,,2
ideas__idtrees__plot_train_OSBS_17_annotated,ideas_als,IDTREES,dev,train,crown_overlay,/home/maciej.wielgosz/Projects/segm/ideas_als/IDTREES/plot_train_OSBS_17_annotated.las,/home/maciej.wielgosz/Projects/segm/DL_model_version/dataset_chm_only_ideas_combined/images/train/ideas__idtrees__plot_train_OSBS_17_annotated.png,/home/maciej.wielgosz/Projects/segm/DL_model_version/dataset_chm_only_ideas_combined/labels/train/ideas__idtrees__plot_train_OSBS_17_annotated.txt,/home/maciej.wielgosz/Projects/segm/DL_model_version/artifacts/ideas_chm_only_0p5m/ideas__idtrees__plot_train_OSBS_17_annotated.tif,,8
ideas__idtrees__plot_train_OSBS_18_annotated,ideas_als,IDTREES,dev,train,crown_overlay,/home/maciej.wielgosz/Projects/segm/ideas_als/IDTREES/plot_train_OSBS_18_annotated.las,/home/maciej.wielgosz/Projects/segm/DL_model_version/dataset_chm_only_ideas_combined/images/train/ideas__idtrees__plot_train_OSBS_18_annotated.png,/home/maciej.wielgosz/Projects/segm/DL_model_version/dataset_chm_only_ideas_combined/labels/train/ideas__idtrees__plot_train_OSBS_18_annotated.txt,/home/maciej.wielgosz/Projects/segm/DL_model_version/artifacts/ideas_chm_only_0p5m/ideas__idtrees__plot_train_OSBS_18_annotated.tif,,20
ideas__idtrees__plot_train_OSBS_19_annotated,ideas_als,IDTREES,dev,train,crown_overlay,/home/maciej.wielgosz/Projects/segm/ideas_als/IDTREES/plot_train_OSBS_19_annotated.las,/home/maciej.wielgosz/Projects/segm/DL_model_version/dataset_chm_only_ideas_combined/images/train/ideas__idtrees__plot_train_OSBS_19_annotated.png,/home/maciej.wielgosz/Projects/segm/DL_model_version/dataset_chm_only_ideas_combined/labels/train/ideas__idtrees__plot_train_OSBS_19_annotated.txt,/home/maciej.wielgosz/Projects/segm/DL_model_version/artifacts/ideas_chm_only_0p5m/ideas__idtrees__plot_train_OSBS_19_annotated.tif,,8
ideas__idtrees__plot_train_OSBS_1_annotated,ideas_als,IDTREES,dev,train,crown_overlay,/home/maciej.wielgosz/Projects/segm/ideas_als/IDTREES/plot_train_OSBS_1_annotated.las,/home/maciej.wielgosz/Projects/segm/DL_model_version/dataset_chm_only_ideas_combined/images/train/ideas__idtrees__plot_train_OSBS_1_annotated.png,/home/maciej.wielgosz/Projects/segm/DL_model_version/dataset_chm_only_ideas_combined/labels/train/ideas__idtrees__plot_train_OSBS_1_annotated.txt,/home/maciej.wielgosz/Projects/segm/DL_model_version/artifacts/ideas_chm_only_0p5m/ideas__idtrees__plot_train_OSBS_1_annotated.tif,,10
ideas__idtrees__plot_train_OSBS_20_annotated,ideas_als,IDTREES,dev,train,crown_overlay,/home/maciej.wielgosz/Projects/segm/ideas_als/IDTREES/plot_train_OSBS_20_annotated.las,/home/maciej.wielgosz/Projects/segm/DL_model_version/dataset_chm_only_ideas_combined/images/train/ideas__idtrees__plot_train_OSBS_20_annotated.png,/home/maciej.wielgosz/Projects/segm/DL_model_version/dataset_chm_only_ideas_combined/labels/train/ideas__idtrees__plot_train_OSBS_20_annotated.txt,/home/maciej.wielgosz/Projects/segm/DL_model_version/artifacts/ideas_chm_only_0p5m/ideas__idtrees__plot_train_OSBS_20_annotated.tif,,14
ideas__idtrees__plot_train_OSBS_21_annotated,ideas_als,IDTREES,dev,train,crown_overlay,/home/maciej.wielgosz/Projects/segm/ideas_als/IDTREES/plot_train_OSBS_21_annotated.las,/home/maciej.wielgosz/Projects/segm/DL_model_version/dataset_chm_only_ideas_combined/images/train/ideas__idtrees__plot_train_OSBS_21_annotated.png,/home/maciej.wielgosz/Projects/segm/DL_model_version/dataset_chm_only_ideas_combined/labels/train/ideas__idtrees__plot_train_OSBS_21_annotated.txt,/home/maciej.wielgosz/Projects/segm/DL_model_version/artifacts/ideas_chm_only_0p5m/ideas__idtrees__plot_train_OSBS_21_annotated.tif,,22
ideas__idtrees__plot_train_OSBS_22_annotated,ideas_als,IDTREES,dev,train,crown_overlay,/home/maciej.wielgosz/Projects/segm/ideas_als/IDTREES/plot_train_OSBS_22_annotated.las,/home/maciej.wielgosz/Projects/segm/DL_model_version/dataset_chm_only_ideas_combined/images/train/ideas__idtrees__plot_train_OSBS_22_annotated.png,/home/maciej.wielgosz/Projects/segm/DL_model_version/dataset_chm_only_ideas_combined/labels/train/ideas__idtrees__plot_train_OSBS_22_annotated.txt,/home/maciej.wielgosz/Projects/segm/DL_model_version/artifacts/ideas_chm_only_0p5m/ideas__idtrees__plot_train_OSBS_22_annotated.tif,,11
ideas__idtrees__plot_train_OSBS_23_annotated,ideas_als,IDTREES,dev,train,crown_overlay,/home/maciej.wielgosz/Projects/segm/ideas_als/IDTREES/plot_train_OSBS_23_annotated.las,/home/maciej.wielgosz/Projects/segm/DL_model_version/dataset_chm_only_ideas_combined/images/train/ideas__idtrees__plot_train_OSBS_23_annotated.png,/home/maciej.wielgosz/Projects/segm/DL_model_version/dataset_chm_only_ideas_combined/labels/train/ideas__idtrees__plot_train_OSBS_23_annotated.txt,/home/maciej.wielgosz/Projects/segm/DL_model_version/artifacts/ideas_chm_only_0p5m/ideas__idtrees__plot_train_OSBS_23_annotated.tif,,12
ideas__idtrees__plot_train_OSBS_24_annotated,ideas_als,IDTREES,dev,train,crown_overlay,/home/maciej.wielgosz/Projects/segm/ideas_als/IDTREES/plot_train_OSBS_24_annotated.las,/home/maciej.wielgosz/Projects/segm/DL_model_version/dataset_chm_only_ideas_combined/images/train/ideas__idtrees__plot_train_OSBS_24_annotated.png,/home/maciej.wielgosz/Projects/segm/DL_model_version/dataset_chm_only_ideas_combined/labels/train/ideas__idtrees__plot_train_OSBS_24_annotated.txt,/home/maciej.wielgosz/Projects/segm/DL_model_version/artifacts/ideas_chm_only_0p5m/ideas__idtrees__plot_train_OSBS_24_annotated.tif,,22
ideas__idtrees__plot_train_OSBS_25_annotated,ideas_als,IDTREES,dev,train,crown_overlay,/home/maciej.wielgosz/Projects/segm/ideas_als/IDTREES/plot_train_OSBS_25_annotated.las,/home/maciej.wielgosz/Projects/segm/DL_model_version/dataset_chm_only_ideas_combined/images/train/ideas__idtrees__plot_train_OSBS_25_annotated.png,/home/maciej.wielgosz/Projects/segm/DL_model_version/dataset_chm_only_ideas_combined/labels/train/ideas__idtrees__plot_train_OSBS_25_annotated.txt,/home/maciej.wielgosz/Projects/segm/DL_model_version/artifacts/ideas_chm_only_0p5m/ideas__idtrees__plot_train_OSBS_25_annotated.tif,,20
ideas__idtrees__plot_train_OSBS_26_annotated,ideas_als,IDTREES,dev,train,crown_overlay,/home/maciej.wielgosz/Projects/segm/ideas_als/IDTREES/plot_train_OSBS_26_annotated.las,/home/maciej.wielgosz/Projects/segm/DL_model_version/dataset_chm_only_ideas_combined/images/train/ideas__idtrees__plot_train_OSBS_26_annotated.png,/home/maciej.wielgosz/Projects/segm/DL_model_version/dataset_chm_only_ideas_combined/labels/train/ideas__idtrees__plot_train_OSBS_26_annotated.txt,/home/maciej.wielgosz/Projects/segm/DL_model_version/artifacts/ideas_chm_only_0p5m/ideas__idtrees__plot_train_OSBS_26_annotated.tif,,15
ideas__idtrees__plot_train_OSBS_27_annotated,ideas_als,IDTREES,dev,train,crown_overlay,/home/maciej.wielgosz/Projects/segm/ideas_als/IDTREES/plot_train_OSBS_27_annotated.las,/home/maciej.wielgosz/Projects/segm/DL_model_version/dataset_chm_only_ideas_combined/images/train/ideas__idtrees__plot_train_OSBS_27_annotated.png,/home/maciej.wielgosz/Projects/segm/DL_model_version/dataset_chm_only_ideas_combined/labels/train/ideas__idtrees__plot_train_OSBS_27_annotated.txt,/home/maciej.wielgosz/Projects/segm/DL_model_version/artifacts/ideas_chm_only_0p5m/ideas__idtrees__plot_train_OSBS_27_annotated.tif,,5
ideas__idtrees__plot_train_OSBS_28_annotated,ideas_als,IDTREES,dev,train,crown_overlay,/home/maciej.wielgosz/Projects/segm/ideas_als/IDTREES/plot_train_OSBS_28_annotated.las,/home/maciej.wielgosz/Projects/segm/DL_model_version/dataset_chm_only_ideas_combined/images/train/ideas__idtrees__plot_train_OSBS_28_annotated.png,/home/maciej.wielgosz/Projects/segm/DL_model_version/dataset_chm_only_ideas_combined/labels/train/ideas__idtrees__plot_train_OSBS_28_annotated.txt,/home/maciej.wielgosz/Projects/segm/DL_model_version/artifacts/ideas_chm_only_0p5m/ideas__idtrees__plot_train_OSBS_28_annotated.tif,,12
ideas__idtrees__plot_train_OSBS_29_annotated,ideas_als,IDTREES,dev,train,crown_overlay,/home/maciej.wielgosz/Projects/segm/ideas_als/IDTREES/plot_train_OSBS_29_annotated.las,/home/maciej.wielgosz/Projects/segm/DL_model_version/dataset_chm_only_ideas_combined/images/train/ideas__idtrees__plot_train_OSBS_29_annotated.png,/home/maciej.wielgosz/Projects/segm/DL_model_version/dataset_chm_only_ideas_combined/labels/train/ideas__idtrees__plot_train_OSBS_29_annotated.txt,/home/maciej.wielgosz/Projects/segm/DL_model_version/artifacts/ideas_chm_only_0p5m/ideas__idtrees__plot_train_OSBS_29_annotated.tif,,16
ideas__idtrees__plot_train_OSBS_2_annotated,ideas_als,IDTREES,dev,train,crown_overlay,/home/maciej.wielgosz/Projects/segm/ideas_als/IDTREES/plot_train_OSBS_2_annotated.las,/home/maciej.wielgosz/Projects/segm/DL_model_version/dataset_chm_only_ideas_combined/images/train/ideas__idtrees__plot_train_OSBS_2_annotated.png,/home/maciej.wielgosz/Projects/segm/DL_model_version/dataset_chm_only_ideas_combined/labels/train/ideas__idtrees__plot_train_OSBS_2_annotated.txt,/home/maciej.wielgosz/Projects/segm/DL_model_version/artifacts/ideas_chm_only_0p5m/ideas__idtrees__plot_train_OSBS_2_annotated.tif,,19
ideas__idtrees__plot_train_OSBS_30_annotated,ideas_als,IDTREES,dev,train,crown_overlay,/home/maciej.wielgosz/Projects/segm/ideas_als/IDTREES/plot_train_OSBS_30_annotated.las,/home/maciej.wielgosz/Projects/segm/DL_model_version/dataset_chm_only_ideas_combined/images/train/ideas__idtrees__plot_train_OSBS_30_annotated.png,/home/maciej.wielgosz/Projects/segm/DL_model_version/dataset_chm_only_ideas_combined/labels/train/ideas__idtrees__plot_train_OSBS_30_annotated.txt,/home/maciej.wielgosz/Projects/segm/DL_model_version/artifacts/ideas_chm_only_0p5m/ideas__idtrees__plot_train_OSBS_30_annotated.tif,,9
ideas__idtrees__plot_train_OSBS_31_annotated,ideas_als,IDTREES,dev,train,crown_overlay,/home/maciej.wielgosz/Projects/segm/ideas_als/IDTREES/plot_train_OSBS_31_annotated.las,/home/maciej.wielgosz/Projects/segm/DL_model_version/dataset_chm_only_ideas_combined/images/train/ideas__idtrees__plot_train_OSBS_31_annotated.png,/home/maciej.wielgosz/Projects/segm/DL_model_version/dataset_chm_only_ideas_combined/labels/train/ideas__idtrees__plot_train_OSBS_31_annotated.txt,/home/maciej.wielgosz/Projects/segm/DL_model_version/artifacts/ideas_chm_only_0p5m/ideas__idtrees__plot_train_OSBS_31_annotated.tif,,9
ideas__idtrees__plot_train_OSBS_32_annotated,ideas_als,IDTREES,dev,train,crown_overlay,/home/maciej.wielgosz/Projects/segm/ideas_als/IDTREES/plot_train_OSBS_32_annotated.las,/home/maciej.wielgosz/Projects/segm/DL_model_version/dataset_chm_only_ideas_combined/images/train/ideas__idtrees__plot_train_OSBS_32_annotated.png,/home/maciej.wielgosz/Projects/segm/DL_model_version/dataset_chm_only_ideas_combined/labels/train/ideas__idtrees__plot_train_OSBS_32_annotated.txt,/home/maciej.wielgosz/Projects/segm/DL_model_version/artifacts/ideas_chm_only_0p5m/ideas__idtrees__plot_train_OSBS_32_annotated.tif,,11
ideas__idtrees__plot_train_OSBS_33_annotated,ideas_als,IDTREES,dev,train,crown_overlay,/home/maciej.wielgosz/Projects/segm/ideas_als/IDTREES/plot_train_OSBS_33_annotated.las,/home/maciej.wielgosz/Projects/segm/DL_model_version/dataset_chm_only_ideas_combined/images/train/ideas__idtrees__plot_train_OSBS_33_annotated.png,/home/maciej.wielgosz/Projects/segm/DL_model_version/dataset_chm_only_ideas_combined/labels/train/ideas__idtrees__plot_train_OSBS_33_annotated.txt,/home/maciej.wielgosz/Projects/segm/DL_model_version/artifacts/ideas_chm_only_0p5m/ideas__idtrees__plot_train_OSBS_33_annotated.tif,,10
ideas__idtrees__plot_train_OSBS_34_annotated,ideas_als,IDTREES,dev,train,crown_overlay,/home/maciej.wielgosz/Projects/segm/ideas_als/IDTREES/plot_train_OSBS_34_annotated.las,/home/maciej.wielgosz/Projects/segm/DL_model_version/dataset_chm_only_ideas_combined/images/train/ideas__idtrees__plot_train_OSBS_34_annotated.png,/home/maciej.wielgosz/Projects/segm/DL_model_version/dataset_chm_only_ideas_combined/labels/train/ideas__idtrees__plot_train_OSBS_34_annotated.txt,/home/maciej.wielgosz/Projects/segm/DL_model_version/artifacts/ideas_chm_only_0p5m/ideas__idtrees__plot_train_OSBS_34_annotated.tif,,13
ideas__idtrees__plot_train_OSBS_35_annotated,ideas_als,IDTREES,dev,train,crown_overlay,/home/maciej.wielgosz/Projects/segm/ideas_als/IDTREES/plot_train_OSBS_35_annotated.las,/home/maciej.wielgosz/Projects/segm/DL_model_version/dataset_chm_only_ideas_combined/images/train/ideas__idtrees__plot_train_OSBS_35_annotated.png,/home/maciej.wielgosz/Projects/segm/DL_model_version/dataset_chm_only_ideas_combined/labels/train/ideas__idtrees__plot_train_OSBS_35_annotated.txt,/home/maciej.wielgosz/Projects/segm/DL_model_version/artifacts/ideas_chm_only_0p5m/ideas__idtrees__plot_train_OSBS_35_annotated.tif,,2
ideas__idtrees__plot_train_OSBS_36_annotated,ideas_als,IDTREES,dev,train,crown_overlay,/home/maciej.wielgosz/Projects/segm/ideas_als/IDTREES/plot_train_OSBS_36_annotated.las,/home/maciej.wielgosz/Projects/segm/DL_model_version/dataset_chm_only_ideas_combined/images/train/ideas__idtrees__plot_train_OSBS_36_annotated.png,/home/maciej.wielgosz/Projects/segm/DL_model_version/dataset_chm_only_ideas_combined/labels/train/ideas__idtrees__plot_train_OSBS_36_annotated.txt,/home/maciej.wielgosz/Projects/segm/DL_model_version/artifacts/ideas_chm_only_0p5m/ideas__idtrees__plot_train_OSBS_36_annotated.tif,,7
ideas__idtrees__plot_train_OSBS_37_annotated,ideas_als,IDTREES,dev,train,crown_overlay,/home/maciej.wielgosz/Projects/segm/ideas_als/IDTREES/plot_train_OSBS_37_annotated.las,/home/maciej.wielgosz/Projects/segm/DL_model_version/dataset_chm_only_ideas_combined/images/train/ideas__idtrees__plot_train_OSBS_37_annotated.png,/home/maciej.wielgosz/Projects/segm/DL_model_version/dataset_chm_only_ideas_combined/labels/train/ideas__idtrees__plot_train_OSBS_37_annotated.txt,/home/maciej.wielgosz/Projects/segm/DL_model_version/artifacts/ideas_chm_only_0p5m/ideas__idtrees__plot_train_OSBS_37_annotated.tif,,6
ideas__idtrees__plot_train_OSBS_38_annotated,ideas_als,IDTREES,dev,train,crown_overlay,/home/maciej.wielgosz/Projects/segm/ideas_als/IDTREES/plot_train_OSBS_38_annotated.las,/home/maciej.wielgosz/Projects/segm/DL_model_version/dataset_chm_only_ideas_combined/images/train/ideas__idtrees__plot_train_OSBS_38_annotated.png,/home/maciej.wielgosz/Projects/segm/DL_model_version/dataset_chm_only_ideas_combined/labels/train/ideas__idtrees__plot_train_OSBS_38_annotated.txt,/home/maciej.wielgosz/Projects/segm/DL_model_version/artifacts/ideas_chm_only_0p5m/ideas__idtrees__plot_train_OSBS_38_annotated.tif,,6
ideas__idtrees__plot_train_OSBS_39_annotated,ideas_als,IDTREES,dev,train,crown_overlay,/home/maciej.wielgosz/Projects/segm/ideas_als/IDTREES/plot_train_OSBS_39_annotated.las,/home/maciej.wielgosz/Projects/segm/DL_model_version/dataset_chm_only_ideas_combined/images/train/ideas__idtrees__plot_train_OSBS_39_annotated.png,/home/maciej.wielgosz/Projects/segm/DL_model_version/dataset_chm_only_ideas_combined/labels/train/ideas__idtrees__plot_train_OSBS_39_annotated.txt,/home/maciej.wielgosz/Projects/segm/DL_model_version/artifacts/ideas_chm_only_0p5m/ideas__idtrees__plot_train_OSBS_39_annotated.tif,,13
ideas__idtrees__plot_train_OSBS_3_annotated,ideas_als,IDTREES,dev,train,crown_overlay,/home/maciej.wielgosz/Projects/segm/ideas_als/IDTREES/plot_train_OSBS_3_annotated.las,/home/maciej.wielgosz/Projects/segm/DL_model_version/dataset_chm_only_ideas_combined/images/train/ideas__idtrees__plot_train_OSBS_3_annotated.png,/home/maciej.wielgosz/Projects/segm/DL_model_version/dataset_chm_only_ideas_combined/labels/train/ideas__idtrees__plot_train_OSBS_3_annotated.txt,/home/maciej.wielgosz/Projects/segm/DL_model_version/artifacts/ideas_chm_only_0p5m/ideas__idtrees__plot_train_OSBS_3_annotated.tif,,15
ideas__idtrees__plot_train_OSBS_4_annotated,ideas_als,IDTREES,dev,train,crown_overlay,/home/maciej.wielgosz/Projects/segm/ideas_als/IDTREES/plot_train_OSBS_4_annotated.las,/home/maciej.wielgosz/Projects/segm/DL_model_version/dataset_chm_only_ideas_combined/images/train/ideas__idtrees__plot_train_OSBS_4_annotated.png,/home/maciej.wielgosz/Projects/segm/DL_model_version/dataset_chm_only_ideas_combined/labels/train/ideas__idtrees__plot_train_OSBS_4_annotated.txt,/home/maciej.wielgosz/Projects/segm/DL_model_version/artifacts/ideas_chm_only_0p5m/ideas__idtrees__plot_train_OSBS_4_annotated.tif,,11
ideas__idtrees__plot_train_OSBS_5_annotated,ideas_als,IDTREES,dev,train,crown_overlay,/home/maciej.wielgosz/Projects/segm/ideas_als/IDTREES/plot_train_OSBS_5_annotated.las,/home/maciej.wielgosz/Projects/segm/DL_model_version/dataset_chm_only_ideas_combined/images/train/ideas__idtrees__plot_train_OSBS_5_annotated.png,/home/maciej.wielgosz/Projects/segm/DL_model_version/dataset_chm_only_ideas_combined/labels/train/ideas__idtrees__plot_train_OSBS_5_annotated.txt,/home/maciej.wielgosz/Projects/segm/DL_model_version/artifacts/ideas_chm_only_0p5m/ideas__idtrees__plot_train_OSBS_5_annotated.tif,,7
ideas__idtrees__plot_train_OSBS_6_annotated,ideas_als,IDTREES,dev,train,crown_overlay,/home/maciej.wielgosz/Projects/segm/ideas_als/IDTREES/plot_train_OSBS_6_annotated.las,/home/maciej.wielgosz/Projects/segm/DL_model_version/dataset_chm_only_ideas_combined/images/train/ideas__idtrees__plot_train_OSBS_6_annotated.png,/home/maciej.wielgosz/Projects/segm/DL_model_version/dataset_chm_only_ideas_combined/labels/train/ideas__idtrees__plot_train_OSBS_6_annotated.txt,/home/maciej.wielgosz/Projects/segm/DL_model_version/artifacts/ideas_chm_only_0p5m/ideas__idtrees__plot_train_OSBS_6_annotated.tif,,4
ideas__idtrees__plot_train_OSBS_7_annotated,ideas_als,IDTREES,dev,train,crown_overlay,/home/maciej.wielgosz/Projects/segm/ideas_als/IDTREES/plot_train_OSBS_7_annotated.las,/home/maciej.wielgosz/Projects/segm/DL_model_version/dataset_chm_only_ideas_combined/images/train/ideas__idtrees__plot_train_OSBS_7_annotated.png,/home/maciej.wielgosz/Projects/segm/DL_model_version/dataset_chm_only_ideas_combined/labels/train/ideas__idtrees__plot_train_OSBS_7_annotated.txt,/home/maciej.wielgosz/Projects/segm/DL_model_version/artifacts/ideas_chm_only_0p5m/ideas__idtrees__plot_train_OSBS_7_annotated.tif,,17
ideas__idtrees__plot_train_OSBS_8_annotated,ideas_als,IDTREES,dev,train,crown_overlay,/home/maciej.wielgosz/Projects/segm/ideas_als/IDTREES/plot_train_OSBS_8_annotated.las,/home/maciej.wielgosz/Projects/segm/DL_model_version/dataset_chm_only_ideas_combined/images/train/ideas__idtrees__plot_train_OSBS_8_annotated.png,/home/maciej.wielgosz/Projects/segm/DL_model_version/dataset_chm_only_ideas_combined/labels/train/ideas__idtrees__plot_train_OSBS_8_annotated.txt,/home/maciej.wielgosz/Projects/segm/DL_model_version/artifacts/ideas_chm_only_0p5m/ideas__idtrees__plot_train_OSBS_8_annotated.tif,,8
ideas__idtrees__plot_train_OSBS_9_annotated,ideas_als,IDTREES,dev,train,crown_overlay,/home/maciej.wielgosz/Projects/segm/ideas_als/IDTREES/plot_train_OSBS_9_annotated.las,/home/maciej.wielgosz/Projects/segm/DL_model_version/dataset_chm_only_ideas_combined/images/train/ideas__idtrees__plot_train_OSBS_9_annotated.png,/home/maciej.wielgosz/Projects/segm/DL_model_version/dataset_chm_only_ideas_combined/labels/train/ideas__idtrees__plot_train_OSBS_9_annotated.txt,/home/maciej.wielgosz/Projects/segm/DL_model_version/artifacts/ideas_chm_only_0p5m/ideas__idtrees__plot_train_OSBS_9_annotated.tif,,5
ideas__la_palma__plot_1_annotated,ideas_als,LA_PALMA,dev,train,point_native,/home/maciej.wielgosz/Projects/segm/ideas_als/LA_PALMA/plot_1_annotated.las,/home/maciej.wielgosz/Projects/segm/DL_model_version/dataset_chm_only_ideas_combined/images/train/ideas__la_palma__plot_1_annotated.png,/home/maciej.wielgosz/Projects/segm/DL_model_version/dataset_chm_only_ideas_combined/labels/train/ideas__la_palma__plot_1_annotated.txt,/home/maciej.wielgosz/Projects/segm/DL_model_version/artifacts/ideas_chm_only_0p5m/ideas__la_palma__plot_1_annotated.tif,,25
ideas__sepilok__plot_1_annotated,ideas_als,SEPILOK,dev,train,point_native,/home/maciej.wielgosz/Projects/segm/ideas_als/SEPILOK/plot_1_annotated.las,/home/maciej.wielgosz/Projects/segm/DL_model_version/dataset_chm_only_ideas_combined/images/train/ideas__sepilok__plot_1_annotated.png,/home/maciej.wielgosz/Projects/segm/DL_model_version/dataset_chm_only_ideas_combined/labels/train/ideas__sepilok__plot_1_annotated.txt,/home/maciej.wielgosz/Projects/segm/DL_model_version/artifacts/ideas_chm_only_0p5m/ideas__sepilok__plot_1_annotated.tif,,90
ideas__wildforest3d__plot_10_annotated,ideas_als,WILDFOREST3D,dev,train,point_native,/home/maciej.wielgosz/Projects/segm/ideas_als/WILDFOREST3D/plot_10_annotated.las,/home/maciej.wielgosz/Projects/segm/DL_model_version/dataset_chm_only_ideas_combined/images/train/ideas__wildforest3d__plot_10_annotated.png,/home/maciej.wielgosz/Projects/segm/DL_model_version/dataset_chm_only_ideas_combined/labels/train/ideas__wildforest3d__plot_10_annotated.txt,/home/maciej.wielgosz/Projects/segm/DL_model_version/artifacts/ideas_chm_only_0p5m/ideas__wildforest3d__plot_10_annotated.tif,,55
ideas__wildforest3d__plot_12_annotated,ideas_als,WILDFOREST3D,dev,train,point_native,/home/maciej.wielgosz/Projects/segm/ideas_als/WILDFOREST3D/plot_12_annotated.las,/home/maciej.wielgosz/Projects/segm/DL_model_version/dataset_chm_only_ideas_combined/images/train/ideas__wildforest3d__plot_12_annotated.png,/home/maciej.wielgosz/Projects/segm/DL_model_version/dataset_chm_only_ideas_combined/labels/train/ideas__wildforest3d__plot_12_annotated.txt,/home/maciej.wielgosz/Projects/segm/DL_model_version/artifacts/ideas_chm_only_0p5m/ideas__wildforest3d__plot_12_annotated.tif,,93
ideas__wildforest3d__plot_13_annotated,ideas_als,WILDFOREST3D,dev,train,point_native,/home/maciej.wielgosz/Projects/segm/ideas_als/WILDFOREST3D/plot_13_annotated.las,/home/maciej.wielgosz/Projects/segm/DL_model_version/dataset_chm_only_ideas_combined/images/train/ideas__wildforest3d__plot_13_annotated.png,/home/maciej.wielgosz/Projects/segm/DL_model_version/dataset_chm_only_ideas_combined/labels/train/ideas__wildforest3d__plot_13_annotated.txt,/home/maciej.wielgosz/Projects/segm/DL_model_version/artifacts/ideas_chm_only_0p5m/ideas__wildforest3d__plot_13_annotated.tif,,65
ideas__wildforest3d__plot_14_annotated,ideas_als,WILDFOREST3D,dev,train,point_native,/home/maciej.wielgosz/Projects/segm/ideas_als/WILDFOREST3D/plot_14_annotated.las,/home/maciej.wielgosz/Projects/segm/DL_model_version/dataset_chm_only_ideas_combined/images/train/ideas__wildforest3d__plot_14_annotated.png,/home/maciej.wielgosz/Projects/segm/DL_model_version/dataset_chm_only_ideas_combined/labels/train/ideas__wildforest3d__plot_14_annotated.txt,/home/maciej.wielgosz/Projects/segm/DL_model_version/artifacts/ideas_chm_only_0p5m/ideas__wildforest3d__plot_14_annotated.tif,,23
ideas__wildforest3d__plot_15_annotated,ideas_als,WILDFOREST3D,dev,train,point_native,/home/maciej.wielgosz/Projects/segm/ideas_als/WILDFOREST3D/plot_15_annotated.las,/home/maciej.wielgosz/Projects/segm/DL_model_version/dataset_chm_only_ideas_combined/images/train/ideas__wildforest3d__plot_15_annotated.png,/home/maciej.wielgosz/Projects/segm/DL_model_version/dataset_chm_only_ideas_combined/labels/train/ideas__wildforest3d__plot_15_annotated.txt,/home/maciej.wielgosz/Projects/segm/DL_model_version/artifacts/ideas_chm_only_0p5m/ideas__wildforest3d__plot_15_annotated.tif,,34
ideas__wildforest3d__plot_16_annotated,ideas_als,WILDFOREST3D,dev,train,point_native,/home/maciej.wielgosz/Projects/segm/ideas_als/WILDFOREST3D/plot_16_annotated.las,/home/maciej.wielgosz/Projects/segm/DL_model_version/dataset_chm_only_ideas_combined/images/train/ideas__wildforest3d__plot_16_annotated.png,/home/maciej.wielgosz/Projects/segm/DL_model_version/dataset_chm_only_ideas_combined/labels/train/ideas__wildforest3d__plot_16_annotated.txt,/home/maciej.wielgosz/Projects/segm/DL_model_version/artifacts/ideas_chm_only_0p5m/ideas__wildforest3d__plot_16_annotated.tif,,93
ideas__wildforest3d__plot_17_annotated,ideas_als,WILDFOREST3D,dev,train,point_native,/home/maciej.wielgosz/Projects/segm/ideas_als/WILDFOREST3D/plot_17_annotated.las,/home/maciej.wielgosz/Projects/segm/DL_model_version/dataset_chm_only_ideas_combined/images/train/ideas__wildforest3d__plot_17_annotated.png,/home/maciej.wielgosz/Projects/segm/DL_model_version/dataset_chm_only_ideas_combined/labels/train/ideas__wildforest3d__plot_17_annotated.txt,/home/maciej.wielgosz/Projects/segm/DL_model_version/artifacts/ideas_chm_only_0p5m/ideas__wildforest3d__plot_17_annotated.tif,,53
ideas__wildforest3d__plot_18_annotated,ideas_als,WILDFOREST3D,dev,train,point_native,/home/maciej.wielgosz/Projects/segm/ideas_als/WILDFOREST3D/plot_18_annotated.las,/home/maciej.wielgosz/Projects/segm/DL_model_version/dataset_chm_only_ideas_combined/images/train/ideas__wildforest3d__plot_18_annotated.png,/home/maciej.wielgosz/Projects/segm/DL_model_version/dataset_chm_only_ideas_combined/labels/train/ideas__wildforest3d__plot_18_annotated.txt,/home/maciej.wielgosz/Projects/segm/DL_model_version/artifacts/ideas_chm_only_0p5m/ideas__wildforest3d__plot_18_annotated.tif,,29
ideas__wildforest3d__plot_19_annotated,ideas_als,WILDFOREST3D,dev,train,point_native,/home/maciej.wielgosz/Projects/segm/ideas_als/WILDFOREST3D/plot_19_annotated.las,/home/maciej.wielgosz/Projects/segm/DL_model_version/dataset_chm_only_ideas_combined/images/train/ideas__wildforest3d__plot_19_annotated.png,/home/maciej.wielgosz/Projects/segm/DL_model_version/dataset_chm_only_ideas_combined/labels/train/ideas__wildforest3d__plot_19_annotated.txt,/home/maciej.wielgosz/Projects/segm/DL_model_version/artifacts/ideas_chm_only_0p5m/ideas__wildforest3d__plot_19_annotated.tif,,29
ideas__wildforest3d__plot_1_annotated,ideas_als,WILDFOREST3D,dev,train,point_native,/home/maciej.wielgosz/Projects/segm/ideas_als/WILDFOREST3D/plot_1_annotated.las,/home/maciej.wielgosz/Projects/segm/DL_model_version/dataset_chm_only_ideas_combined/images/train/ideas__wildforest3d__plot_1_annotated.png,/home/maciej.wielgosz/Projects/segm/DL_model_version/dataset_chm_only_ideas_combined/labels/train/ideas__wildforest3d__plot_1_annotated.txt,/home/maciej.wielgosz/Projects/segm/DL_model_version/artifacts/ideas_chm_only_0p5m/ideas__wildforest3d__plot_1_annotated.tif,,92
ideas__wildforest3d__plot_20_annotated,ideas_als,WILDFOREST3D,dev,train,point_native,/home/maciej.wielgosz/Projects/segm/ideas_als/WILDFOREST3D/plot_20_annotated.las,/home/maciej.wielgosz/Projects/segm/DL_model_version/dataset_chm_only_ideas_combined/images/train/ideas__wildforest3d__plot_20_annotated.png,/home/maciej.wielgosz/Projects/segm/DL_model_version/dataset_chm_only_ideas_combined/labels/train/ideas__wildforest3d__plot_20_annotated.txt,/home/maciej.wielgosz/Projects/segm/DL_model_version/artifacts/ideas_chm_only_0p5m/ideas__wildforest3d__plot_20_annotated.tif,,46
ideas__wildforest3d__plot_21_annotated,ideas_als,WILDFOREST3D,dev,train,point_native,/home/maciej.wielgosz/Projects/segm/ideas_als/WILDFOREST3D/plot_21_annotated.las,/home/maciej.wielgosz/Projects/segm/DL_model_version/dataset_chm_only_ideas_combined/images/train/ideas__wildforest3d__plot_21_annotated.png,/home/maciej.wielgosz/Projects/segm/DL_model_version/dataset_chm_only_ideas_combined/labels/train/ideas__wildforest3d__plot_21_annotated.txt,/home/maciej.wielgosz/Projects/segm/DL_model_version/artifacts/ideas_chm_only_0p5m/ideas__wildforest3d__plot_21_annotated.tif,,38
ideas__wildforest3d__plot_22_annotated,ideas_als,WILDFOREST3D,dev,train,point_native,/home/maciej.wielgosz/Projects/segm/ideas_als/WILDFOREST3D/plot_22_annotated.las,/home/maciej.wielgosz/Projects/segm/DL_model_version/dataset_chm_only_ideas_combined/images/train/ideas__wildforest3d__plot_22_annotated.png,/home/maciej.wielgosz/Projects/segm/DL_model_version/dataset_chm_only_ideas_combined/labels/train/ideas__wildforest3d__plot_22_annotated.txt,/home/maciej.wielgosz/Projects/segm/DL_model_version/artifacts/ideas_chm_only_0p5m/ideas__wildforest3d__plot_22_annotated.tif,,31
ideas__wildforest3d__plot_23_annotated,ideas_als,WILDFOREST3D,dev,train,point_native,/home/maciej.wielgosz/Projects/segm/ideas_als/WILDFOREST3D/plot_23_annotated.las,/home/maciej.wielgosz/Projects/segm/DL_model_version/dataset_chm_only_ideas_combined/images/train/ideas__wildforest3d__plot_23_annotated.png,/home/maciej.wielgosz/Projects/segm/DL_model_version/dataset_chm_only_ideas_combined/labels/train/ideas__wildforest3d__plot_23_annotated.txt,/home/maciej.wielgosz/Projects/segm/DL_model_version/artifacts/ideas_chm_only_0p5m/ideas__wildforest3d__plot_23_annotated.tif,,42
ideas__wildforest3d__plot_24_annotated,ideas_als,WILDFOREST3D,dev,train,point_native,/home/maciej.wielgosz/Projects/segm/ideas_als/WILDFOREST3D/plot_24_annotated.las,/home/maciej.wielgosz/Projects/segm/DL_model_version/dataset_chm_only_ideas_combined/images/train/ideas__wildforest3d__plot_24_annotated.png,/home/maciej.wielgosz/Projects/segm/DL_model_version/dataset_chm_only_ideas_combined/labels/train/ideas__wildforest3d__plot_24_annotated.txt,/home/maciej.wielgosz/Projects/segm/DL_model_version/artifacts/ideas_chm_only_0p5m/ideas__wildforest3d__plot_24_annotated.tif,,98
ideas__wildforest3d__plot_25_annotated,ideas_als,WILDFOREST3D,dev,train,point_native,/home/maciej.wielgosz/Projects/segm/ideas_als/WILDFOREST3D/plot_25_annotated.las,/home/maciej.wielgosz/Projects/segm/DL_model_version/dataset_chm_only_ideas_combined/images/train/ideas__wildforest3d__plot_25_annotated.png,/home/maciej.wielgosz/Projects/segm/DL_model_version/dataset_chm_only_ideas_combined/labels/train/ideas__wildforest3d__plot_25_annotated.txt,/home/maciej.wielgosz/Projects/segm/DL_model_version/artifacts/ideas_chm_only_0p5m/ideas__wildforest3d__plot_25_annotated.tif,,29
ideas__wildforest3d__plot_26_annotated,ideas_als,WILDFOREST3D,dev,train,point_native,/home/maciej.wielgosz/Projects/segm/ideas_als/WILDFOREST3D/plot_26_annotated.las,/home/maciej.wielgosz/Projects/segm/DL_model_version/dataset_chm_only_ideas_combined/images/train/ideas__wildforest3d__plot_26_annotated.png,/home/maciej.wielgosz/Projects/segm/DL_model_version/dataset_chm_only_ideas_combined/labels/train/ideas__wildforest3d__plot_26_annotated.txt,/home/maciej.wielgosz/Projects/segm/DL_model_version/artifacts/ideas_chm_only_0p5m/ideas__wildforest3d__plot_26_annotated.tif,,29
ideas__wildforest3d__plot_27_annotated,ideas_als,WILDFOREST3D,dev,train,point_native,/home/maciej.wielgosz/Projects/segm/ideas_als/WILDFOREST3D/plot_27_annotated.las,/home/maciej.wielgosz/Projects/segm/DL_model_version/dataset_chm_only_ideas_combined/images/train/ideas__wildforest3d__plot_27_annotated.png,/home/maciej.wielgosz/Projects/segm/DL_model_version/dataset_chm_only_ideas_combined/labels/train/ideas__wildforest3d__plot_27_annotated.txt,/home/maciej.wielgosz/Projects/segm/DL_model_version/artifacts/ideas_chm_only_0p5m/ideas__wildforest3d__plot_27_annotated.tif,,33
ideas__wildforest3d__plot_28_annotated,ideas_als,WILDFOREST3D,dev,train,point_native,/home/maciej.wielgosz/Projects/segm/ideas_als/WILDFOREST3D/plot_28_annotated.las,/home/maciej.wielgosz/Projects/segm/DL_model_version/dataset_chm_only_ideas_combined/images/train/ideas__wildforest3d__plot_28_annotated.png,/home/maciej.wielgosz/Projects/segm/DL_model_version/dataset_chm_only_ideas_combined/labels/train/ideas__wildforest3d__plot_28_annotated.txt,/home/maciej.wielgosz/Projects/segm/DL_model_version/artifacts/ideas_chm_only_0p5m/ideas__wildforest3d__plot_28_annotated.tif,,54
ideas__wildforest3d__plot_29_annotated,ideas_als,WILDFOREST3D,dev,train,point_native,/home/maciej.wielgosz/Projects/segm/ideas_als/WILDFOREST3D/plot_29_annotated.las,/home/maciej.wielgosz/Projects/segm/DL_model_version/dataset_chm_only_ideas_combined/images/train/ideas__wildforest3d__plot_29_annotated.png,/home/maciej.wielgosz/Projects/segm/DL_model_version/dataset_chm_only_ideas_combined/labels/train/ideas__wildforest3d__plot_29_annotated.txt,/home/maciej.wielgosz/Projects/segm/DL_model_version/artifacts/ideas_chm_only_0p5m/ideas__wildforest3d__plot_29_annotated.tif,,97
ideas__wildforest3d__plot_2_annotated,ideas_als,WILDFOREST3D,dev,train,point_native,/home/maciej.wielgosz/Projects/segm/ideas_als/WILDFOREST3D/plot_2_annotated.las,/home/maciej.wielgosz/Projects/segm/DL_model_version/dataset_chm_only_ideas_combined/images/train/ideas__wildforest3d__plot_2_annotated.png,/home/maciej.wielgosz/Projects/segm/DL_model_version/dataset_chm_only_ideas_combined/labels/train/ideas__wildforest3d__plot_2_annotated.txt,/home/maciej.wielgosz/Projects/segm/DL_model_version/artifacts/ideas_chm_only_0p5m/ideas__wildforest3d__plot_2_annotated.tif,,47
ideas__wildforest3d__plot_3_annotated,ideas_als,WILDFOREST3D,dev,train,point_native,/home/maciej.wielgosz/Projects/segm/ideas_als/WILDFOREST3D/plot_3_annotated.las,/home/maciej.wielgosz/Projects/segm/DL_model_version/dataset_chm_only_ideas_combined/images/train/ideas__wildforest3d__plot_3_annotated.png,/home/maciej.wielgosz/Projects/segm/DL_model_version/dataset_chm_only_ideas_combined/labels/train/ideas__wildforest3d__plot_3_annotated.txt,/home/maciej.wielgosz/Projects/segm/DL_model_version/artifacts/ideas_chm_only_0p5m/ideas__wildforest3d__plot_3_annotated.tif,,64
ideas__wildforest3d__plot_4_annotated,ideas_als,WILDFOREST3D,dev,train,point_native,/home/maciej.wielgosz/Projects/segm/ideas_als/WILDFOREST3D/plot_4_annotated.las,/home/maciej.wielgosz/Projects/segm/DL_model_version/dataset_chm_only_ideas_combined/images/train/ideas__wildforest3d__plot_4_annotated.png,/home/maciej.wielgosz/Projects/segm/DL_model_version/dataset_chm_only_ideas_combined/labels/train/ideas__wildforest3d__plot_4_annotated.txt,/home/maciej.wielgosz/Projects/segm/DL_model_version/artifacts/ideas_chm_only_0p5m/ideas__wildforest3d__plot_4_annotated.tif,,43
ideas__wildforest3d__plot_5_annotated,ideas_als,WILDFOREST3D,dev,train,point_native,/home/maciej.wielgosz/Projects/segm/ideas_als/WILDFOREST3D/plot_5_annotated.las,/home/maciej.wielgosz/Projects/segm/DL_model_version/dataset_chm_only_ideas_combined/images/train/ideas__wildforest3d__plot_5_annotated.png,/home/maciej.wielgosz/Projects/segm/DL_model_version/dataset_chm_only_ideas_combined/labels/train/ideas__wildforest3d__plot_5_annotated.txt,/home/maciej.wielgosz/Projects/segm/DL_model_version/artifacts/ideas_chm_only_0p5m/ideas__wildforest3d__plot_5_annotated.tif,,40
ideas__wildforest3d__plot_6_annotated,ideas_als,WILDFOREST3D,dev,train,point_native,/home/maciej.wielgosz/Projects/segm/ideas_als/WILDFOREST3D/plot_6_annotated.las,/home/maciej.wielgosz/Projects/segm/DL_model_version/dataset_chm_only_ideas_combined/images/train/ideas__wildforest3d__plot_6_annotated.png,/home/maciej.wielgosz/Projects/segm/DL_model_version/dataset_chm_only_ideas_combined/labels/train/ideas__wildforest3d__plot_6_annotated.txt,/home/maciej.wielgosz/Projects/segm/DL_model_version/artifacts/ideas_chm_only_0p5m/ideas__wildforest3d__plot_6_annotated.tif,,70
ideas__wildforest3d__plot_7_annotated,ideas_als,WILDFOREST3D,dev,train,point_native,/home/maciej.wielgosz/Projects/segm/ideas_als/WILDFOREST3D/plot_7_annotated.las,/home/maciej.wielgosz/Projects/segm/DL_model_version/dataset_chm_only_ideas_combined/images/train/ideas__wildforest3d__plot_7_annotated.png,/home/maciej.wielgosz/Projects/segm/DL_model_version/dataset_chm_only_ideas_combined/labels/train/ideas__wildforest3d__plot_7_annotated.txt,/home/maciej.wielgosz/Projects/segm/DL_model_version/artifacts/ideas_chm_only_0p5m/ideas__wildforest3d__plot_7_annotated.tif,,59
ideas__wildforest3d__plot_8_annotated,ideas_als,WILDFOREST3D,dev,train,point_native,/home/maciej.wielgosz/Projects/segm/ideas_als/WILDFOREST3D/plot_8_annotated.las,/home/maciej.wielgosz/Projects/segm/DL_model_version/dataset_chm_only_ideas_combined/images/train/ideas__wildforest3d__plot_8_annotated.png,/home/maciej.wielgosz/Projects/segm/DL_model_version/dataset_chm_only_ideas_combined/labels/train/ideas__wildforest3d__plot_8_annotated.txt,/home/maciej.wielgosz/Projects/segm/DL_model_version/artifacts/ideas_chm_only_0p5m/ideas__wildforest3d__plot_8_annotated.tif,,79
ideas__wildforest3d__plot_92_annotated,ideas_als,WILDFOREST3D,dev,train,point_native,/home/maciej.wielgosz/Projects/segm/ideas_als/WILDFOREST3D/plot_92_annotated.las,/home/maciej.wielgosz/Projects/segm/DL_model_version/dataset_chm_only_ideas_combined/images/train/ideas__wildforest3d__plot_92_annotated.png,/home/maciej.wielgosz/Projects/segm/DL_model_version/dataset_chm_only_ideas_combined/labels/train/ideas__wildforest3d__plot_92_annotated.txt,/home/maciej.wielgosz/Projects/segm/DL_model_version/artifacts/ideas_chm_only_0p5m/ideas__wildforest3d__plot_92_annotated.tif,,60
ideas__wildforest3d__plot_9_annotated,ideas_als,WILDFOREST3D,dev,train,point_native,/home/maciej.wielgosz/Projects/segm/ideas_als/WILDFOREST3D/plot_9_annotated.las,/home/maciej.wielgosz/Projects/segm/DL_model_version/dataset_chm_only_ideas_combined/images/train/ideas__wildforest3d__plot_9_annotated.png,/home/maciej.wielgosz/Projects/segm/DL_model_version/dataset_chm_only_ideas_combined/labels/train/ideas__wildforest3d__plot_9_annotated.txt,/home/maciej.wielgosz/Projects/segm/DL_model_version/artifacts/ideas_chm_only_0p5m/ideas__wildforest3d__plot_9_annotated.tif,,41
ideas__wytham__plot_1_annotated,ideas_als,WYTHAM,dev,train,point_native,/home/maciej.wielgosz/Projects/segm/ideas_als/WYTHAM/plot_1_annotated.las,/home/maciej.wielgosz/Projects/segm/DL_model_version/dataset_chm_only_ideas_combined/images/train/ideas__wytham__plot_1_annotated.png,/home/maciej.wielgosz/Projects/segm/DL_model_version/dataset_chm_only_ideas_combined/labels/train/ideas__wytham__plot_1_annotated.txt,/home/maciej.wielgosz/Projects/segm/DL_model_version/artifacts/ideas_chm_only_0p5m/ideas__wytham__plot_1_annotated.tif,,394
for__CULS_plot_1_annotated,FOR-instance,CULS,dev,val,topmost_crown_reference,/home/maciej.wielgosz/Projects/segm/FOR-instance/CULS/plot_1_annotated.las,/home/maciej.wielgosz/Projects/segm/DL_model_version/dataset_chm_only_ideas_combined/images/val/for__CULS_plot_1_annotated.png,/home/maciej.wielgosz/Projects/segm/DL_model_version/dataset_chm_only_ideas_combined/labels/val/for__CULS_plot_1_annotated.txt,/home/maciej.wielgosz/Projects/segm/DL_model_version/artifacts/physical_3band_0p5m/CULS_plot_1_annotated.tif,/home/maciej.wielgosz/Projects/segm/DL_model_version/reused/for_instance_chm_gt_0p5m/topmost_gt_CULS_plot_1_annotated.tif,6
for__CULS_plot_2_annotated,FOR-instance,CULS,test,test,topmost_crown_reference,/home/maciej.wielgosz/Projects/segm/FOR-instance/CULS/plot_2_annotated.las,/home/maciej.wielgosz/Projects/segm/DL_model_version/dataset_chm_only_ideas_combined/images/test/for__CULS_plot_2_annotated.png,/home/maciej.wielgosz/Projects/segm/DL_model_version/dataset_chm_only_ideas_combined/labels/test/for__CULS_plot_2_annotated.txt,/home/maciej.wielgosz/Projects/segm/DL_model_version/artifacts/physical_3band_0p5m/CULS_plot_2_annotated.tif,/home/maciej.wielgosz/Projects/segm/DL_model_version/reused/for_instance_chm_gt_0p5m/topmost_gt_CULS_plot_2_annotated.tif,20
for__CULS_plot_3_annotated,FOR-instance,CULS,dev,train,topmost_crown_reference,/home/maciej.wielgosz/Projects/segm/FOR-instance/CULS/plot_3_annotated.las,/home/maciej.wielgosz/Projects/segm/DL_model_version/dataset_chm_only_ideas_combined/images/train/for__CULS_plot_3_annotated.png,/home/maciej.wielgosz/Projects/segm/DL_model_version/dataset_chm_only_ideas_combined/labels/train/for__CULS_plot_3_annotated.txt,/home/maciej.wielgosz/Projects/segm/DL_model_version/artifacts/physical_3band_0p5m/CULS_plot_3_annotated.tif,/home/maciej.wielgosz/Projects/segm/DL_model_version/reused/for_instance_chm_gt_0p5m/topmost_gt_CULS_plot_3_annotated.tif,21
for__NIBIO_plot_1_annotated,FOR-instance,NIBIO,test,test,topmost_crown_reference,/home/maciej.wielgosz/Projects/segm/FOR-instance/NIBIO/plot_1_annotated.las,/home/maciej.wielgosz/Projects/segm/DL_model_version/dataset_chm_only_ideas_combined/images/test/for__NIBIO_plot_1_annotated.png,/home/maciej.wielgosz/Projects/segm/DL_model_version/dataset_chm_only_ideas_combined/labels/test/for__NIBIO_plot_1_annotated.txt,/home/maciej.wielgosz/Projects/segm/DL_model_version/artifacts/physical_3band_0p5m/NIBIO_plot_1_annotated.tif,/home/maciej.wielgosz/Projects/segm/DL_model_version/reused/for_instance_chm_gt_0p5m/topmost_gt_NIBIO_plot_1_annotated.tif,26
for__NIBIO_plot_10_annotated,FOR-instance,NIBIO,dev,train,topmost_crown_reference,/home/maciej.wielgosz/Projects/segm/FOR-instance/NIBIO/plot_10_annotated.las,/home/maciej.wielgosz/Projects/segm/DL_model_version/dataset_chm_only_ideas_combined/images/train/for__NIBIO_plot_10_annotated.png,/home/maciej.wielgosz/Projects/segm/DL_model_version/dataset_chm_only_ideas_combined/labels/train/for__NIBIO_plot_10_annotated.txt,/home/maciej.wielgosz/Projects/segm/DL_model_version/artifacts/physical_3band_0p5m/NIBIO_plot_10_annotated.tif,/home/maciej.wielgosz/Projects/segm/DL_model_version/reused/for_instance_chm_gt_0p5m/topmost_gt_NIBIO_plot_10_annotated.tif,21
for__NIBIO_plot_11_annotated,FOR-instance,NIBIO,dev,train,topmost_crown_reference,/home/maciej.wielgosz/Projects/segm/FOR-instance/NIBIO/plot_11_annotated.las,/home/maciej.wielgosz/Projects/segm/DL_model_version/dataset_chm_only_ideas_combined/images/train/for__NIBIO_plot_11_annotated.png,/home/maciej.wielgosz/Projects/segm/DL_model_version/dataset_chm_only_ideas_combined/labels/train/for__NIBIO_plot_11_annotated.txt,/home/maciej.wielgosz/Projects/segm/DL_model_version/artifacts/physical_3band_0p5m/NIBIO_plot_11_annotated.tif,/home/maciej.wielgosz/Projects/segm/DL_model_version/reused/for_instance_chm_gt_0p5m/topmost_gt_NIBIO_plot_11_annotated.tif,25
for__NIBIO_plot_12_annotated,FOR-instance,NIBIO,dev,train,topmost_crown_reference,/home/maciej.wielgosz/Projects/segm/FOR-instance/NIBIO/plot_12_annotated.las,/home/maciej.wielgosz/Projects/segm/DL_model_version/dataset_chm_only_ideas_combined/images/train/for__NIBIO_plot_12_annotated.png,/home/maciej.wielgosz/Projects/segm/DL_model_version/dataset_chm_only_ideas_combined/labels/train/for__NIBIO_plot_12_annotated.txt,/home/maciej.wielgosz/Projects/segm/DL_model_version/artifacts/physical_3band_0p5m/NIBIO_plot_12_annotated.tif,/home/maciej.wielgosz/Projects/segm/DL_model_version/reused/for_instance_chm_gt_0p5m/topmost_gt_NIBIO_plot_12_annotated.tif,19
for__NIBIO_plot_13_annotated,FOR-instance,NIBIO,dev,val,topmost_crown_reference,/home/maciej.wielgosz/Projects/segm/FOR-instance/NIBIO/plot_13_annotated.las,/home/maciej.wielgosz/Projects/segm/DL_model_version/dataset_chm_only_ideas_combined/images/val/for__NIBIO_plot_13_annotated.png,/home/maciej.wielgosz/Projects/segm/DL_model_version/dataset_chm_only_ideas_combined/labels/val/for__NIBIO_plot_13_annotated.txt,/home/maciej.wielgosz/Projects/segm/DL_model_version/artifacts/physical_3band_0p5m/NIBIO_plot_13_annotated.tif,/home/maciej.wielgosz/Projects/segm/DL_model_version/reused/for_instance_chm_gt_0p5m/topmost_gt_NIBIO_plot_13_annotated.tif,29
for__NIBIO_plot_16_annotated,FOR-instance,NIBIO,dev,train,topmost_crown_reference,/home/maciej.wielgosz/Projects/segm/FOR-instance/NIBIO/plot_16_annotated.las,/home/maciej.wielgosz/Projects/segm/DL_model_version/dataset_chm_only_ideas_combined/images/train/for__NIBIO_plot_16_annotated.png,/home/maciej.wielgosz/Projects/segm/DL_model_version/dataset_chm_only_ideas_combined/labels/train/for__NIBIO_plot_16_annotated.txt,/home/maciej.wielgosz/Projects/segm/DL_model_version/artifacts/physical_3band_0p5m/NIBIO_plot_16_annotated.tif,/home/maciej.wielgosz/Projects/segm/DL_model_version/reused/for_instance_chm_gt_0p5m/topmost_gt_NIBIO_plot_16_annotated.tif,30
for__NIBIO_plot_17_annotated,FOR-instance,NIBIO,test,test,topmost_crown_reference,/home/maciej.wielgosz/Projects/segm/FOR-instance/NIBIO/plot_17_annotated.las,/home/maciej.wielgosz/Projects/segm/DL_model_version/dataset_chm_only_ideas_combined/images/test/for__NIBIO_plot_17_annotated.png,/home/maciej.wielgosz/Projects/segm/DL_model_version/dataset_chm_only_ideas_combined/labels/test/for__NIBIO_plot_17_annotated.txt,/home/maciej.wielgosz/Projects/segm/DL_model_version/artifacts/physical_3band_0p5m/NIBIO_plot_17_annotated.tif,/home/maciej.wielgosz/Projects/segm/DL_model_version/reused/for_instance_chm_gt_0p5m/topmost_gt_NIBIO_plot_17_annotated.tif,27
for__NIBIO_plot_18_annotated,FOR-instance,NIBIO,test,test,topmost_crown_reference,/home/maciej.wielgosz/Projects/segm/FOR-instance/NIBIO/plot_18_annotated.las,/home/maciej.wielgosz/Projects/segm/DL_model_version/dataset_chm_only_ideas_combined/images/test/for__NIBIO_plot_18_annotated.png,/home/maciej.wielgosz/Projects/segm/DL_model_version/dataset_chm_only_ideas_combined/labels/test/for__NIBIO_plot_18_annotated.txt,/home/maciej.wielgosz/Projects/segm/DL_model_version/artifacts/physical_3band_0p5m/NIBIO_plot_18_annotated.tif,/home/maciej.wielgosz/Projects/segm/DL_model_version/reused/for_instance_chm_gt_0p5m/topmost_gt_NIBIO_plot_18_annotated.tif,23
for__NIBIO_plot_19_annotated,FOR-instance,NIBIO,dev,val,topmost_crown_reference,/home/maciej.wielgosz/Projects/segm/FOR-instance/NIBIO/plot_19_annotated.las,/home/maciej.wielgosz/Projects/segm/DL_model_version/dataset_chm_only_ideas_combined/images/val/for__NIBIO_plot_19_annotated.png,/home/maciej.wielgosz/Projects/segm/DL_model_version/dataset_chm_only_ideas_combined/labels/val/for__NIBIO_plot_19_annotated.txt,/home/maciej.wielgosz/Projects/segm/DL_model_version/artifacts/physical_3band_0p5m/NIBIO_plot_19_annotated.tif,/home/maciej.wielgosz/Projects/segm/DL_model_version/reused/for_instance_chm_gt_0p5m/topmost_gt_NIBIO_plot_19_annotated.tif,31
for__NIBIO_plot_2_annotated,FOR-instance,NIBIO,dev,train,topmost_crown_reference,/home/maciej.wielgosz/Projects/segm/FOR-instance/NIBIO/plot_2_annotated.las,/home/maciej.wielgosz/Projects/segm/DL_model_version/dataset_chm_only_ideas_combined/images/train/for__NIBIO_plot_2_annotated.png,/home/maciej.wielgosz/Projects/segm/DL_model_version/dataset_chm_only_ideas_combined/labels/train/for__NIBIO_plot_2_annotated.txt,/home/maciej.wielgosz/Projects/segm/DL_model_version/artifacts/physical_3band_0p5m/NIBIO_plot_2_annotated.tif,/home/maciej.wielgosz/Projects/segm/DL_model_version/reused/for_instance_chm_gt_0p5m/topmost_gt_NIBIO_plot_2_annotated.tif,31
for__NIBIO_plot_21_annotated,FOR-instance,NIBIO,dev,train,topmost_crown_reference,/home/maciej.wielgosz/Projects/segm/FOR-instance/NIBIO/plot_21_annotated.las,/home/maciej.wielgosz/Projects/segm/DL_model_version/dataset_chm_only_ideas_combined/images/train/for__NIBIO_plot_21_annotated.png,/home/maciej.wielgosz/Projects/segm/DL_model_version/dataset_chm_only_ideas_combined/labels/train/for__NIBIO_plot_21_annotated.txt,/home/maciej.wielgosz/Projects/segm/DL_model_version/artifacts/physical_3band_0p5m/NIBIO_plot_21_annotated.tif,/home/maciej.wielgosz/Projects/segm/DL_model_version/reused/for_instance_chm_gt_0p5m/topmost_gt_NIBIO_plot_21_annotated.tif,19
for__NIBIO_plot_22_annotated,FOR-instance,NIBIO,test,test,topmost_crown_reference,/home/maciej.wielgosz/Projects/segm/FOR-instance/NIBIO/plot_22_annotated.las,/home/maciej.wielgosz/Projects/segm/DL_model_version/dataset_chm_only_ideas_combined/images/test/for__NIBIO_plot_22_annotated.png,/home/maciej.wielgosz/Projects/segm/DL_model_version/dataset_chm_only_ideas_combined/labels/test/for__NIBIO_plot_22_annotated.txt,/home/maciej.wielgosz/Projects/segm/DL_model_version/artifacts/physical_3band_0p5m/NIBIO_plot_22_annotated.tif,/home/maciej.wielgosz/Projects/segm/DL_model_version/reused/for_instance_chm_gt_0p5m/topmost_gt_NIBIO_plot_22_annotated.tif,19
for__NIBIO_plot_23_annotated,FOR-instance,NIBIO,test,test,topmost_crown_reference,/home/maciej.wielgosz/Projects/segm/FOR-instance/NIBIO/plot_23_annotated.las,/home/maciej.wielgosz/Projects/segm/DL_model_version/dataset_chm_only_ideas_combined/images/test/for__NIBIO_plot_23_annotated.png,/home/maciej.wielgosz/Projects/segm/DL_model_version/dataset_chm_only_ideas_combined/labels/test/for__NIBIO_plot_23_annotated.txt,/home/maciej.wielgosz/Projects/segm/DL_model_version/artifacts/physical_3band_0p5m/NIBIO_plot_23_annotated.tif,/home/maciej.wielgosz/Projects/segm/DL_model_version/reused/for_instance_chm_gt_0p5m/topmost_gt_NIBIO_plot_23_annotated.tif,23
for__NIBIO_plot_3_annotated,FOR-instance,NIBIO,dev,train,topmost_crown_reference,/home/maciej.wielgosz/Projects/segm/FOR-instance/NIBIO/plot_3_annotated.las,/home/maciej.wielgosz/Projects/segm/DL_model_version/dataset_chm_only_ideas_combined/images/train/for__NIBIO_plot_3_annotated.png,/home/maciej.wielgosz/Projects/segm/DL_model_version/dataset_chm_only_ideas_combined/labels/train/for__NIBIO_plot_3_annotated.txt,/home/maciej.wielgosz/Projects/segm/DL_model_version/artifacts/physical_3band_0p5m/NIBIO_plot_3_annotated.tif,/home/maciej.wielgosz/Projects/segm/DL_model_version/reused/for_instance_chm_gt_0p5m/topmost_gt_NIBIO_plot_3_annotated.tif,22
for__NIBIO_plot_4_annotated,FOR-instance,NIBIO,dev,train,topmost_crown_reference,/home/maciej.wielgosz/Projects/segm/FOR-instance/NIBIO/plot_4_annotated.las,/home/maciej.wielgosz/Projects/segm/DL_model_version/dataset_chm_only_ideas_combined/images/train/for__NIBIO_plot_4_annotated.png,/home/maciej.wielgosz/Projects/segm/DL_model_version/dataset_chm_only_ideas_combined/labels/train/for__NIBIO_plot_4_annotated.txt,/home/maciej.wielgosz/Projects/segm/DL_model_version/artifacts/physical_3band_0p5m/NIBIO_plot_4_annotated.tif,/home/maciej.wielgosz/Projects/segm/DL_model_version/reused/for_instance_chm_gt_0p5m/topmost_gt_NIBIO_plot_4_annotated.tif,22
for__NIBIO_plot_5_annotated,FOR-instance,NIBIO,test,test,topmost_crown_reference,/home/maciej.wielgosz/Projects/segm/FOR-instance/NIBIO/plot_5_annotated.las,/home/maciej.wielgosz/Projects/segm/DL_model_version/dataset_chm_only_ideas_combined/images/test/for__NIBIO_plot_5_annotated.png,/home/maciej.wielgosz/Projects/segm/DL_model_version/dataset_chm_only_ideas_combined/labels/test/for__NIBIO_plot_5_annotated.txt,/home/maciej.wielgosz/Projects/segm/DL_model_version/artifacts/physical_3band_0p5m/NIBIO_plot_5_annotated.tif,/home/maciej.wielgosz/Projects/segm/DL_model_version/reused/for_instance_chm_gt_0p5m/topmost_gt_NIBIO_plot_5_annotated.tif,18
for__NIBIO_plot_6_annotated,FOR-instance,NIBIO,dev,val,topmost_crown_reference,/home/maciej.wielgosz/Projects/segm/FOR-instance/NIBIO/plot_6_annotated.las,/home/maciej.wielgosz/Projects/segm/DL_model_version/dataset_chm_only_ideas_combined/images/val/for__NIBIO_plot_6_annotated.png,/home/maciej.wielgosz/Projects/segm/DL_model_version/dataset_chm_only_ideas_combined/labels/val/for__NIBIO_plot_6_annotated.txt,/home/maciej.wielgosz/Projects/segm/DL_model_version/artifacts/physical_3band_0p5m/NIBIO_plot_6_annotated.tif,/home/maciej.wielgosz/Projects/segm/DL_model_version/reused/for_instance_chm_gt_0p5m/topmost_gt_NIBIO_plot_6_annotated.tif,30
for__NIBIO_plot_7_annotated,FOR-instance,NIBIO,dev,train,topmost_crown_reference,/home/maciej.wielgosz/Projects/segm/FOR-instance/NIBIO/plot_7_annotated.las,/home/maciej.wielgosz/Projects/segm/DL_model_version/dataset_chm_only_ideas_combined/images/train/for__NIBIO_plot_7_annotated.png,/home/maciej.wielgosz/Projects/segm/DL_model_version/dataset_chm_only_ideas_combined/labels/train/for__NIBIO_plot_7_annotated.txt,/home/maciej.wielgosz/Projects/segm/DL_model_version/artifacts/physical_3band_0p5m/NIBIO_plot_7_annotated.tif,/home/maciej.wielgosz/Projects/segm/DL_model_version/reused/for_instance_chm_gt_0p5m/topmost_gt_NIBIO_plot_7_annotated.tif,20
for__NIBIO_plot_8_annotated,FOR-instance,NIBIO,dev,train,topmost_crown_reference,/home/maciej.wielgosz/Projects/segm/FOR-instance/NIBIO/plot_8_annotated.las,/home/maciej.wielgosz/Projects/segm/DL_model_version/dataset_chm_only_ideas_combined/images/train/for__NIBIO_plot_8_annotated.png,/home/maciej.wielgosz/Projects/segm/DL_model_version/dataset_chm_only_ideas_combined/labels/train/for__NIBIO_plot_8_annotated.txt,/home/maciej.wielgosz/Projects/segm/DL_model_version/artifacts/physical_3band_0p5m/NIBIO_plot_8_annotated.tif,/home/maciej.wielgosz/Projects/segm/DL_model_version/reused/for_instance_chm_gt_0p5m/topmost_gt_NIBIO_plot_8_annotated.tif,21
for__NIBIO_plot_9_annotated,FOR-instance,NIBIO,dev,train,topmost_crown_reference,/home/maciej.wielgosz/Projects/segm/FOR-instance/NIBIO/plot_9_annotated.las,/home/maciej.wielgosz/Projects/segm/DL_model_version/dataset_chm_only_ideas_combined/images/train/for__NIBIO_plot_9_annotated.png,/home/maciej.wielgosz/Projects/segm/DL_model_version/dataset_chm_only_ideas_combined/labels/train/for__NIBIO_plot_9_annotated.txt,/home/maciej.wielgosz/Projects/segm/DL_model_version/artifacts/physical_3band_0p5m/NIBIO_plot_9_annotated.tif,/home/maciej.wielgosz/Projects/segm/DL_model_version/reused/for_instance_chm_gt_0p5m/topmost_gt_NIBIO_plot_9_annotated.tif,18
for__RMIT_test,FOR-instance,RMIT,test,test,topmost_crown_reference,/home/maciej.wielgosz/Projects/segm/FOR-instance/RMIT/test.las,/home/maciej.wielgosz/Projects/segm/DL_model_version/dataset_chm_only_ideas_combined/images/test/for__RMIT_test.png,/home/maciej.wielgosz/Projects/segm/DL_model_version/dataset_chm_only_ideas_combined/labels/test/for__RMIT_test.txt,/home/maciej.wielgosz/Projects/segm/DL_model_version/artifacts/physical_3band_0p5m/RMIT_test.tif,/home/maciej.wielgosz/Projects/segm/DL_model_version/reused/for_instance_chm_gt_0p5m/topmost_gt_RMIT_test.tif,57
for__RMIT_train,FOR-instance,RMIT,dev,train,topmost_crown_reference,/home/maciej.wielgosz/Projects/segm/FOR-instance/RMIT/train.las,/home/maciej.wielgosz/Projects/segm/DL_model_version/dataset_chm_only_ideas_combined/images/train/for__RMIT_train.png,/home/maciej.wielgosz/Projects/segm/DL_model_version/dataset_chm_only_ideas_combined/labels/train/for__RMIT_train.txt,/home/maciej.wielgosz/Projects/segm/DL_model_version/artifacts/physical_3band_0p5m/RMIT_train.tif,/home/maciej.wielgosz/Projects/segm/DL_model_version/reused/for_instance_chm_gt_0p5m/topmost_gt_RMIT_train.tif,139
for__SCION_plot_31_annotated,FOR-instance,SCION,test,test,topmost_crown_reference,/home/maciej.wielgosz/Projects/segm/FOR-instance/SCION/plot_31_annotated.las,/home/maciej.wielgosz/Projects/segm/DL_model_version/dataset_chm_only_ideas_combined/images/test/for__SCION_plot_31_annotated.png,/home/maciej.wielgosz/Projects/segm/DL_model_version/dataset_chm_only_ideas_combined/labels/test/for__SCION_plot_31_annotated.txt,/home/maciej.wielgosz/Projects/segm/DL_model_version/artifacts/physical_3band_0p5m/SCION_plot_31_annotated.tif,/home/maciej.wielgosz/Projects/segm/DL_model_version/reused/for_instance_chm_gt_0p5m/topmost_gt_SCION_plot_31_annotated.tif,25
for__SCION_plot_35_annotated,FOR-instance,SCION,dev,train,topmost_crown_reference,/home/maciej.wielgosz/Projects/segm/FOR-instance/SCION/plot_35_annotated.las,/home/maciej.wielgosz/Projects/segm/DL_model_version/dataset_chm_only_ideas_combined/images/train/for__SCION_plot_35_annotated.png,/home/maciej.wielgosz/Projects/segm/DL_model_version/dataset_chm_only_ideas_combined/labels/train/for__SCION_plot_35_annotated.txt,/home/maciej.wielgosz/Projects/segm/DL_model_version/artifacts/physical_3band_0p5m/SCION_plot_35_annotated.tif,/home/maciej.wielgosz/Projects/segm/DL_model_version/reused/for_instance_chm_gt_0p5m/topmost_gt_SCION_plot_35_annotated.tif,19
for__SCION_plot_39_annotated,FOR-instance,SCION,dev,val,topmost_crown_reference,/home/maciej.wielgosz/Projects/segm/FOR-instance/SCION/plot_39_annotated.las,/home/maciej.wielgosz/Projects/segm/DL_model_version/dataset_chm_only_ideas_combined/images/val/for__SCION_plot_39_annotated.png,/home/maciej.wielgosz/Projects/segm/DL_model_version/dataset_chm_only_ideas_combined/labels/val/for__SCION_plot_39_annotated.txt,/home/maciej.wielgosz/Projects/segm/DL_model_version/artifacts/physical_3band_0p5m/SCION_plot_39_annotated.tif,/home/maciej.wielgosz/Projects/segm/DL_model_version/reused/for_instance_chm_gt_0p5m/topmost_gt_SCION_plot_39_annotated.tif,45
for__SCION_plot_61_annotated,FOR-instance,SCION,test,test,topmost_crown_reference,/home/maciej.wielgosz/Projects/segm/FOR-instance/SCION/plot_61_annotated.las,/home/maciej.wielgosz/Projects/segm/DL_model_version/dataset_chm_only_ideas_combined/images/test/for__SCION_plot_61_annotated.png,/home/maciej.wielgosz/Projects/segm/DL_model_version/dataset_chm_only_ideas_combined/labels/test/for__SCION_plot_61_annotated.txt,/home/maciej.wielgosz/Projects/segm/DL_model_version/artifacts/physical_3band_0p5m/SCION_plot_61_annotated.tif,/home/maciej.wielgosz/Projects/segm/DL_model_version/reused/for_instance_chm_gt_0p5m/topmost_gt_SCION_plot_61_annotated.tif,15
for__SCION_plot_87_annotated,FOR-instance,SCION,dev,train,topmost_crown_reference,/home/maciej.wielgosz/Projects/segm/FOR-instance/SCION/plot_87_annotated.las,/home/maciej.wielgosz/Projects/segm/DL_model_version/dataset_chm_only_ideas_combined/images/train/for__SCION_plot_87_annotated.png,/home/maciej.wielgosz/Projects/segm/DL_model_version/dataset_chm_only_ideas_combined/labels/train/for__SCION_plot_87_annotated.txt,/home/maciej.wielgosz/Projects/segm/DL_model_version/artifacts/physical_3band_0p5m/SCION_plot_87_annotated.tif,/home/maciej.wielgosz/Projects/segm/DL_model_version/reused/for_instance_chm_gt_0p5m/topmost_gt_SCION_plot_87_annotated.tif,20
for__TUWIEN_test,FOR-instance,TUWIEN,test,test,topmost_crown_reference,/home/maciej.wielgosz/Projects/segm/FOR-instance/TUWIEN/test.las,/home/maciej.wielgosz/Projects/segm/DL_model_version/dataset_chm_only_ideas_combined/images/test/for__TUWIEN_test.png,/home/maciej.wielgosz/Projects/segm/DL_model_version/dataset_chm_only_ideas_combined/labels/test/for__TUWIEN_test.txt,/home/maciej.wielgosz/Projects/segm/DL_model_version/artifacts/physical_3band_0p5m/TUWIEN_test.tif,/home/maciej.wielgosz/Projects/segm/DL_model_version/reused/for_instance_chm_gt_0p5m/topmost_gt_TUWIEN_test.tif,25
for__TUWIEN_train,FOR-instance,TUWIEN,dev,train,topmost_crown_reference,/home/maciej.wielgosz/Projects/segm/FOR-instance/TUWIEN/train.las,/home/maciej.wielgosz/Projects/segm/DL_model_version/dataset_chm_only_ideas_combined/images/train/for__TUWIEN_train.png,/home/maciej.wielgosz/Projects/segm/DL_model_version/dataset_chm_only_ideas_combined/labels/train/for__TUWIEN_train.txt,/home/maciej.wielgosz/Projects/segm/DL_model_version/artifacts/physical_3band_0p5m/TUWIEN_train.tif,/home/maciej.wielgosz/Projects/segm/DL_model_version/reused/for_instance_chm_gt_0p5m/topmost_gt_TUWIEN_train.tif,73
