dataset_id,source_tree_id,label_line,occupied_cells,convex_hull_area_m2
ideas__cedar_cypress__plot_Kokonoe_10_annotated,1,0,51,15.0
ideas__cedar_cypress__plot_Kokonoe_10_annotated,2,1,42,11.875
ideas__cedar_cypress__plot_Kokonoe_10_annotated,3,2,77,22.5
ideas__cedar_cypress__plot_Kokonoe_10_annotated,4,3,58,16.75
ideas__cedar_cypress__plot_Kokonoe_10_annotated,5,4,55,15.875
ideas__cedar_cypress__plot_Kokonoe_10_annotated,6,5,65,18.125
ideas__cedar_cypress__plot_Kokonoe_10_annotated,7,6,76,21.875
ideas__cedar_cypress__plot_Kokonoe_10_annotated,8,7,52,14.375
ideas__cedar_cypress__plot_Kokonoe_10_annotated,9,8,53,15.25
ideas__cedar_cypress__plot_Kokonoe_10_annotated,10,9,56,14.875
ideas__cedar_cypress__plot_Kokonoe_10_annotated,11,10,117,31.75
ideas__cedar_cypress__plot_Kokonoe_10_annotated,12,11,45,12.5
ideas__cedar_cypress__plot_Kokonoe_10_annotated,13,12,57,15.875
ideas__cedar_cypress__plot_Kokonoe_10_annotated,14,13,77,22.5
ideas__cedar_cypress__plot_Kokonoe_10_annotated,15,14,41,11.0
ideas__cedar_cypress__plot_Kokonoe_10_annotated,16,15,76,21.5
ideas__cedar_cypress__plot_Kokonoe_10_annotated,17,16,41,11.625
ideas__cedar_cypress__plot_Kokonoe_10_annotated,18,17,65,18.625
ideas__cedar_cypress__plot_Kokonoe_10_annotated,19,18,95,25.125
ideas__cedar_cypress__plot_Kokonoe_10_annotated,20,19,48,13.75
ideas__cedar_cypress__plot_Kokonoe_10_annotated,21,20,68,19.0
ideas__cedar_cypress__plot_Kokonoe_10_annotated,22,21,34,9.875
ideas__cedar_cypress__plot_Kokonoe_10_annotated,23,22,52,15.75
ideas__cedar_cypress__plot_Kokonoe_10_annotated,24,23,58,15.125
ideas__cedar_cypress__plot_Kokonoe_10_annotated,25,24,55,15.5
ideas__cedar_cypress__plot_Kokonoe_10_annotated,26,25,35,9.875
ideas__cedar_cypress__plot_Kokonoe_10_annotated,27,26,53,16.25
ideas__cedar_cypress__plot_Kokonoe_10_annotated,28,27,68,19.0
ideas__cedar_cypress__plot_Kokonoe_10_annotated,29,28,119,34.75
ideas__cedar_cypress__plot_Kokonoe_10_annotated,30,29,74,21.75
ideas__cedar_cypress__plot_Kokonoe_10_annotated,31,30,49,14.875
ideas__cedar_cypress__plot_Kokonoe_10_annotated,32,31,55,17.25
ideas__cedar_cypress__plot_Kokonoe_10_annotated,33,32,47,13.75
ideas__cedar_cypress__plot_Kokonoe_10_annotated,34,33,48,13.125
ideas__cedar_cypress__plot_Kokonoe_10_annotated,35,34,24,6.375
ideas__cedar_cypress__plot_Kokonoe_10_annotated,36,35,53,15.375
ideas__cedar_cypress__plot_Kokonoe_10_annotated,37,36,24,7.0
ideas__cedar_cypress__plot_Kokonoe_10_annotated,38,37,42,11.75
ideas__cedar_cypress__plot_Kokonoe_10_annotated,39,38,56,16.125
ideas__cedar_cypress__plot_Kokonoe_10_annotated,40,39,101,27.625
ideas__cedar_cypress__plot_Kokonoe_10_annotated,41,40,39,10.5
ideas__cedar_cypress__plot_Kokonoe_10_annotated,42,41,53,14.5
ideas__cedar_cypress__plot_Kokonoe_11_annotated,1,0,86,24.875
ideas__cedar_cypress__plot_Kokonoe_11_annotated,2,1,35,11.25
ideas__cedar_cypress__plot_Kokonoe_11_annotated,3,2,69,19.25
ideas__cedar_cypress__plot_Kokonoe_11_annotated,4,3,61,17.625
ideas__cedar_cypress__plot_Kokonoe_11_annotated,5,4,64,18.375
ideas__cedar_cypress__plot_Kokonoe_11_annotated,6,5,60,16.5
ideas__cedar_cypress__plot_Kokonoe_11_annotated,7,6,64,18.875
ideas__cedar_cypress__plot_Kokonoe_11_annotated,8,7,60,16.125
ideas__cedar_cypress__plot_Kokonoe_11_annotated,9,8,56,15.5
ideas__cedar_cypress__plot_Kokonoe_11_annotated,10,9,37,10.75
ideas__cedar_cypress__plot_Kokonoe_11_annotated,11,10,72,19.0
ideas__cedar_cypress__plot_Kokonoe_11_annotated,12,11,99,29.875
ideas__cedar_cypress__plot_Kokonoe_11_annotated,13,12,70,19.875
ideas__cedar_cypress__plot_Kokonoe_11_annotated,14,13,77,21.875
ideas__cedar_cypress__plot_Kokonoe_11_annotated,15,14,71,21.25
ideas__cedar_cypress__plot_Kokonoe_11_annotated,16,15,52,16.0
ideas__cedar_cypress__plot_Kokonoe_11_annotated,17,16,60,17.625
ideas__cedar_cypress__plot_Kokonoe_11_annotated,18,17,58,16.625
ideas__cedar_cypress__plot_Kokonoe_11_annotated,19,18,67,19.375
ideas__cedar_cypress__plot_Kokonoe_11_annotated,20,19,80,23.0
ideas__cedar_cypress__plot_Kokonoe_11_annotated,21,20,58,18.0
ideas__cedar_cypress__plot_Kokonoe_11_annotated,22,21,52,14.625
ideas__cedar_cypress__plot_Kokonoe_11_annotated,23,22,78,21.875
ideas__cedar_cypress__plot_Kokonoe_11_annotated,24,23,57,16.375
ideas__cedar_cypress__plot_Kokonoe_11_annotated,25,24,62,18.625
ideas__cedar_cypress__plot_Kokonoe_11_annotated,26,25,81,22.0
ideas__cedar_cypress__plot_Kokonoe_11_annotated,27,26,51,13.5
ideas__cedar_cypress__plot_Kokonoe_11_annotated,28,27,55,14.5
ideas__cedar_cypress__plot_Kokonoe_11_annotated,29,28,61,17.375
ideas__cedar_cypress__plot_Kokonoe_11_annotated,30,29,57,14.875
ideas__cedar_cypress__plot_Kokonoe_11_annotated,31,30,60,17.375
ideas__cedar_cypress__plot_Kokonoe_11_annotated,32,31,65,18.5
ideas__cedar_cypress__plot_Kokonoe_11_annotated,33,32,82,23.25
ideas__cedar_cypress__plot_Kokonoe_11_annotated,34,33,66,18.125
ideas__cedar_cypress__plot_Kokonoe_11_annotated,35,34,79,22.875
ideas__cedar_cypress__plot_Kokonoe_11_annotated,36,35,73,22.25
ideas__cedar_cypress__plot_Kokonoe_11_annotated,37,36,82,23.625
ideas__cedar_cypress__plot_Kokonoe_11_annotated,38,37,121,34.875
ideas__cedar_cypress__plot_Kokonoe_11_annotated,39,38,102,30.375
ideas__cedar_cypress__plot_Kokonoe_11_annotated,40,39,61,17.5
ideas__cedar_cypress__plot_Kokonoe_11_annotated,41,40,88,25.5
ideas__cedar_cypress__plot_Kokonoe_12_annotated,1,0,36,10.5
ideas__cedar_cypress__plot_Kokonoe_12_annotated,2,1,36,10.125
ideas__cedar_cypress__plot_Kokonoe_12_annotated,3,2,32,9.0
ideas__cedar_cypress__plot_Kokonoe_12_annotated,4,3,28,7.875
ideas__cedar_cypress__plot_Kokonoe_12_annotated,5,4,30,8.875
ideas__cedar_cypress__plot_Kokonoe_12_annotated,6,5,29,8.375
ideas__cedar_cypress__plot_Kokonoe_12_annotated,7,6,38,11.125
ideas__cedar_cypress__plot_Kokonoe_12_annotated,8,7,33,9.875
ideas__cedar_cypress__plot_Kokonoe_12_annotated,9,8,34,10.25
ideas__cedar_cypress__plot_Kokonoe_12_annotated,10,9,39,10.75
ideas__cedar_cypress__plot_Kokonoe_12_annotated,11,10,29,8.875
ideas__cedar_cypress__plot_Kokonoe_12_annotated,12,11,29,8.0
ideas__cedar_cypress__plot_Kokonoe_12_annotated,13,12,43,12.125
ideas__cedar_cypress__plot_Kokonoe_12_annotated,14,13,23,6.875
ideas__cedar_cypress__plot_Kokonoe_12_annotated,15,14,29,8.0
ideas__cedar_cypress__plot_Kokonoe_12_annotated,16,15,27,8.125
ideas__cedar_cypress__plot_Kokonoe_12_annotated,17,16,36,9.625
ideas__cedar_cypress__plot_Kokonoe_12_annotated,18,17,38,10.625
ideas__cedar_cypress__plot_Kokonoe_12_annotated,19,18,33,9.25
ideas__cedar_cypress__plot_Kokonoe_12_annotated,20,19,36,10.25
ideas__cedar_cypress__plot_Kokonoe_12_annotated,21,20,26,7.625
ideas__cedar_cypress__plot_Kokonoe_12_annotated,22,21,28,7.625
ideas__cedar_cypress__plot_Kokonoe_12_annotated,23,22,32,8.375
ideas__cedar_cypress__plot_Kokonoe_12_annotated,24,23,28,7.875
ideas__cedar_cypress__plot_Kokonoe_12_annotated,25,24,31,9.375
ideas__cedar_cypress__plot_Kokonoe_12_annotated,26,25,29,8.625
ideas__cedar_cypress__plot_Kokonoe_12_annotated,27,26,27,7.75
ideas__cedar_cypress__plot_Kokonoe_12_annotated,28,27,32,9.375
ideas__cedar_cypress__plot_Kokonoe_12_annotated,29,28,42,11.75
ideas__cedar_cypress__plot_Kokonoe_12_annotated,30,29,47,13.75
ideas__cedar_cypress__plot_Kokonoe_12_annotated,31,30,44,12.125
ideas__cedar_cypress__plot_Kokonoe_12_annotated,32,31,32,9.0
ideas__cedar_cypress__plot_Kokonoe_12_annotated,33,32,48,13.5
ideas__cedar_cypress__plot_Kokonoe_12_annotated,34,33,38,11.125
ideas__cedar_cypress__plot_Kokonoe_12_annotated,35,34,43,12.125
ideas__cedar_cypress__plot_Kokonoe_12_annotated,36,35,28,7.75
ideas__cedar_cypress__plot_Kokonoe_12_annotated,37,36,39,10.625
ideas__cedar_cypress__plot_Kokonoe_12_annotated,38,37,30,8.0
ideas__cedar_cypress__plot_Kokonoe_12_annotated,39,38,33,9.25
ideas__cedar_cypress__plot_Kokonoe_12_annotated,40,39,35,10.5
ideas__cedar_cypress__plot_Kokonoe_12_annotated,41,40,47,14.25
ideas__cedar_cypress__plot_Kokonoe_12_annotated,42,41,27,7.5
ideas__cedar_cypress__plot_Kokonoe_12_annotated,43,42,36,10.625
ideas__cedar_cypress__plot_Kokonoe_12_annotated,44,43,40,11.5
ideas__cedar_cypress__plot_Kokonoe_12_annotated,45,44,39,11.75
ideas__cedar_cypress__plot_Kokonoe_12_annotated,46,45,29,8.125
ideas__cedar_cypress__plot_Kokonoe_12_annotated,47,46,31,8.25
ideas__cedar_cypress__plot_Kokonoe_12_annotated,48,47,77,22.125
ideas__cedar_cypress__plot_Kokonoe_12_annotated,49,48,31,8.875
ideas__cedar_cypress__plot_Kokonoe_12_annotated,50,49,36,10.25
ideas__cedar_cypress__plot_Kokonoe_12_annotated,51,50,33,9.75
ideas__cedar_cypress__plot_Kokonoe_12_annotated,52,51,35,10.875
ideas__cedar_cypress__plot_Kokonoe_12_annotated,53,52,29,8.625
ideas__cedar_cypress__plot_Kokonoe_12_annotated,54,53,36,10.0
ideas__cedar_cypress__plot_Kokonoe_12_annotated,55,54,45,12.875
ideas__cedar_cypress__plot_Kokonoe_12_annotated,56,55,48,13.5
ideas__cedar_cypress__plot_Kokonoe_12_annotated,57,56,52,14.0
ideas__cedar_cypress__plot_Kokonoe_12_annotated,58,57,37,10.5
ideas__cedar_cypress__plot_Kokonoe_12_annotated,59,58,36,10.375
ideas__cedar_cypress__plot_Kokonoe_12_annotated,60,59,60,18.125
ideas__cedar_cypress__plot_Kokonoe_12_annotated,61,60,48,13.75
ideas__cedar_cypress__plot_Kokonoe_12_annotated,62,61,57,16.375
ideas__cedar_cypress__plot_Kokonoe_12_annotated,63,62,38,10.75
ideas__cedar_cypress__plot_Kokonoe_12_annotated,64,63,25,7.75
ideas__cedar_cypress__plot_Kokonoe_12_annotated,65,64,67,19.375
ideas__cedar_cypress__plot_Kokonoe_12_annotated,66,65,80,22.375
ideas__cedar_cypress__plot_Kokonoe_12_annotated,67,66,69,19.0
ideas__cedar_cypress__plot_Kokonoe_12_annotated,68,67,45,12.75
ideas__cedar_cypress__plot_Kokonoe_13_annotated,1,0,75,21.625
ideas__cedar_cypress__plot_Kokonoe_13_annotated,2,1,130,36.125
ideas__cedar_cypress__plot_Kokonoe_13_annotated,3,2,129,36.5
ideas__cedar_cypress__plot_Kokonoe_13_annotated,4,3,87,26.75
ideas__cedar_cypress__plot_Kokonoe_13_annotated,5,4,103,29.125
ideas__cedar_cypress__plot_Kokonoe_13_annotated,6,5,125,35.125
ideas__cedar_cypress__plot_Kokonoe_13_annotated,7,6,49,13.75
ideas__cedar_cypress__plot_Kokonoe_13_annotated,8,7,39,11.25
ideas__cedar_cypress__plot_Kokonoe_13_annotated,9,8,65,19.125
ideas__cedar_cypress__plot_Kokonoe_13_annotated,10,9,47,14.625
ideas__cedar_cypress__plot_Kokonoe_13_annotated,11,10,89,25.75
ideas__cedar_cypress__plot_Kokonoe_13_annotated,12,11,115,33.375
ideas__cedar_cypress__plot_Kokonoe_13_annotated,13,12,124,35.0
ideas__cedar_cypress__plot_Kokonoe_13_annotated,14,13,55,16.25
ideas__cedar_cypress__plot_Kokonoe_13_annotated,15,14,96,25.625
ideas__cedar_cypress__plot_Kokonoe_13_annotated,16,15,89,25.25
ideas__cedar_cypress__plot_Kokonoe_13_annotated,17,16,90,25.125
ideas__cedar_cypress__plot_Kokonoe_13_annotated,18,17,49,14.125
ideas__cedar_cypress__plot_Kokonoe_13_annotated,19,18,75,21.125
ideas__cedar_cypress__plot_Kokonoe_13_annotated,20,19,48,13.625
ideas__cedar_cypress__plot_Kokonoe_13_annotated,21,20,33,10.0
ideas__cedar_cypress__plot_Kokonoe_13_annotated,22,21,76,22.125
ideas__cedar_cypress__plot_Kokonoe_13_annotated,23,22,41,11.875
ideas__cedar_cypress__plot_Kokonoe_13_annotated,24,23,41,12.25
ideas__cedar_cypress__plot_Kokonoe_13_annotated,25,24,68,19.25
ideas__cedar_cypress__plot_Kokonoe_13_annotated,26,25,60,16.875
ideas__cedar_cypress__plot_Kokonoe_13_annotated,27,26,55,15.375
ideas__cedar_cypress__plot_Kokonoe_13_annotated,28,27,62,17.375
ideas__cedar_cypress__plot_Kokonoe_13_annotated,29,28,35,10.5
ideas__cedar_cypress__plot_Kokonoe_13_annotated,30,29,73,20.25
ideas__cedar_cypress__plot_Kokonoe_13_annotated,31,30,87,24.875
ideas__cedar_cypress__plot_Kokonoe_13_annotated,32,31,79,22.25
ideas__cedar_cypress__plot_Kokonoe_13_annotated,33,32,44,12.625
ideas__cedar_cypress__plot_Kokonoe_13_annotated,34,33,48,14.125
ideas__cedar_cypress__plot_Kokonoe_13_annotated,35,34,69,19.375
ideas__cedar_cypress__plot_Kokonoe_13_annotated,36,35,110,31.75
ideas__cedar_cypress__plot_Kokonoe_14_annotated,1,0,23,6.0
ideas__cedar_cypress__plot_Kokonoe_14_annotated,2,1,56,15.25
ideas__cedar_cypress__plot_Kokonoe_14_annotated,3,2,64,18.25
ideas__cedar_cypress__plot_Kokonoe_14_annotated,4,3,63,18.625
ideas__cedar_cypress__plot_Kokonoe_14_annotated,5,4,36,10.5
ideas__cedar_cypress__plot_Kokonoe_14_annotated,6,5,55,16.125
ideas__cedar_cypress__plot_Kokonoe_14_annotated,7,6,77,21.5
ideas__cedar_cypress__plot_Kokonoe_14_annotated,8,7,75,21.625
ideas__cedar_cypress__plot_Kokonoe_14_annotated,9,8,55,16.375
ideas__cedar_cypress__plot_Kokonoe_14_annotated,10,9,51,15.5
ideas__cedar_cypress__plot_Kokonoe_14_annotated,11,10,39,11.125
ideas__cedar_cypress__plot_Kokonoe_14_annotated,12,11,63,17.25
ideas__cedar_cypress__plot_Kokonoe_14_annotated,13,12,59,17.25
ideas__cedar_cypress__plot_Kokonoe_14_annotated,14,13,83,24.625
ideas__cedar_cypress__plot_Kokonoe_14_annotated,15,14,52,15.0
ideas__cedar_cypress__plot_Kokonoe_14_annotated,16,15,48,13.25
ideas__cedar_cypress__plot_Kokonoe_14_annotated,17,16,42,11.75
ideas__cedar_cypress__plot_Kokonoe_14_annotated,18,17,89,26.875
ideas__cedar_cypress__plot_Kokonoe_14_annotated,19,18,58,17.375
ideas__cedar_cypress__plot_Kokonoe_14_annotated,20,19,75,21.375
ideas__cedar_cypress__plot_Kokonoe_14_annotated,21,20,75,21.5
ideas__cedar_cypress__plot_Kokonoe_14_annotated,22,21,43,13.5
ideas__cedar_cypress__plot_Kokonoe_14_annotated,23,22,61,19.0
ideas__cedar_cypress__plot_Kokonoe_14_annotated,24,23,75,22.25
ideas__cedar_cypress__plot_Kokonoe_14_annotated,25,24,67,19.0
ideas__cedar_cypress__plot_Kokonoe_14_annotated,26,25,67,19.5
ideas__cedar_cypress__plot_Kokonoe_14_annotated,27,26,36,10.5
ideas__cedar_cypress__plot_Kokonoe_14_annotated,28,27,62,18.0
ideas__cedar_cypress__plot_Kokonoe_14_annotated,29,28,51,14.625
ideas__cedar_cypress__plot_Kokonoe_14_annotated,30,29,39,11.25
ideas__cedar_cypress__plot_Kokonoe_14_annotated,31,30,56,16.375
ideas__cedar_cypress__plot_Kokonoe_14_annotated,32,31,69,19.625
ideas__cedar_cypress__plot_Kokonoe_14_annotated,33,32,71,20.375
ideas__cedar_cypress__plot_Kokonoe_14_annotated,34,33,50,13.75
ideas__cedar_cypress__plot_Kokonoe_14_annotated,35,34,38,11.5
ideas__cedar_cypress__plot_Kokonoe_14_annotated,36,35,57,18.0
ideas__cedar_cypress__plot_Kokonoe_14_annotated,37,36,40,10.875
ideas__cedar_cypress__plot_Kokonoe_14_annotated,38,37,56,16.25
ideas__cedar_cypress__plot_Kokonoe_14_annotated,39,38,55,16.0
ideas__cedar_cypress__plot_Kokonoe_14_annotated,40,39,61,17.625
ideas__cedar_cypress__plot_Kokonoe_14_annotated,41,40,82,23.125
ideas__cedar_cypress__plot_Kokonoe_14_annotated,42,41,58,16.125
ideas__cedar_cypress__plot_Kokonoe_14_annotated,43,42,55,15.5
ideas__cedar_cypress__plot_Kokonoe_14_annotated,44,43,58,17.125
ideas__cedar_cypress__plot_Kokonoe_14_annotated,45,44,51,14.0
ideas__cedar_cypress__plot_Kokonoe_14_annotated,46,45,64,17.5
ideas__cedar_cypress__plot_Kokonoe_14_annotated,47,46,92,26.75
ideas__cedar_cypress__plot_Kokonoe_14_annotated,48,47,63,19.125
ideas__cedar_cypress__plot_Kokonoe_15_annotated,1,0,84,24.25
ideas__cedar_cypress__plot_Kokonoe_15_annotated,2,1,72,21.0
ideas__cedar_cypress__plot_Kokonoe_15_annotated,3,2,129,37.75
ideas__cedar_cypress__plot_Kokonoe_15_annotated,4,3,60,18.375
ideas__cedar_cypress__plot_Kokonoe_15_annotated,5,4,58,17.125
ideas__cedar_cypress__plot_Kokonoe_15_annotated,6,5,70,21.0
ideas__cedar_cypress__plot_Kokonoe_15_annotated,7,6,44,12.625
ideas__cedar_cypress__plot_Kokonoe_15_annotated,8,7,37,10.25
ideas__cedar_cypress__plot_Kokonoe_15_annotated,9,8,43,12.125
ideas__cedar_cypress__plot_Kokonoe_15_annotated,10,9,117,33.625
ideas__cedar_cypress__plot_Kokonoe_15_annotated,11,10,100,29.875
ideas__cedar_cypress__plot_Kokonoe_15_annotated,12,11,84,24.625
ideas__cedar_cypress__plot_Kokonoe_15_annotated,13,12,95,26.375
ideas__cedar_cypress__plot_Kokonoe_15_annotated,14,13,77,22.625
ideas__cedar_cypress__plot_Kokonoe_15_annotated,15,14,88,25.25
ideas__cedar_cypress__plot_Kokonoe_15_annotated,16,15,73,21.875
ideas__cedar_cypress__plot_Kokonoe_15_annotated,17,16,94,27.75
ideas__cedar_cypress__plot_Kokonoe_15_annotated,18,17,78,21.5
ideas__cedar_cypress__plot_Kokonoe_15_annotated,19,18,76,21.375
ideas__cedar_cypress__plot_Kokonoe_15_annotated,20,19,58,17.25
ideas__cedar_cypress__plot_Kokonoe_15_annotated,21,20,53,15.25
ideas__cedar_cypress__plot_Kokonoe_15_annotated,22,21,84,24.25
ideas__cedar_cypress__plot_Kokonoe_15_annotated,23,22,42,12.125
ideas__cedar_cypress__plot_Kokonoe_15_annotated,24,23,88,25.875
ideas__cedar_cypress__plot_Kokonoe_15_annotated,25,24,68,19.25
ideas__cedar_cypress__plot_Kokonoe_15_annotated,26,25,85,24.25
ideas__cedar_cypress__plot_Kokonoe_15_annotated,27,26,42,11.625
ideas__cedar_cypress__plot_Kokonoe_15_annotated,28,27,62,18.75
ideas__cedar_cypress__plot_Kokonoe_15_annotated,29,28,37,11.375
ideas__cedar_cypress__plot_Kokonoe_15_annotated,30,29,85,24.75
ideas__cedar_cypress__plot_Kokonoe_15_annotated,31,30,60,17.5
ideas__cedar_cypress__plot_Kokonoe_15_annotated,32,31,70,19.375
ideas__cedar_cypress__plot_Kokonoe_15_annotated,33,32,65,18.375
ideas__cedar_cypress__plot_Kokonoe_15_annotated,34,33,59,16.875
ideas__cedar_cypress__plot_Kokonoe_15_annotated,35,34,77,22.875
ideas__cedar_cypress__plot_Kokonoe_15_annotated,36,35,64,18.375
ideas__cedar_cypress__plot_Kokonoe_15_annotated,37,36,39,11.5
ideas__cedar_cypress__plot_Kokonoe_15_annotated,38,37,92,27.125
ideas__cedar_cypress__plot_Kokonoe_16_annotated,1,0,66,18.375
ideas__cedar_cypress__plot_Kokonoe_16_annotated,2,1,71,19.375
ideas__cedar_cypress__plot_Kokonoe_16_annotated,3,2,68,20.125
ideas__cedar_cypress__plot_Kokonoe_16_annotated,4,3,49,13.75
ideas__cedar_cypress__plot_Kokonoe_16_annotated,5,4,54,14.375
ideas__cedar_cypress__plot_Kokonoe_16_annotated,6,5,22,6.375
ideas__cedar_cypress__plot_Kokonoe_16_annotated,7,6,60,18.375
ideas__cedar_cypress__plot_Kokonoe_16_annotated,8,7,97,26.625
ideas__cedar_cypress__plot_Kokonoe_16_annotated,9,8,43,13.25
ideas__cedar_cypress__plot_Kokonoe_16_annotated,10,9,65,20.0
ideas__cedar_cypress__plot_Kokonoe_16_annotated,11,10,50,14.375
ideas__cedar_cypress__plot_Kokonoe_16_annotated,12,11,52,15.0
ideas__cedar_cypress__plot_Kokonoe_16_annotated,13,12,43,12.25
ideas__cedar_cypress__plot_Kokonoe_16_annotated,14,13,80,22.375
ideas__cedar_cypress__plot_Kokonoe_16_annotated,15,14,75,21.875
ideas__cedar_cypress__plot_Kokonoe_16_annotated,16,15,91,26.0
ideas__cedar_cypress__plot_Kokonoe_16_annotated,17,16,75,21.125
ideas__cedar_cypress__plot_Kokonoe_16_annotated,18,17,27,7.375
ideas__cedar_cypress__plot_Kokonoe_16_annotated,19,18,67,19.875
ideas__cedar_cypress__plot_Kokonoe_16_annotated,20,19,58,16.5
ideas__cedar_cypress__plot_Kokonoe_16_annotated,21,20,36,10.5
ideas__cedar_cypress__plot_Kokonoe_16_annotated,22,21,65,18.25
ideas__cedar_cypress__plot_Kokonoe_16_annotated,23,22,87,24.0
ideas__cedar_cypress__plot_Kokonoe_16_annotated,24,23,55,15.875
ideas__cedar_cypress__plot_Kokonoe_16_annotated,25,24,78,21.75
ideas__cedar_cypress__plot_Kokonoe_16_annotated,26,25,84,22.75
ideas__cedar_cypress__plot_Kokonoe_16_annotated,27,26,79,22.125
ideas__cedar_cypress__plot_Kokonoe_16_annotated,28,27,78,22.875
ideas__cedar_cypress__plot_Kokonoe_16_annotated,29,28,86,24.0
ideas__cedar_cypress__plot_Kokonoe_16_annotated,30,29,61,17.375
ideas__cedar_cypress__plot_Kokonoe_16_annotated,31,30,76,21.25
ideas__cedar_cypress__plot_Kokonoe_16_annotated,32,31,56,16.25
ideas__cedar_cypress__plot_Kokonoe_16_annotated,33,32,66,19.875
ideas__cedar_cypress__plot_Kokonoe_16_annotated,34,33,55,15.375
ideas__cedar_cypress__plot_Kokonoe_16_annotated,35,34,73,21.75
ideas__cedar_cypress__plot_Kokonoe_16_annotated,36,35,98,28.125
ideas__cedar_cypress__plot_Kokonoe_16_annotated,37,36,114,33.375
ideas__cedar_cypress__plot_Kokonoe_16_annotated,38,37,39,11.875
ideas__cedar_cypress__plot_Kokonoe_16_annotated,39,38,77,23.125
ideas__cedar_cypress__plot_Kokonoe_16_annotated,40,39,67,18.625
ideas__cedar_cypress__plot_Kokonoe_17_annotated,1,0,52,14.625
ideas__cedar_cypress__plot_Kokonoe_17_annotated,2,1,64,18.5
ideas__cedar_cypress__plot_Kokonoe_17_annotated,3,2,42,12.25
ideas__cedar_cypress__plot_Kokonoe_17_annotated,4,3,98,28.0
ideas__cedar_cypress__plot_Kokonoe_17_annotated,5,4,42,11.625
ideas__cedar_cypress__plot_Kokonoe_17_annotated,6,5,28,7.5
ideas__cedar_cypress__plot_Kokonoe_17_annotated,7,6,36,9.75
ideas__cedar_cypress__plot_Kokonoe_17_annotated,8,7,34,9.375
ideas__cedar_cypress__plot_Kokonoe_17_annotated,9,8,35,10.25
ideas__cedar_cypress__plot_Kokonoe_17_annotated,10,9,59,16.875
ideas__cedar_cypress__plot_Kokonoe_17_annotated,11,10,56,16.875
ideas__cedar_cypress__plot_Kokonoe_17_annotated,12,11,53,15.125
ideas__cedar_cypress__plot_Kokonoe_17_annotated,13,12,47,13.375
ideas__cedar_cypress__plot_Kokonoe_17_annotated,14,13,31,8.625
ideas__cedar_cypress__plot_Kokonoe_17_annotated,15,14,51,14.375
ideas__cedar_cypress__plot_Kokonoe_17_annotated,16,15,39,11.75
ideas__cedar_cypress__plot_Kokonoe_17_annotated,17,16,51,14.25
ideas__cedar_cypress__plot_Kokonoe_17_annotated,18,17,26,7.375
ideas__cedar_cypress__plot_Kokonoe_17_annotated,19,18,48,14.25
ideas__cedar_cypress__plot_Kokonoe_17_annotated,20,19,58,17.0
ideas__cedar_cypress__plot_Kokonoe_17_annotated,21,20,63,18.25
ideas__cedar_cypress__plot_Kokonoe_17_annotated,22,21,57,16.25
ideas__cedar_cypress__plot_Kokonoe_17_annotated,23,22,50,14.125
ideas__cedar_cypress__plot_Kokonoe_17_annotated,24,23,40,11.625
ideas__cedar_cypress__plot_Kokonoe_17_annotated,25,24,42,12.125
ideas__cedar_cypress__plot_Kokonoe_17_annotated,26,25,54,14.875
ideas__cedar_cypress__plot_Kokonoe_17_annotated,27,26,49,13.5
ideas__cedar_cypress__plot_Kokonoe_17_annotated,28,27,54,15.375
ideas__cedar_cypress__plot_Kokonoe_17_annotated,29,28,41,12.375
ideas__cedar_cypress__plot_Kokonoe_17_annotated,30,29,49,14.75
ideas__cedar_cypress__plot_Kokonoe_17_annotated,31,30,48,12.75
ideas__cedar_cypress__plot_Kokonoe_17_annotated,32,31,49,13.875
ideas__cedar_cypress__plot_Kokonoe_17_annotated,33,32,42,11.625
ideas__cedar_cypress__plot_Kokonoe_17_annotated,34,33,47,13.5
ideas__cedar_cypress__plot_Kokonoe_17_annotated,35,34,42,11.875
ideas__cedar_cypress__plot_Kokonoe_17_annotated,36,35,37,10.5
ideas__cedar_cypress__plot_Kokonoe_17_annotated,37,36,59,17.125
ideas__cedar_cypress__plot_Kokonoe_17_annotated,38,37,47,13.0
ideas__cedar_cypress__plot_Kokonoe_17_annotated,39,38,67,19.0
ideas__cedar_cypress__plot_Kokonoe_17_annotated,40,39,51,14.875
ideas__cedar_cypress__plot_Kokonoe_17_annotated,41,40,49,13.0
ideas__cedar_cypress__plot_Kokonoe_17_annotated,42,41,47,13.0
ideas__cedar_cypress__plot_Kokonoe_17_annotated,43,42,51,15.125
ideas__cedar_cypress__plot_Kokonoe_17_annotated,44,43,31,8.875
ideas__cedar_cypress__plot_Kokonoe_17_annotated,45,44,61,17.0
ideas__cedar_cypress__plot_Kokonoe_17_annotated,46,45,49,14.5
ideas__cedar_cypress__plot_Kokonoe_17_annotated,47,46,58,16.625
ideas__cedar_cypress__plot_Kokonoe_17_annotated,48,47,58,16.25
ideas__cedar_cypress__plot_Kokonoe_17_annotated,49,48,36,10.125
ideas__cedar_cypress__plot_Kokonoe_17_annotated,50,49,46,13.25
ideas__cedar_cypress__plot_Kokonoe_17_annotated,51,50,41,12.875
ideas__cedar_cypress__plot_Kokonoe_17_annotated,52,51,41,12.375
ideas__cedar_cypress__plot_Kokonoe_17_annotated,53,52,54,15.75
ideas__cedar_cypress__plot_Kokonoe_17_annotated,54,53,49,13.875
ideas__cedar_cypress__plot_Kokonoe_17_annotated,55,54,46,13.0
ideas__cedar_cypress__plot_Kokonoe_17_annotated,56,55,51,15.625
ideas__cedar_cypress__plot_Kokonoe_18_annotated,1,0,18,5.25
ideas__cedar_cypress__plot_Kokonoe_18_annotated,2,1,232,64.875
ideas__cedar_cypress__plot_Kokonoe_18_annotated,3,2,8,2.5
ideas__cedar_cypress__plot_Kokonoe_18_annotated,4,3,38,10.625
ideas__cedar_cypress__plot_Kokonoe_18_annotated,5,4,41,11.125
ideas__cedar_cypress__plot_Kokonoe_18_annotated,6,5,36,9.625
ideas__cedar_cypress__plot_Kokonoe_18_annotated,7,6,26,7.375
ideas__cedar_cypress__plot_Kokonoe_18_annotated,8,7,46,13.375
ideas__cedar_cypress__plot_Kokonoe_18_annotated,9,8,26,6.875
ideas__cedar_cypress__plot_Kokonoe_18_annotated,10,9,26,8.0
ideas__cedar_cypress__plot_Kokonoe_18_annotated,11,10,28,7.25
ideas__cedar_cypress__plot_Kokonoe_18_annotated,12,11,42,13.0
ideas__cedar_cypress__plot_Kokonoe_18_annotated,13,12,15,4.25
ideas__cedar_cypress__plot_Kokonoe_18_annotated,14,13,14,4.25
ideas__cedar_cypress__plot_Kokonoe_18_annotated,15,14,27,7.625
ideas__cedar_cypress__plot_Kokonoe_18_annotated,16,15,35,10.0
ideas__cedar_cypress__plot_Kokonoe_18_annotated,17,16,53,14.875
ideas__cedar_cypress__plot_Kokonoe_18_annotated,18,17,42,12.375
ideas__cedar_cypress__plot_Kokonoe_18_annotated,19,18,41,12.25
ideas__cedar_cypress__plot_Kokonoe_18_annotated,20,19,40,12.0
ideas__cedar_cypress__plot_Kokonoe_18_annotated,21,20,37,10.5
ideas__cedar_cypress__plot_Kokonoe_18_annotated,22,21,48,14.0
ideas__cedar_cypress__plot_Kokonoe_18_annotated,23,22,40,12.25
ideas__cedar_cypress__plot_Kokonoe_18_annotated,24,23,41,11.5
ideas__cedar_cypress__plot_Kokonoe_18_annotated,25,24,22,6.25
ideas__cedar_cypress__plot_Kokonoe_18_annotated,26,25,36,10.5
ideas__cedar_cypress__plot_Kokonoe_18_annotated,27,26,32,9.375
ideas__cedar_cypress__plot_Kokonoe_18_annotated,28,27,37,11.125
ideas__cedar_cypress__plot_Kokonoe_18_annotated,29,28,48,13.625
ideas__cedar_cypress__plot_Kokonoe_18_annotated,30,29,66,18.375
ideas__cedar_cypress__plot_Kokonoe_18_annotated,31,30,15,4.25
ideas__cedar_cypress__plot_Kokonoe_18_annotated,32,31,57,15.5
ideas__cedar_cypress__plot_Kokonoe_18_annotated,33,32,31,9.0
ideas__cedar_cypress__plot_Kokonoe_18_annotated,34,33,37,11.25
ideas__cedar_cypress__plot_Kokonoe_18_annotated,35,34,54,15.75
ideas__cedar_cypress__plot_Kokonoe_18_annotated,36,35,27,8.75
ideas__cedar_cypress__plot_Kokonoe_18_annotated,37,36,36,10.625
ideas__cedar_cypress__plot_Kokonoe_18_annotated,38,37,36,10.375
ideas__cedar_cypress__plot_Kokonoe_18_annotated,39,38,60,17.125
ideas__cedar_cypress__plot_Kokonoe_18_annotated,40,39,42,12.0
ideas__cedar_cypress__plot_Kokonoe_18_annotated,41,40,43,12.625
ideas__cedar_cypress__plot_Kokonoe_18_annotated,42,41,30,8.75
ideas__cedar_cypress__plot_Kokonoe_18_annotated,43,42,67,18.875
ideas__cedar_cypress__plot_Kokonoe_18_annotated,44,43,18,4.75
ideas__cedar_cypress__plot_Kokonoe_18_annotated,45,44,54,15.25
ideas__cedar_cypress__plot_Kokonoe_18_annotated,46,45,43,12.5
ideas__cedar_cypress__plot_Kokonoe_18_annotated,47,46,16,4.5
ideas__cedar_cypress__plot_Kokonoe_18_annotated,48,47,32,9.5
ideas__cedar_cypress__plot_Kokonoe_18_annotated,49,48,47,13.875
ideas__cedar_cypress__plot_Kokonoe_18_annotated,50,49,32,8.875
ideas__cedar_cypress__plot_Kokonoe_18_annotated,51,50,18,4.75
ideas__cedar_cypress__plot_Kokonoe_18_annotated,52,51,45,12.875
ideas__cedar_cypress__plot_Kokonoe_18_annotated,53,52,25,7.125
ideas__cedar_cypress__plot_Kokonoe_18_annotated,54,53,40,11.5
ideas__cedar_cypress__plot_Kokonoe_18_annotated,55,54,54,14.625
ideas__cedar_cypress__plot_Kokonoe_18_annotated,56,55,78,21.875
ideas__cedar_cypress__plot_Kokonoe_18_annotated,57,56,19,5.25
ideas__cedar_cypress__plot_Kokonoe_18_annotated,58,57,16,5.0
ideas__cedar_cypress__plot_Kokonoe_18_annotated,59,58,45,13.125
ideas__cedar_cypress__plot_Kokonoe_18_annotated,60,59,41,11.0
ideas__cedar_cypress__plot_Kokonoe_18_annotated,61,60,57,16.625
ideas__cedar_cypress__plot_Kokonoe_18_annotated,62,61,40,12.125
ideas__cedar_cypress__plot_Kokonoe_18_annotated,63,62,43,13.5
ideas__cedar_cypress__plot_Kokonoe_18_annotated,64,63,28,8.25
ideas__cedar_cypress__plot_Kokonoe_18_annotated,65,64,19,5.375
ideas__cedar_cypress__plot_Kokonoe_18_annotated,66,65,34,10.125
ideas__cedar_cypress__plot_Kokonoe_18_annotated,67,66,52,14.75
ideas__cedar_cypress__plot_Kokonoe_18_annotated,68,67,37,10.75
ideas__cedar_cypress__plot_Kokonoe_18_annotated,69,68,74,20.5
ideas__cedar_cypress__plot_Kokonoe_18_annotated,70,69,64,18.625
ideas__cedar_cypress__plot_Kokonoe_18_annotated,71,70,42,12.75
ideas__cedar_cypress__plot_Kokonoe_18_annotated,72,71,59,18.5
ideas__cedar_cypress__plot_Kokonoe_18_annotated,73,72,24,7.0
ideas__cedar_cypress__plot_Kokonoe_1_annotated,1,0,123,35.125
ideas__cedar_cypress__plot_Kokonoe_1_annotated,2,1,78,23.0
ideas__cedar_cypress__plot_Kokonoe_1_annotated,3,2,131,37.5
ideas__cedar_cypress__plot_Kokonoe_1_annotated,4,3,127,34.625
ideas__cedar_cypress__plot_Kokonoe_1_annotated,5,4,126,34.875
ideas__cedar_cypress__plot_Kokonoe_1_annotated,6,5,103,29.75
ideas__cedar_cypress__plot_Kokonoe_1_annotated,7,6,89,26.25
ideas__cedar_cypress__plot_Kokonoe_1_annotated,8,7,113,32.5
ideas__cedar_cypress__plot_Kokonoe_1_annotated,9,8,62,17.0
ideas__cedar_cypress__plot_Kokonoe_1_annotated,10,9,86,24.375
ideas__cedar_cypress__plot_Kokonoe_1_annotated,11,10,73,21.625
ideas__cedar_cypress__plot_Kokonoe_1_annotated,12,11,74,22.0
ideas__cedar_cypress__plot_Kokonoe_1_annotated,13,12,89,25.125
ideas__cedar_cypress__plot_Kokonoe_1_annotated,14,13,86,24.5
ideas__cedar_cypress__plot_Kokonoe_1_annotated,15,14,85,24.5
ideas__cedar_cypress__plot_Kokonoe_1_annotated,16,15,102,30.375
ideas__cedar_cypress__plot_Kokonoe_1_annotated,17,16,69,19.0
ideas__cedar_cypress__plot_Kokonoe_1_annotated,18,17,78,22.625
ideas__cedar_cypress__plot_Kokonoe_1_annotated,19,18,105,28.25
ideas__cedar_cypress__plot_Kokonoe_1_annotated,20,19,108,28.875
ideas__cedar_cypress__plot_Kokonoe_1_annotated,21,20,70,20.25
ideas__cedar_cypress__plot_Kokonoe_1_annotated,22,21,61,18.125
ideas__cedar_cypress__plot_Kokonoe_1_annotated,23,22,131,37.625
ideas__cedar_cypress__plot_Kokonoe_1_annotated,24,23,85,26.625
ideas__cedar_cypress__plot_Kokonoe_1_annotated,25,24,85,24.5
ideas__cedar_cypress__plot_Kokonoe_1_annotated,26,25,87,24.5
ideas__cedar_cypress__plot_Kokonoe_1_annotated,27,26,75,22.125
ideas__cedar_cypress__plot_Kokonoe_1_annotated,28,27,102,28.75
ideas__cedar_cypress__plot_Kokonoe_2_annotated,1,0,46,13.75
ideas__cedar_cypress__plot_Kokonoe_2_annotated,2,1,50,17.375
ideas__cedar_cypress__plot_Kokonoe_2_annotated,3,2,76,20.75
ideas__cedar_cypress__plot_Kokonoe_2_annotated,4,3,47,14.25
ideas__cedar_cypress__plot_Kokonoe_2_annotated,5,4,70,20.125
ideas__cedar_cypress__plot_Kokonoe_2_annotated,6,5,51,15.25
ideas__cedar_cypress__plot_Kokonoe_2_annotated,7,6,64,18.375
ideas__cedar_cypress__plot_Kokonoe_2_annotated,8,7,36,12.375
ideas__cedar_cypress__plot_Kokonoe_2_annotated,9,8,45,12.75
ideas__cedar_cypress__plot_Kokonoe_2_annotated,10,9,75,22.0
ideas__cedar_cypress__plot_Kokonoe_2_annotated,11,10,80,23.25
ideas__cedar_cypress__plot_Kokonoe_2_annotated,12,11,50,14.125
ideas__cedar_cypress__plot_Kokonoe_2_annotated,13,12,48,13.625
ideas__cedar_cypress__plot_Kokonoe_2_annotated,14,13,87,25.5
ideas__cedar_cypress__plot_Kokonoe_2_annotated,15,14,50,14.75
ideas__cedar_cypress__plot_Kokonoe_2_annotated,16,15,47,14.625
ideas__cedar_cypress__plot_Kokonoe_2_annotated,17,16,66,18.5
ideas__cedar_cypress__plot_Kokonoe_2_annotated,18,17,42,12.5
ideas__cedar_cypress__plot_Kokonoe_2_annotated,19,18,69,19.25
ideas__cedar_cypress__plot_Kokonoe_2_annotated,20,19,68,19.25
ideas__cedar_cypress__plot_Kokonoe_2_annotated,21,20,72,20.375
ideas__cedar_cypress__plot_Kokonoe_2_annotated,22,21,65,20.875
ideas__cedar_cypress__plot_Kokonoe_2_annotated,23,22,35,10.625
ideas__cedar_cypress__plot_Kokonoe_2_annotated,24,23,52,15.0
ideas__cedar_cypress__plot_Kokonoe_2_annotated,25,24,47,14.125
ideas__cedar_cypress__plot_Kokonoe_2_annotated,26,25,71,21.375
ideas__cedar_cypress__plot_Kokonoe_2_annotated,27,26,60,18.125
ideas__cedar_cypress__plot_Kokonoe_2_annotated,28,27,48,13.875
ideas__cedar_cypress__plot_Kokonoe_2_annotated,29,28,37,11.125
ideas__cedar_cypress__plot_Kokonoe_2_annotated,30,29,72,20.75
ideas__cedar_cypress__plot_Kokonoe_2_annotated,31,30,66,19.625
ideas__cedar_cypress__plot_Kokonoe_2_annotated,32,31,65,18.375
ideas__cedar_cypress__plot_Kokonoe_2_annotated,33,32,47,14.75
ideas__cedar_cypress__plot_Kokonoe_2_annotated,34,33,81,23.375
ideas__cedar_cypress__plot_Kokonoe_2_annotated,35,34,61,17.375
ideas__cedar_cypress__plot_Kokonoe_2_annotated,36,35,27,7.375
ideas__cedar_cypress__plot_Kokonoe_2_annotated,37,36,76,22.0
ideas__cedar_cypress__plot_Kokonoe_2_annotated,38,37,73,21.125
ideas__cedar_cypress__plot_Kokonoe_2_annotated,39,38,83,23.375
ideas__cedar_cypress__plot_Kokonoe_2_annotated,40,39,58,17.75
ideas__cedar_cypress__plot_Kokonoe_2_annotated,41,40,78,22.75
ideas__cedar_cypress__plot_Kokonoe_3_annotated,1,0,69,19.125
ideas__cedar_cypress__plot_Kokonoe_3_annotated,2,1,40,10.875
ideas__cedar_cypress__plot_Kokonoe_3_annotated,3,2,71,20.875
ideas__cedar_cypress__plot_Kokonoe_3_annotated,4,3,61,17.375
ideas__cedar_cypress__plot_Kokonoe_3_annotated,5,4,55,15.125
ideas__cedar_cypress__plot_Kokonoe_3_annotated,6,5,77,21.375
ideas__cedar_cypress__plot_Kokonoe_3_annotated,7,6,67,19.875
ideas__cedar_cypress__plot_Kokonoe_3_annotated,8,7,65,19.125
ideas__cedar_cypress__plot_Kokonoe_3_annotated,9,8,77,21.125
ideas__cedar_cypress__plot_Kokonoe_3_annotated,10,9,80,22.125
ideas__cedar_cypress__plot_Kokonoe_3_annotated,11,10,65,18.25
ideas__cedar_cypress__plot_Kokonoe_3_annotated,12,11,59,16.75
ideas__cedar_cypress__plot_Kokonoe_3_annotated,13,12,57,17.125
ideas__cedar_cypress__plot_Kokonoe_3_annotated,14,13,68,18.25
ideas__cedar_cypress__plot_Kokonoe_3_annotated,15,14,33,9.125
ideas__cedar_cypress__plot_Kokonoe_3_annotated,16,15,90,25.375
ideas__cedar_cypress__plot_Kokonoe_3_annotated,17,16,61,17.125
ideas__cedar_cypress__plot_Kokonoe_3_annotated,18,17,61,16.125
ideas__cedar_cypress__plot_Kokonoe_3_annotated,19,18,55,15.875
ideas__cedar_cypress__plot_Kokonoe_3_annotated,20,19,87,26.875
ideas__cedar_cypress__plot_Kokonoe_3_annotated,21,20,58,16.0
ideas__cedar_cypress__plot_Kokonoe_3_annotated,22,21,47,13.375
ideas__cedar_cypress__plot_Kokonoe_3_annotated,23,22,58,17.25
ideas__cedar_cypress__plot_Kokonoe_3_annotated,24,23,46,14.375
ideas__cedar_cypress__plot_Kokonoe_3_annotated,25,24,58,17.875
ideas__cedar_cypress__plot_Kokonoe_3_annotated,26,25,76,21.5
ideas__cedar_cypress__plot_Kokonoe_3_annotated,27,26,53,14.875
ideas__cedar_cypress__plot_Kokonoe_3_annotated,28,27,67,19.0
ideas__cedar_cypress__plot_Kokonoe_3_annotated,29,28,58,16.25
ideas__cedar_cypress__plot_Kokonoe_3_annotated,30,29,81,24.875
ideas__cedar_cypress__plot_Kokonoe_3_annotated,31,30,62,17.125
ideas__cedar_cypress__plot_Kokonoe_3_annotated,32,31,75,21.625
ideas__cedar_cypress__plot_Kokonoe_3_annotated,33,32,67,19.375
ideas__cedar_cypress__plot_Kokonoe_3_annotated,34,33,73,21.375
ideas__cedar_cypress__plot_Kokonoe_3_annotated,35,34,81,22.875
ideas__cedar_cypress__plot_Kokonoe_3_annotated,36,35,40,11.625
ideas__cedar_cypress__plot_Kokonoe_3_annotated,37,36,65,17.875
ideas__cedar_cypress__plot_Kokonoe_3_annotated,38,37,42,12.5
ideas__cedar_cypress__plot_Kokonoe_3_annotated,39,38,38,10.625
ideas__cedar_cypress__plot_Kokonoe_3_annotated,40,39,92,26.75
ideas__cedar_cypress__plot_Kokonoe_3_annotated,41,40,80,23.0
ideas__cedar_cypress__plot_Kokonoe_3_annotated,42,41,71,20.0
ideas__cedar_cypress__plot_Kokonoe_3_annotated,43,42,56,16.0
ideas__cedar_cypress__plot_Kokonoe_4_annotated,1,0,47,13.5
ideas__cedar_cypress__plot_Kokonoe_4_annotated,2,1,47,12.875
ideas__cedar_cypress__plot_Kokonoe_4_annotated,3,2,34,10.375
ideas__cedar_cypress__plot_Kokonoe_4_annotated,4,3,41,11.625
ideas__cedar_cypress__plot_Kokonoe_4_annotated,5,4,25,6.875
ideas__cedar_cypress__plot_Kokonoe_4_annotated,6,5,32,8.5
ideas__cedar_cypress__plot_Kokonoe_4_annotated,7,6,24,6.625
ideas__cedar_cypress__plot_Kokonoe_4_annotated,8,7,29,7.875
ideas__cedar_cypress__plot_Kokonoe_4_annotated,9,8,49,14.375
ideas__cedar_cypress__plot_Kokonoe_4_annotated,10,9,22,5.875
ideas__cedar_cypress__plot_Kokonoe_4_annotated,11,10,29,8.625
ideas__cedar_cypress__plot_Kokonoe_4_annotated,12,11,30,8.0
ideas__cedar_cypress__plot_Kokonoe_4_annotated,13,12,33,9.125
ideas__cedar_cypress__plot_Kokonoe_4_annotated,14,13,49,14.25
ideas__cedar_cypress__plot_Kokonoe_4_annotated,15,14,42,12.0
ideas__cedar_cypress__plot_Kokonoe_4_annotated,16,15,39,10.25
ideas__cedar_cypress__plot_Kokonoe_4_annotated,17,16,46,11.75
ideas__cedar_cypress__plot_Kokonoe_4_annotated,18,17,42,12.0
ideas__cedar_cypress__plot_Kokonoe_4_annotated,19,18,42,11.75
ideas__cedar_cypress__plot_Kokonoe_4_annotated,20,19,48,14.375
ideas__cedar_cypress__plot_Kokonoe_4_annotated,21,20,39,11.375
ideas__cedar_cypress__plot_Kokonoe_4_annotated,22,21,31,8.375
ideas__cedar_cypress__plot_Kokonoe_4_annotated,23,22,21,5.625
ideas__cedar_cypress__plot_Kokonoe_4_annotated,24,23,42,12.625
ideas__cedar_cypress__plot_Kokonoe_4_annotated,25,24,41,11.375
ideas__cedar_cypress__plot_Kokonoe_4_annotated,26,25,48,13.875
ideas__cedar_cypress__plot_Kokonoe_4_annotated,27,26,34,10.125
ideas__cedar_cypress__plot_Kokonoe_4_annotated,28,27,71,20.25
ideas__cedar_cypress__plot_Kokonoe_4_annotated,29,28,80,23.375
ideas__cedar_cypress__plot_Kokonoe_4_annotated,30,29,46,13.875
ideas__cedar_cypress__plot_Kokonoe_4_annotated,31,30,35,10.0
ideas__cedar_cypress__plot_Kokonoe_4_annotated,32,31,34,9.375
ideas__cedar_cypress__plot_Kokonoe_4_annotated,33,32,48,13.5
ideas__cedar_cypress__plot_Kokonoe_4_annotated,34,33,33,9.125
ideas__cedar_cypress__plot_Kokonoe_4_annotated,35,34,19,5.5
ideas__cedar_cypress__plot_Kokonoe_4_annotated,36,35,33,8.5
ideas__cedar_cypress__plot_Kokonoe_4_annotated,37,36,25,6.875
ideas__cedar_cypress__plot_Kokonoe_4_annotated,38,37,21,5.75
ideas__cedar_cypress__plot_Kokonoe_4_annotated,39,38,43,12.25
ideas__cedar_cypress__plot_Kokonoe_4_annotated,40,39,48,13.875
ideas__cedar_cypress__plot_Kokonoe_4_annotated,41,40,44,12.375
ideas__cedar_cypress__plot_Kokonoe_4_annotated,42,41,45,14.625
ideas__cedar_cypress__plot_Kokonoe_4_annotated,43,42,42,11.875
ideas__cedar_cypress__plot_Kokonoe_4_annotated,44,43,52,15.5
ideas__cedar_cypress__plot_Kokonoe_4_annotated,45,44,38,11.375
ideas__cedar_cypress__plot_Kokonoe_4_annotated,46,45,40,11.5
ideas__cedar_cypress__plot_Kokonoe_4_annotated,47,46,52,14.625
ideas__cedar_cypress__plot_Kokonoe_4_annotated,48,47,46,12.625
ideas__cedar_cypress__plot_Kokonoe_4_annotated,49,48,41,11.625
ideas__cedar_cypress__plot_Kokonoe_4_annotated,50,49,29,8.0
ideas__cedar_cypress__plot_Kokonoe_4_annotated,51,50,22,5.875
ideas__cedar_cypress__plot_Kokonoe_4_annotated,52,51,45,13.0
ideas__cedar_cypress__plot_Kokonoe_4_annotated,53,52,58,15.75
ideas__cedar_cypress__plot_Kokonoe_4_annotated,54,53,34,9.625
ideas__cedar_cypress__plot_Kokonoe_4_annotated,55,54,27,7.125
ideas__cedar_cypress__plot_Kokonoe_4_annotated,56,55,49,13.0
ideas__cedar_cypress__plot_Kokonoe_4_annotated,57,56,22,5.75
ideas__cedar_cypress__plot_Kokonoe_4_annotated,58,57,46,12.625
ideas__cedar_cypress__plot_Kokonoe_4_annotated,59,58,34,10.625
ideas__cedar_cypress__plot_Kokonoe_4_annotated,60,59,30,9.125
ideas__cedar_cypress__plot_Kokonoe_4_annotated,61,60,46,12.875
ideas__cedar_cypress__plot_Kokonoe_4_annotated,62,61,20,5.625
ideas__cedar_cypress__plot_Kokonoe_4_annotated,63,62,37,10.5
ideas__cedar_cypress__plot_Kokonoe_4_annotated,64,63,28,7.75
ideas__cedar_cypress__plot_Kokonoe_4_annotated,65,64,29,7.875
ideas__cedar_cypress__plot_Kokonoe_4_annotated,66,65,47,13.5
ideas__cedar_cypress__plot_Kokonoe_4_annotated,67,66,64,19.0
ideas__cedar_cypress__plot_Kokonoe_4_annotated,68,67,54,15.125
ideas__cedar_cypress__plot_Kokonoe_4_annotated,69,68,45,13.25
ideas__cedar_cypress__plot_Kokonoe_4_annotated,70,69,47,13.25
ideas__cedar_cypress__plot_Kokonoe_5_annotated,1,0,75,22.0
ideas__cedar_cypress__plot_Kokonoe_5_annotated,2,1,87,23.875
ideas__cedar_cypress__plot_Kokonoe_5_annotated,3,2,71,20.125
ideas__cedar_cypress__plot_Kokonoe_5_annotated,4,3,47,13.125
ideas__cedar_cypress__plot_Kokonoe_5_annotated,5,4,68,19.375
ideas__cedar_cypress__plot_Kokonoe_5_annotated,6,5,74,21.25
ideas__cedar_cypress__plot_Kokonoe_5_annotated,7,6,87,25.125
ideas__cedar_cypress__plot_Kokonoe_5_annotated,8,7,61,17.625
ideas__cedar_cypress__plot_Kokonoe_5_annotated,9,8,81,24.125
ideas__cedar_cypress__plot_Kokonoe_5_annotated,10,9,44,12.375
ideas__cedar_cypress__plot_Kokonoe_5_annotated,11,10,65,18.375
ideas__cedar_cypress__plot_Kokonoe_5_annotated,12,11,56,15.25
ideas__cedar_cypress__plot_Kokonoe_5_annotated,13,12,64,17.875
ideas__cedar_cypress__plot_Kokonoe_5_annotated,14,13,49,14.25
ideas__cedar_cypress__plot_Kokonoe_5_annotated,15,14,60,17.25
ideas__cedar_cypress__plot_Kokonoe_5_annotated,16,15,56,14.75
ideas__cedar_cypress__plot_Kokonoe_5_annotated,17,16,61,17.5
ideas__cedar_cypress__plot_Kokonoe_5_annotated,18,17,72,20.75
ideas__cedar_cypress__plot_Kokonoe_5_annotated,19,18,85,24.0
ideas__cedar_cypress__plot_Kokonoe_5_annotated,20,19,84,24.625
ideas__cedar_cypress__plot_Kokonoe_5_annotated,21,20,83,23.0
ideas__cedar_cypress__plot_Kokonoe_5_annotated,22,21,99,28.75
ideas__cedar_cypress__plot_Kokonoe_5_annotated,23,22,55,17.5
ideas__cedar_cypress__plot_Kokonoe_5_annotated,24,23,86,24.125
ideas__cedar_cypress__plot_Kokonoe_5_annotated,25,24,41,12.625
ideas__cedar_cypress__plot_Kokonoe_5_annotated,26,25,59,16.875
ideas__cedar_cypress__plot_Kokonoe_5_annotated,27,26,64,18.25
ideas__cedar_cypress__plot_Kokonoe_5_annotated,28,27,53,15.0
ideas__cedar_cypress__plot_Kokonoe_5_annotated,29,28,45,13.0
ideas__cedar_cypress__plot_Kokonoe_5_annotated,30,29,78,22.125
ideas__cedar_cypress__plot_Kokonoe_5_annotated,31,30,84,23.25
ideas__cedar_cypress__plot_Kokonoe_5_annotated,32,31,72,20.375
ideas__cedar_cypress__plot_Kokonoe_5_annotated,33,32,80,22.0
ideas__cedar_cypress__plot_Kokonoe_5_annotated,34,33,106,29.25
ideas__cedar_cypress__plot_Kokonoe_5_annotated,35,34,56,16.125
ideas__cedar_cypress__plot_Kokonoe_5_annotated,36,35,64,18.0
ideas__cedar_cypress__plot_Kokonoe_6_annotated,1,0,98,27.625
ideas__cedar_cypress__plot_Kokonoe_6_annotated,2,1,95,27.375
ideas__cedar_cypress__plot_Kokonoe_6_annotated,3,2,88,25.5
ideas__cedar_cypress__plot_Kokonoe_6_annotated,4,3,65,18.375
ideas__cedar_cypress__plot_Kokonoe_6_annotated,5,4,91,25.5
ideas__cedar_cypress__plot_Kokonoe_6_annotated,6,5,74,20.875
ideas__cedar_cypress__plot_Kokonoe_6_annotated,7,6,130,36.125
ideas__cedar_cypress__plot_Kokonoe_6_annotated,8,7,92,26.25
ideas__cedar_cypress__plot_Kokonoe_6_annotated,9,8,104,29.0
ideas__cedar_cypress__plot_Kokonoe_6_annotated,10,9,80,22.5
ideas__cedar_cypress__plot_Kokonoe_6_annotated,11,10,66,19.375
ideas__cedar_cypress__plot_Kokonoe_6_annotated,12,11,37,10.625
ideas__cedar_cypress__plot_Kokonoe_6_annotated,13,12,45,13.625
ideas__cedar_cypress__plot_Kokonoe_6_annotated,14,13,63,17.25
ideas__cedar_cypress__plot_Kokonoe_6_annotated,15,14,79,21.125
ideas__cedar_cypress__plot_Kokonoe_6_annotated,16,15,89,24.125
ideas__cedar_cypress__plot_Kokonoe_6_annotated,17,16,49,14.75
ideas__cedar_cypress__plot_Kokonoe_6_annotated,18,17,91,26.125
ideas__cedar_cypress__plot_Kokonoe_6_annotated,19,18,80,23.25
ideas__cedar_cypress__plot_Kokonoe_6_annotated,20,19,70,20.0
ideas__cedar_cypress__plot_Kokonoe_6_annotated,21,20,73,21.25
ideas__cedar_cypress__plot_Kokonoe_6_annotated,22,21,71,20.5
ideas__cedar_cypress__plot_Kokonoe_6_annotated,23,22,91,25.25
ideas__cedar_cypress__plot_Kokonoe_6_annotated,24,23,65,19.125
ideas__cedar_cypress__plot_Kokonoe_6_annotated,25,24,68,20.5
ideas__cedar_cypress__plot_Kokonoe_6_annotated,26,25,130,35.375
ideas__cedar_cypress__plot_Kokonoe_6_annotated,27,26,83,24.125
ideas__cedar_cypress__plot_Kokonoe_6_annotated,28,27,67,18.375
ideas__cedar_cypress__plot_Kokonoe_6_annotated,29,28,61,16.875
ideas__cedar_cypress__plot_Kokonoe_7_annotated,1,0,52,14.125
ideas__cedar_cypress__plot_Kokonoe_7_annotated,2,1,78,21.25
ideas__cedar_cypress__plot_Kokonoe_7_annotated,3,2,85,23.875
ideas__cedar_cypress__plot_Kokonoe_7_annotated,4,3,68,18.625
ideas__cedar_cypress__plot_Kokonoe_7_annotated,5,4,82,23.0
ideas__cedar_cypress__plot_Kokonoe_7_annotated,6,5,74,23.0
ideas__cedar_cypress__plot_Kokonoe_7_annotated,7,6,83,23.125
ideas__cedar_cypress__plot_Kokonoe_7_annotated,8,7,102,30.75
ideas__cedar_cypress__plot_Kokonoe_7_annotated,9,8,81,23.75
ideas__cedar_cypress__plot_Kokonoe_7_annotated,10,9,82,22.25
ideas__cedar_cypress__plot_Kokonoe_7_annotated,11,10,75,21.5
ideas__cedar_cypress__plot_Kokonoe_7_annotated,12,11,64,17.75
ideas__cedar_cypress__plot_Kokonoe_7_annotated,13,12,64,17.875
ideas__cedar_cypress__plot_Kokonoe_7_annotated,14,13,74,19.625
ideas__cedar_cypress__plot_Kokonoe_7_annotated,15,14,64,18.0
ideas__cedar_cypress__plot_Kokonoe_7_annotated,16,15,66,19.375
ideas__cedar_cypress__plot_Kokonoe_7_annotated,17,16,67,21.0
ideas__cedar_cypress__plot_Kokonoe_7_annotated,18,17,92,26.125
ideas__cedar_cypress__plot_Kokonoe_7_annotated,19,18,55,15.0
ideas__cedar_cypress__plot_Kokonoe_7_annotated,20,19,62,16.25
ideas__cedar_cypress__plot_Kokonoe_7_annotated,21,20,86,24.25
ideas__cedar_cypress__plot_Kokonoe_7_annotated,22,21,82,24.375
ideas__cedar_cypress__plot_Kokonoe_7_annotated,23,22,112,31.875
ideas__cedar_cypress__plot_Kokonoe_7_annotated,24,23,120,36.125
ideas__cedar_cypress__plot_Kokonoe_7_annotated,25,24,87,25.375
ideas__cedar_cypress__plot_Kokonoe_7_annotated,26,25,63,17.125
ideas__cedar_cypress__plot_Kokonoe_7_annotated,27,26,59,16.25
ideas__cedar_cypress__plot_Kokonoe_7_annotated,28,27,52,14.5
ideas__cedar_cypress__plot_Kokonoe_7_annotated,29,28,68,19.25
ideas__cedar_cypress__plot_Kokonoe_7_annotated,30,29,79,22.375
ideas__cedar_cypress__plot_Kokonoe_7_annotated,31,30,86,24.0
ideas__cedar_cypress__plot_Kokonoe_7_annotated,32,31,78,23.25
ideas__cedar_cypress__plot_Kokonoe_7_annotated,33,32,93,26.125
ideas__cedar_cypress__plot_Kokonoe_8_annotated,1,0,75,22.125
ideas__cedar_cypress__plot_Kokonoe_8_annotated,2,1,76,21.875
ideas__cedar_cypress__plot_Kokonoe_8_annotated,3,2,82,24.0
ideas__cedar_cypress__plot_Kokonoe_8_annotated,4,3,99,29.5
ideas__cedar_cypress__plot_Kokonoe_8_annotated,5,4,78,24.125
ideas__cedar_cypress__plot_Kokonoe_8_annotated,6,5,83,24.0
ideas__cedar_cypress__plot_Kokonoe_8_annotated,7,6,50,15.125
ideas__cedar_cypress__plot_Kokonoe_8_annotated,8,7,65,19.75
ideas__cedar_cypress__plot_Kokonoe_8_annotated,9,8,64,18.25
ideas__cedar_cypress__plot_Kokonoe_8_annotated,10,9,59,17.75
ideas__cedar_cypress__plot_Kokonoe_8_annotated,11,10,83,23.375
ideas__cedar_cypress__plot_Kokonoe_8_annotated,12,11,81,22.75
ideas__cedar_cypress__plot_Kokonoe_8_annotated,13,12,78,22.75
ideas__cedar_cypress__plot_Kokonoe_8_annotated,14,13,61,18.25
ideas__cedar_cypress__plot_Kokonoe_8_annotated,15,14,80,23.125
ideas__cedar_cypress__plot_Kokonoe_8_annotated,16,15,85,23.5
ideas__cedar_cypress__plot_Kokonoe_8_annotated,17,16,81,22.0
ideas__cedar_cypress__plot_Kokonoe_8_annotated,18,17,59,16.875
ideas__cedar_cypress__plot_Kokonoe_8_annotated,19,18,83,23.875
ideas__cedar_cypress__plot_Kokonoe_8_annotated,20,19,56,16.25
ideas__cedar_cypress__plot_Kokonoe_8_annotated,21,20,72,21.125
ideas__cedar_cypress__plot_Kokonoe_8_annotated,22,21,54,16.75
ideas__cedar_cypress__plot_Kokonoe_8_annotated,23,22,62,17.125
ideas__cedar_cypress__plot_Kokonoe_8_annotated,24,23,52,14.875
ideas__cedar_cypress__plot_Kokonoe_8_annotated,25,24,79,22.75
ideas__cedar_cypress__plot_Kokonoe_8_annotated,26,25,84,23.875
ideas__cedar_cypress__plot_Kokonoe_8_annotated,27,26,41,12.25
ideas__cedar_cypress__plot_Kokonoe_8_annotated,28,27,70,20.0
ideas__cedar_cypress__plot_Kokonoe_8_annotated,29,28,70,20.75
ideas__cedar_cypress__plot_Kokonoe_8_annotated,30,29,65,19.125
ideas__cedar_cypress__plot_Kokonoe_8_annotated,31,30,106,30.5
ideas__cedar_cypress__plot_Kokonoe_8_annotated,32,31,62,19.125
ideas__cedar_cypress__plot_Kokonoe_8_annotated,33,32,69,19.625
ideas__cedar_cypress__plot_Kokonoe_8_annotated,34,33,90,25.5
ideas__cedar_cypress__plot_Kokonoe_9_annotated,1,0,69,19.0
ideas__cedar_cypress__plot_Kokonoe_9_annotated,2,1,56,16.25
ideas__cedar_cypress__plot_Kokonoe_9_annotated,3,2,33,9.25
ideas__cedar_cypress__plot_Kokonoe_9_annotated,4,3,34,9.375
ideas__cedar_cypress__plot_Kokonoe_9_annotated,5,4,72,20.75
ideas__cedar_cypress__plot_Kokonoe_9_annotated,6,5,34,8.75
ideas__cedar_cypress__plot_Kokonoe_9_annotated,7,6,57,14.875
ideas__cedar_cypress__plot_Kokonoe_9_annotated,8,7,56,16.125
ideas__cedar_cypress__plot_Kokonoe_9_annotated,9,8,32,9.125
ideas__cedar_cypress__plot_Kokonoe_9_annotated,10,9,22,5.875
ideas__cedar_cypress__plot_Kokonoe_9_annotated,11,10,39,10.75
ideas__cedar_cypress__plot_Kokonoe_9_annotated,12,11,10,3.0
ideas__cedar_cypress__plot_Kokonoe_9_annotated,13,12,72,21.375
ideas__cedar_cypress__plot_Kokonoe_9_annotated,14,13,42,12.0
ideas__cedar_cypress__plot_Kokonoe_9_annotated,15,14,41,12.125
ideas__cedar_cypress__plot_Kokonoe_9_annotated,16,15,53,16.25
ideas__cedar_cypress__plot_Kokonoe_9_annotated,17,16,40,11.75
ideas__cedar_cypress__plot_Kokonoe_9_annotated,18,17,32,8.875
ideas__cedar_cypress__plot_Kokonoe_9_annotated,19,18,68,18.625
ideas__cedar_cypress__plot_Kokonoe_9_annotated,20,19,53,15.25
ideas__cedar_cypress__plot_Kokonoe_9_annotated,21,20,61,16.625
ideas__cedar_cypress__plot_Kokonoe_9_annotated,22,21,44,12.25
ideas__cedar_cypress__plot_Kokonoe_9_annotated,23,22,80,24.375
ideas__cedar_cypress__plot_Kokonoe_9_annotated,24,23,49,14.0
ideas__cedar_cypress__plot_Kokonoe_9_annotated,25,24,15,4.5
ideas__cedar_cypress__plot_Kokonoe_9_annotated,26,25,49,13.75
ideas__cedar_cypress__plot_Kokonoe_9_annotated,27,26,39,10.75
ideas__cedar_cypress__plot_Kokonoe_9_annotated,28,27,47,13.625
ideas__cedar_cypress__plot_Kokonoe_9_annotated,29,28,28,8.25
ideas__cedar_cypress__plot_Kokonoe_9_annotated,30,29,39,11.5
ideas__cedar_cypress__plot_Kokonoe_9_annotated,31,30,29,7.875
ideas__cedar_cypress__plot_Kokonoe_9_annotated,32,31,41,11.5
ideas__cedar_cypress__plot_Kokonoe_9_annotated,33,32,38,10.625
ideas__cedar_cypress__plot_Kokonoe_9_annotated,34,33,44,13.0
ideas__cedar_cypress__plot_Kokonoe_9_annotated,35,34,53,15.25
ideas__cedar_cypress__plot_Kokonoe_9_annotated,36,35,52,15.125
ideas__cedar_cypress__plot_Kokonoe_9_annotated,37,36,52,15.0
ideas__cedar_cypress__plot_Kokonoe_9_annotated,38,37,52,14.75
ideas__cedar_cypress__plot_Kokonoe_9_annotated,39,38,71,19.375
ideas__cedar_cypress__plot_Kokonoe_9_annotated,40,39,57,16.25
ideas__cedar_cypress__plot_Kokonoe_9_annotated,41,40,43,11.875
ideas__cedar_cypress__plot_Kokonoe_9_annotated,42,41,35,9.375
ideas__cedar_cypress__plot_Kokonoe_9_annotated,43,42,47,13.0
ideas__cedar_cypress__plot_Kokonoe_9_annotated,44,43,79,24.0
ideas__cedar_cypress__plot_Kokonoe_9_annotated,45,44,41,11.625
ideas__cedar_cypress__plot_Kokonoe_9_annotated,46,45,41,11.375
ideas__cedar_cypress__plot_Kokonoe_9_annotated,47,46,34,10.0
ideas__cedar_cypress__plot_Kokonoe_9_annotated,48,47,53,15.5
ideas__cedar_cypress__plot_Kokonoe_9_annotated,49,48,57,15.875
ideas__cedar_cypress__plot_Kokonoe_9_annotated,50,49,57,16.25
ideas__cedar_cypress__plot_Saiki_10_annotated,1,0,85,25.5
ideas__cedar_cypress__plot_Saiki_10_annotated,2,1,97,28.375
ideas__cedar_cypress__plot_Saiki_10_annotated,3,2,76,22.875
ideas__cedar_cypress__plot_Saiki_10_annotated,4,3,82,23.625
ideas__cedar_cypress__plot_Saiki_10_annotated,5,4,61,17.625
ideas__cedar_cypress__plot_Saiki_10_annotated,6,5,49,13.75
ideas__cedar_cypress__plot_Saiki_10_annotated,7,6,68,19.125
ideas__cedar_cypress__plot_Saiki_10_annotated,8,7,91,25.375
ideas__cedar_cypress__plot_Saiki_10_annotated,9,8,63,17.875
ideas__cedar_cypress__plot_Saiki_10_annotated,10,9,94,27.375
ideas__cedar_cypress__plot_Saiki_10_annotated,11,10,83,23.625
ideas__cedar_cypress__plot_Saiki_10_annotated,12,11,86,24.0
ideas__cedar_cypress__plot_Saiki_10_annotated,13,12,126,35.5
ideas__cedar_cypress__plot_Saiki_10_annotated,14,13,110,29.125
ideas__cedar_cypress__plot_Saiki_10_annotated,15,14,74,21.0
ideas__cedar_cypress__plot_Saiki_10_annotated,16,15,44,12.125
ideas__cedar_cypress__plot_Saiki_10_annotated,17,16,64,17.625
ideas__cedar_cypress__plot_Saiki_10_annotated,18,17,123,34.375
ideas__cedar_cypress__plot_Saiki_10_annotated,19,18,116,31.25
ideas__cedar_cypress__plot_Saiki_10_annotated,20,19,66,17.875
ideas__cedar_cypress__plot_Saiki_10_annotated,21,20,68,18.75
ideas__cedar_cypress__plot_Saiki_10_annotated,22,21,100,28.125
ideas__cedar_cypress__plot_Saiki_10_annotated,23,22,61,17.25
ideas__cedar_cypress__plot_Saiki_10_annotated,24,23,51,14.25
ideas__cedar_cypress__plot_Saiki_10_annotated,25,24,62,17.375
ideas__cedar_cypress__plot_Saiki_10_annotated,26,25,117,31.875
ideas__cedar_cypress__plot_Saiki_10_annotated,27,26,72,19.875
ideas__cedar_cypress__plot_Saiki_10_annotated,28,27,53,14.5
ideas__cedar_cypress__plot_Saiki_10_annotated,29,28,59,16.0
ideas__cedar_cypress__plot_Saiki_10_annotated,30,29,65,18.0
ideas__cedar_cypress__plot_Saiki_10_annotated,31,30,84,24.125
ideas__cedar_cypress__plot_Saiki_10_annotated,32,31,87,25.25
ideas__cedar_cypress__plot_Saiki_10_annotated,33,32,116,31.375
ideas__cedar_cypress__plot_Saiki_10_annotated,34,33,79,21.625
ideas__cedar_cypress__plot_Saiki_11_annotated,1,0,41,11.5
ideas__cedar_cypress__plot_Saiki_11_annotated,2,1,40,11.0
ideas__cedar_cypress__plot_Saiki_11_annotated,3,2,44,12.25
ideas__cedar_cypress__plot_Saiki_11_annotated,4,3,39,10.75
ideas__cedar_cypress__plot_Saiki_11_annotated,5,4,36,9.75
ideas__cedar_cypress__plot_Saiki_11_annotated,6,5,35,10.0
ideas__cedar_cypress__plot_Saiki_11_annotated,7,6,40,11.0
ideas__cedar_cypress__plot_Saiki_11_annotated,8,7,36,10.375
ideas__cedar_cypress__plot_Saiki_11_annotated,9,8,40,11.625
ideas__cedar_cypress__plot_Saiki_11_annotated,10,9,30,8.125
ideas__cedar_cypress__plot_Saiki_11_annotated,11,10,47,13.25
ideas__cedar_cypress__plot_Saiki_11_annotated,12,11,40,10.875
ideas__cedar_cypress__plot_Saiki_11_annotated,13,12,38,10.625
ideas__cedar_cypress__plot_Saiki_11_annotated,14,13,43,11.375
ideas__cedar_cypress__plot_Saiki_11_annotated,15,14,32,9.625
ideas__cedar_cypress__plot_Saiki_11_annotated,16,15,36,10.25
ideas__cedar_cypress__plot_Saiki_11_annotated,17,16,32,8.875
ideas__cedar_cypress__plot_Saiki_11_annotated,18,17,46,13.25
ideas__cedar_cypress__plot_Saiki_11_annotated,19,18,43,12.0
ideas__cedar_cypress__plot_Saiki_11_annotated,20,19,41,11.5
ideas__cedar_cypress__plot_Saiki_11_annotated,21,20,39,10.75
ideas__cedar_cypress__plot_Saiki_11_annotated,22,21,33,9.25
ideas__cedar_cypress__plot_Saiki_11_annotated,23,22,32,8.375
ideas__cedar_cypress__plot_Saiki_11_annotated,24,23,42,11.25
ideas__cedar_cypress__plot_Saiki_11_annotated,25,24,43,12.0
ideas__cedar_cypress__plot_Saiki_11_annotated,26,25,42,11.25
ideas__cedar_cypress__plot_Saiki_11_annotated,27,26,47,12.75
ideas__cedar_cypress__plot_Saiki_11_annotated,28,27,41,11.5
ideas__cedar_cypress__plot_Saiki_11_annotated,29,28,40,11.625
ideas__cedar_cypress__plot_Saiki_11_annotated,30,29,40,11.375
ideas__cedar_cypress__plot_Saiki_11_annotated,31,30,45,12.875
ideas__cedar_cypress__plot_Saiki_11_annotated,32,31,49,13.75
ideas__cedar_cypress__plot_Saiki_11_annotated,33,32,62,17.125
ideas__cedar_cypress__plot_Saiki_11_annotated,34,33,39,10.75
ideas__cedar_cypress__plot_Saiki_11_annotated,35,34,31,8.625
ideas__cedar_cypress__plot_Saiki_11_annotated,36,35,34,9.375
ideas__cedar_cypress__plot_Saiki_11_annotated,37,36,35,10.125
ideas__cedar_cypress__plot_Saiki_11_annotated,38,37,52,15.25
ideas__cedar_cypress__plot_Saiki_11_annotated,39,38,34,9.375
ideas__cedar_cypress__plot_Saiki_11_annotated,40,39,43,11.375
ideas__cedar_cypress__plot_Saiki_11_annotated,41,40,30,8.25
ideas__cedar_cypress__plot_Saiki_11_annotated,42,41,33,9.125
ideas__cedar_cypress__plot_Saiki_11_annotated,43,42,26,7.0
ideas__cedar_cypress__plot_Saiki_11_annotated,44,43,30,8.25
ideas__cedar_cypress__plot_Saiki_11_annotated,45,44,33,9.375
ideas__cedar_cypress__plot_Saiki_11_annotated,46,45,26,7.375
ideas__cedar_cypress__plot_Saiki_11_annotated,47,46,39,11.25
ideas__cedar_cypress__plot_Saiki_11_annotated,48,47,27,7.75
ideas__cedar_cypress__plot_Saiki_11_annotated,49,48,60,16.75
ideas__cedar_cypress__plot_Saiki_11_annotated,50,49,50,14.375
ideas__cedar_cypress__plot_Saiki_11_annotated,51,50,35,10.25
ideas__cedar_cypress__plot_Saiki_11_annotated,52,51,31,8.875
ideas__cedar_cypress__plot_Saiki_11_annotated,53,52,42,12.0
ideas__cedar_cypress__plot_Saiki_12_annotated,1,0,33,9.875
ideas__cedar_cypress__plot_Saiki_12_annotated,2,1,41,11.5
ideas__cedar_cypress__plot_Saiki_12_annotated,3,2,18,5.25
ideas__cedar_cypress__plot_Saiki_12_annotated,4,3,26,8.25
ideas__cedar_cypress__plot_Saiki_12_annotated,5,4,39,10.125
ideas__cedar_cypress__plot_Saiki_12_annotated,6,5,62,17.75
ideas__cedar_cypress__plot_Saiki_12_annotated,7,6,29,8.375
ideas__cedar_cypress__plot_Saiki_12_annotated,8,7,14,4.125
ideas__cedar_cypress__plot_Saiki_12_annotated,9,8,26,7.625
ideas__cedar_cypress__plot_Saiki_12_annotated,10,9,23,7.0
ideas__cedar_cypress__plot_Saiki_12_annotated,11,10,55,15.375
ideas__cedar_cypress__plot_Saiki_12_annotated,12,11,14,4.125
ideas__cedar_cypress__plot_Saiki_12_annotated,13,12,51,13.875
ideas__cedar_cypress__plot_Saiki_12_annotated,14,13,42,11.25
ideas__cedar_cypress__plot_Saiki_12_annotated,15,14,31,8.875
ideas__cedar_cypress__plot_Saiki_12_annotated,16,15,39,10.625
ideas__cedar_cypress__plot_Saiki_12_annotated,17,16,23,6.5
ideas__cedar_cypress__plot_Saiki_12_annotated,18,17,22,6.375
ideas__cedar_cypress__plot_Saiki_12_annotated,19,18,20,5.875
ideas__cedar_cypress__plot_Saiki_12_annotated,20,19,50,14.0
ideas__cedar_cypress__plot_Saiki_12_annotated,21,20,29,8.75
ideas__cedar_cypress__plot_Saiki_12_annotated,22,21,40,11.25
ideas__cedar_cypress__plot_Saiki_12_annotated,23,22,49,14.5
ideas__cedar_cypress__plot_Saiki_12_annotated,24,23,34,9.5
ideas__cedar_cypress__plot_Saiki_12_annotated,25,24,35,9.5
ideas__cedar_cypress__plot_Saiki_12_annotated,26,25,54,15.5
ideas__cedar_cypress__plot_Saiki_12_annotated,27,26,12,3.75
ideas__cedar_cypress__plot_Saiki_12_annotated,28,27,33,10.125
ideas__cedar_cypress__plot_Saiki_12_annotated,29,28,28,8.25
ideas__cedar_cypress__plot_Saiki_12_annotated,30,29,45,12.5
ideas__cedar_cypress__plot_Saiki_12_annotated,31,30,30,8.75
ideas__cedar_cypress__plot_Saiki_12_annotated,32,31,32,8.875
ideas__cedar_cypress__plot_Saiki_12_annotated,33,32,36,10.0
ideas__cedar_cypress__plot_Saiki_12_annotated,34,33,33,10.125
ideas__cedar_cypress__plot_Saiki_12_annotated,35,34,46,13.5
ideas__cedar_cypress__plot_Saiki_12_annotated,36,35,33,9.125
ideas__cedar_cypress__plot_Saiki_12_annotated,37,36,38,11.5
ideas__cedar_cypress__plot_Saiki_12_annotated,38,37,29,8.0
ideas__cedar_cypress__plot_Saiki_12_annotated,39,38,23,6.875
ideas__cedar_cypress__plot_Saiki_12_annotated,40,39,40,12.25
ideas__cedar_cypress__plot_Saiki_12_annotated,41,40,25,6.75
ideas__cedar_cypress__plot_Saiki_12_annotated,42,41,25,6.875
ideas__cedar_cypress__plot_Saiki_12_annotated,43,42,24,7.125
ideas__cedar_cypress__plot_Saiki_12_annotated,44,43,47,12.625
ideas__cedar_cypress__plot_Saiki_12_annotated,45,44,49,14.125
ideas__cedar_cypress__plot_Saiki_12_annotated,46,45,19,4.875
ideas__cedar_cypress__plot_Saiki_12_annotated,47,46,55,16.125
ideas__cedar_cypress__plot_Saiki_12_annotated,48,47,34,9.75
ideas__cedar_cypress__plot_Saiki_12_annotated,49,48,54,15.625
ideas__cedar_cypress__plot_Saiki_12_annotated,50,49,37,10.5
ideas__cedar_cypress__plot_Saiki_12_annotated,51,50,33,10.0
ideas__cedar_cypress__plot_Saiki_12_annotated,52,51,50,14.0
ideas__cedar_cypress__plot_Saiki_12_annotated,53,52,45,13.125
ideas__cedar_cypress__plot_Saiki_12_annotated,54,53,28,8.125
ideas__cedar_cypress__plot_Saiki_12_annotated,55,54,41,11.375
ideas__cedar_cypress__plot_Saiki_12_annotated,56,55,31,9.375
ideas__cedar_cypress__plot_Saiki_12_annotated,57,56,42,12.25
ideas__cedar_cypress__plot_Saiki_12_annotated,58,57,15,8.0
ideas__cedar_cypress__plot_Saiki_12_annotated,59,58,52,14.75
ideas__cedar_cypress__plot_Saiki_12_annotated,60,59,32,9.5
ideas__cedar_cypress__plot_Saiki_12_annotated,61,60,26,7.0
ideas__cedar_cypress__plot_Saiki_12_annotated,62,61,26,7.625
ideas__cedar_cypress__plot_Saiki_12_annotated,63,62,33,9.75
ideas__cedar_cypress__plot_Saiki_12_annotated,64,63,63,17.625
ideas__cedar_cypress__plot_Saiki_12_annotated,65,64,74,22.0
ideas__cedar_cypress__plot_Saiki_12_annotated,66,65,50,13.875
ideas__cedar_cypress__plot_Saiki_12_annotated,67,66,26,7.5
ideas__cedar_cypress__plot_Saiki_12_annotated,68,67,29,8.375
ideas__cedar_cypress__plot_Saiki_12_annotated,69,68,45,13.25
ideas__cedar_cypress__plot_Saiki_12_annotated,70,69,39,11.375
ideas__cedar_cypress__plot_Saiki_12_annotated,71,70,46,13.5
ideas__cedar_cypress__plot_Saiki_12_annotated,72,71,57,16.0
ideas__cedar_cypress__plot_Saiki_12_annotated,73,72,54,15.25
ideas__cedar_cypress__plot_Saiki_12_annotated,74,73,17,5.0
ideas__cedar_cypress__plot_Saiki_12_annotated,75,74,49,14.0
ideas__cedar_cypress__plot_Saiki_12_annotated,76,75,75,21.125
ideas__cedar_cypress__plot_Saiki_12_annotated,77,76,57,16.5
ideas__cedar_cypress__plot_Saiki_12_annotated,78,77,43,12.25
ideas__cedar_cypress__plot_Saiki_12_annotated,79,78,5,1.375
ideas__cedar_cypress__plot_Saiki_12_annotated,80,79,21,5.75
ideas__cedar_cypress__plot_Saiki_12_annotated,81,80,36,9.625
ideas__cedar_cypress__plot_Saiki_12_annotated,82,81,25,7.25
ideas__cedar_cypress__plot_Saiki_12_annotated,83,82,16,4.5
ideas__cedar_cypress__plot_Saiki_12_annotated,84,83,34,10.125
ideas__cedar_cypress__plot_Saiki_12_annotated,85,84,39,10.75
ideas__cedar_cypress__plot_Saiki_12_annotated,86,85,45,12.375
ideas__cedar_cypress__plot_Saiki_12_annotated,87,86,24,7.5
ideas__cedar_cypress__plot_Saiki_12_annotated,88,87,37,10.625
ideas__cedar_cypress__plot_Saiki_12_annotated,89,88,19,5.25
ideas__cedar_cypress__plot_Saiki_12_annotated,90,89,42,11.125
ideas__cedar_cypress__plot_Saiki_12_annotated,91,90,35,10.125
ideas__cedar_cypress__plot_Saiki_12_annotated,92,91,53,16.0
ideas__cedar_cypress__plot_Saiki_12_annotated,93,92,47,13.25
ideas__cedar_cypress__plot_Saiki_12_annotated,94,93,99,28.25
ideas__cedar_cypress__plot_Saiki_12_annotated,95,94,31,9.75
ideas__cedar_cypress__plot_Saiki_12_annotated,96,95,28,8.625
ideas__cedar_cypress__plot_Saiki_12_annotated,97,96,34,10.0
ideas__cedar_cypress__plot_Saiki_12_annotated,98,97,31,8.25
ideas__cedar_cypress__plot_Saiki_12_annotated,99,98,49,13.125
ideas__cedar_cypress__plot_Saiki_12_annotated,100,99,40,11.0
ideas__cedar_cypress__plot_Saiki_12_annotated,101,100,53,14.375
ideas__cedar_cypress__plot_Saiki_12_annotated,102,101,33,10.375
ideas__cedar_cypress__plot_Saiki_12_annotated,103,102,45,13.0
ideas__cedar_cypress__plot_Saiki_12_annotated,104,103,49,14.0
ideas__cedar_cypress__plot_Saiki_12_annotated,105,104,5,1.375
ideas__cedar_cypress__plot_Saiki_12_annotated,106,105,34,9.5
ideas__cedar_cypress__plot_Saiki_12_annotated,107,106,30,8.125
ideas__cedar_cypress__plot_Saiki_12_annotated,108,107,33,9.125
ideas__cedar_cypress__plot_Saiki_12_annotated,109,108,32,9.0
ideas__cedar_cypress__plot_Saiki_12_annotated,110,109,39,11.0
ideas__cedar_cypress__plot_Saiki_12_annotated,111,110,74,20.75
ideas__cedar_cypress__plot_Saiki_13_annotated,1,0,72,19.5
ideas__cedar_cypress__plot_Saiki_13_annotated,2,1,76,21.75
ideas__cedar_cypress__plot_Saiki_13_annotated,3,2,57,15.875
ideas__cedar_cypress__plot_Saiki_13_annotated,4,3,39,10.75
ideas__cedar_cypress__plot_Saiki_13_annotated,5,4,55,15.75
ideas__cedar_cypress__plot_Saiki_13_annotated,6,5,53,15.375
ideas__cedar_cypress__plot_Saiki_13_annotated,7,6,41,11.25
ideas__cedar_cypress__plot_Saiki_13_annotated,8,7,70,20.75
ideas__cedar_cypress__plot_Saiki_13_annotated,9,8,50,13.625
ideas__cedar_cypress__plot_Saiki_13_annotated,10,9,38,10.5
ideas__cedar_cypress__plot_Saiki_13_annotated,11,10,19,5.375
ideas__cedar_cypress__plot_Saiki_13_annotated,12,11,21,6.125
ideas__cedar_cypress__plot_Saiki_13_annotated,13,12,27,7.125
ideas__cedar_cypress__plot_Saiki_13_annotated,14,13,61,17.125
ideas__cedar_cypress__plot_Saiki_13_annotated,15,14,29,8.75
ideas__cedar_cypress__plot_Saiki_13_annotated,16,15,34,9.25
ideas__cedar_cypress__plot_Saiki_13_annotated,17,16,58,17.0
ideas__cedar_cypress__plot_Saiki_13_annotated,18,17,83,23.875
ideas__cedar_cypress__plot_Saiki_13_annotated,19,18,71,20.875
ideas__cedar_cypress__plot_Saiki_13_annotated,20,19,58,17.0
ideas__cedar_cypress__plot_Saiki_13_annotated,21,20,50,14.875
ideas__cedar_cypress__plot_Saiki_13_annotated,22,21,45,12.625
ideas__cedar_cypress__plot_Saiki_13_annotated,23,22,159,45.5
ideas__cedar_cypress__plot_Saiki_13_annotated,24,23,48,13.625
ideas__cedar_cypress__plot_Saiki_13_annotated,25,24,69,18.375
ideas__cedar_cypress__plot_Saiki_13_annotated,26,25,44,12.25
ideas__cedar_cypress__plot_Saiki_13_annotated,27,26,66,19.0
ideas__cedar_cypress__plot_Saiki_13_annotated,28,27,52,14.75
ideas__cedar_cypress__plot_Saiki_13_annotated,29,28,70,20.25
ideas__cedar_cypress__plot_Saiki_13_annotated,30,29,37,10.0
ideas__cedar_cypress__plot_Saiki_13_annotated,31,30,80,22.875
ideas__cedar_cypress__plot_Saiki_13_annotated,32,31,42,12.5
ideas__cedar_cypress__plot_Saiki_13_annotated,33,32,90,25.0
ideas__cedar_cypress__plot_Saiki_13_annotated,34,33,49,14.375
ideas__cedar_cypress__plot_Saiki_13_annotated,35,34,36,10.375
ideas__cedar_cypress__plot_Saiki_13_annotated,36,35,29,8.0
ideas__cedar_cypress__plot_Saiki_13_annotated,37,36,71,21.625
ideas__cedar_cypress__plot_Saiki_13_annotated,38,37,59,16.0
ideas__cedar_cypress__plot_Saiki_13_annotated,39,38,66,19.0
ideas__cedar_cypress__plot_Saiki_13_annotated,40,39,56,16.375
ideas__cedar_cypress__plot_Saiki_13_annotated,41,40,54,15.375
ideas__cedar_cypress__plot_Saiki_13_annotated,42,41,58,16.125
ideas__cedar_cypress__plot_Saiki_13_annotated,43,42,41,11.0
ideas__cedar_cypress__plot_Saiki_13_annotated,44,43,52,15.25
ideas__cedar_cypress__plot_Saiki_13_annotated,45,44,76,21.125
ideas__cedar_cypress__plot_Saiki_13_annotated,46,45,81,22.75
ideas__cedar_cypress__plot_Saiki_13_annotated,47,46,59,17.625
ideas__cedar_cypress__plot_Saiki_13_annotated,48,47,53,15.625
ideas__cedar_cypress__plot_Saiki_13_annotated,49,48,65,17.5
ideas__cedar_cypress__plot_Saiki_13_annotated,50,49,100,28.625
ideas__cedar_cypress__plot_Saiki_13_annotated,51,50,38,10.875
ideas__cedar_cypress__plot_Saiki_13_annotated,52,51,43,12.5
ideas__cedar_cypress__plot_Saiki_13_annotated,53,52,51,15.875
ideas__cedar_cypress__plot_Saiki_13_annotated,54,53,44,11.5
ideas__cedar_cypress__plot_Saiki_13_annotated,55,54,51,14.25
ideas__cedar_cypress__plot_Saiki_13_annotated,56,55,45,12.875
ideas__cedar_cypress__plot_Saiki_13_annotated,57,56,49,13.625
ideas__cedar_cypress__plot_Saiki_13_annotated,58,57,63,18.0
ideas__cedar_cypress__plot_Saiki_13_annotated,59,58,47,14.375
ideas__cedar_cypress__plot_Saiki_13_annotated,60,59,45,13.125
ideas__cedar_cypress__plot_Saiki_13_annotated,61,60,42,11.875
ideas__cedar_cypress__plot_Saiki_13_annotated,62,61,38,11.375
ideas__cedar_cypress__plot_Saiki_13_annotated,63,62,53,14.75
ideas__cedar_cypress__plot_Saiki_13_annotated,64,63,25,6.875
ideas__cedar_cypress__plot_Saiki_13_annotated,65,64,42,11.25
ideas__cedar_cypress__plot_Saiki_14_annotated,1,0,57,16.0
ideas__cedar_cypress__plot_Saiki_14_annotated,2,1,57,16.0
ideas__cedar_cypress__plot_Saiki_14_annotated,3,2,94,28.0
ideas__cedar_cypress__plot_Saiki_14_annotated,4,3,50,13.75
ideas__cedar_cypress__plot_Saiki_14_annotated,5,4,50,14.25
ideas__cedar_cypress__plot_Saiki_14_annotated,6,5,25,6.875
ideas__cedar_cypress__plot_Saiki_14_annotated,7,6,24,6.75
ideas__cedar_cypress__plot_Saiki_14_annotated,8,7,36,9.75
ideas__cedar_cypress__plot_Saiki_14_annotated,9,8,38,10.625
ideas__cedar_cypress__plot_Saiki_14_annotated,10,9,34,9.375
ideas__cedar_cypress__plot_Saiki_14_annotated,11,10,32,8.5
ideas__cedar_cypress__plot_Saiki_14_annotated,12,11,23,6.75
ideas__cedar_cypress__plot_Saiki_14_annotated,13,12,41,11.125
ideas__cedar_cypress__plot_Saiki_14_annotated,14,13,45,12.375
ideas__cedar_cypress__plot_Saiki_14_annotated,15,14,34,9.375
ideas__cedar_cypress__plot_Saiki_14_annotated,16,15,51,15.25
ideas__cedar_cypress__plot_Saiki_14_annotated,17,16,28,7.875
ideas__cedar_cypress__plot_Saiki_14_annotated,18,17,33,9.125
ideas__cedar_cypress__plot_Saiki_14_annotated,19,18,52,14.25
ideas__cedar_cypress__plot_Saiki_14_annotated,20,19,29,8.0
ideas__cedar_cypress__plot_Saiki_14_annotated,21,20,57,16.5
ideas__cedar_cypress__plot_Saiki_14_annotated,22,21,30,8.75
ideas__cedar_cypress__plot_Saiki_14_annotated,23,22,33,9.25
ideas__cedar_cypress__plot_Saiki_14_annotated,24,23,37,9.875
ideas__cedar_cypress__plot_Saiki_14_annotated,25,24,33,9.125
ideas__cedar_cypress__plot_Saiki_14_annotated,26,25,35,10.0
ideas__cedar_cypress__plot_Saiki_14_annotated,27,26,31,8.875
ideas__cedar_cypress__plot_Saiki_14_annotated,28,27,32,9.125
ideas__cedar_cypress__plot_Saiki_14_annotated,29,28,28,7.75
ideas__cedar_cypress__plot_Saiki_14_annotated,30,29,27,7.625
ideas__cedar_cypress__plot_Saiki_14_annotated,31,30,39,10.75
ideas__cedar_cypress__plot_Saiki_14_annotated,32,31,45,12.375
ideas__cedar_cypress__plot_Saiki_14_annotated,33,32,45,12.375
ideas__cedar_cypress__plot_Saiki_14_annotated,34,33,38,10.625
ideas__cedar_cypress__plot_Saiki_14_annotated,35,34,33,9.125
ideas__cedar_cypress__plot_Saiki_14_annotated,36,35,21,5.75
ideas__cedar_cypress__plot_Saiki_14_annotated,37,36,32,8.75
ideas__cedar_cypress__plot_Saiki_14_annotated,38,37,24,6.625
ideas__cedar_cypress__plot_Saiki_14_annotated,39,38,30,8.75
ideas__cedar_cypress__plot_Saiki_14_annotated,40,39,37,10.375
ideas__cedar_cypress__plot_Saiki_14_annotated,41,40,37,9.875
ideas__cedar_cypress__plot_Saiki_14_annotated,42,41,27,7.125
ideas__cedar_cypress__plot_Saiki_14_annotated,43,42,30,8.875
ideas__cedar_cypress__plot_Saiki_14_annotated,44,43,29,8.0
ideas__cedar_cypress__plot_Saiki_14_annotated,45,44,39,10.75
ideas__cedar_cypress__plot_Saiki_14_annotated,46,45,55,16.25
ideas__cedar_cypress__plot_Saiki_14_annotated,47,46,62,17.125
ideas__cedar_cypress__plot_Saiki_14_annotated,48,47,37,10.375
ideas__cedar_cypress__plot_Saiki_14_annotated,49,48,33,9.75
ideas__cedar_cypress__plot_Saiki_14_annotated,50,49,50,14.375
ideas__cedar_cypress__plot_Saiki_14_annotated,51,50,27,7.875
ideas__cedar_cypress__plot_Saiki_14_annotated,52,51,44,13.0
ideas__cedar_cypress__plot_Saiki_14_annotated,53,52,26,7.625
ideas__cedar_cypress__plot_Saiki_14_annotated,54,53,48,13.25
ideas__cedar_cypress__plot_Saiki_14_annotated,55,54,31,9.125
ideas__cedar_cypress__plot_Saiki_14_annotated,56,55,31,8.375
ideas__cedar_cypress__plot_Saiki_14_annotated,57,56,25,6.875
ideas__cedar_cypress__plot_Saiki_14_annotated,58,57,35,9.625
ideas__cedar_cypress__plot_Saiki_14_annotated,59,58,35,10.125
ideas__cedar_cypress__plot_Saiki_14_annotated,60,59,27,7.625
ideas__cedar_cypress__plot_Saiki_14_annotated,61,60,27,7.5
ideas__cedar_cypress__plot_Saiki_14_annotated,62,61,34,9.75
ideas__cedar_cypress__plot_Saiki_14_annotated,63,62,40,10.875
ideas__cedar_cypress__plot_Saiki_14_annotated,64,63,28,8.125
ideas__cedar_cypress__plot_Saiki_14_annotated,65,64,51,14.875
ideas__cedar_cypress__plot_Saiki_14_annotated,66,65,39,10.75
ideas__cedar_cypress__plot_Saiki_14_annotated,67,66,31,9.125
ideas__cedar_cypress__plot_Saiki_14_annotated,68,67,46,12.5
ideas__cedar_cypress__plot_Saiki_14_annotated,69,68,39,11.25
ideas__cedar_cypress__plot_Saiki_14_annotated,70,69,58,16.25
ideas__cedar_cypress__plot_Saiki_14_annotated,71,70,24,6.625
ideas__cedar_cypress__plot_Saiki_14_annotated,72,71,46,13.0
ideas__cedar_cypress__plot_Saiki_15_annotated,1,0,58,16.625
ideas__cedar_cypress__plot_Saiki_15_annotated,2,1,66,18.75
ideas__cedar_cypress__plot_Saiki_15_annotated,3,2,84,24.125
ideas__cedar_cypress__plot_Saiki_15_annotated,4,3,35,9.5
ideas__cedar_cypress__plot_Saiki_15_annotated,5,4,40,10.875
ideas__cedar_cypress__plot_Saiki_15_annotated,6,5,37,11.125
ideas__cedar_cypress__plot_Saiki_15_annotated,7,6,44,12.875
ideas__cedar_cypress__plot_Saiki_15_annotated,8,7,41,11.75
ideas__cedar_cypress__plot_Saiki_15_annotated,9,8,58,16.875
ideas__cedar_cypress__plot_Saiki_15_annotated,10,9,53,15.125
ideas__cedar_cypress__plot_Saiki_15_annotated,11,10,39,10.75
ideas__cedar_cypress__plot_Saiki_15_annotated,12,11,42,12.5
ideas__cedar_cypress__plot_Saiki_15_annotated,13,12,40,11.5
ideas__cedar_cypress__plot_Saiki_15_annotated,14,13,40,11.0
ideas__cedar_cypress__plot_Saiki_15_annotated,15,14,29,8.5
ideas__cedar_cypress__plot_Saiki_15_annotated,16,15,36,10.25
ideas__cedar_cypress__plot_Saiki_15_annotated,17,16,40,11.0
ideas__cedar_cypress__plot_Saiki_15_annotated,18,17,41,11.5
ideas__cedar_cypress__plot_Saiki_15_annotated,19,18,27,7.625
ideas__cedar_cypress__plot_Saiki_15_annotated,20,19,48,13.25
ideas__cedar_cypress__plot_Saiki_15_annotated,21,20,49,13.75
ideas__cedar_cypress__plot_Saiki_15_annotated,22,21,50,14.25
ideas__cedar_cypress__plot_Saiki_15_annotated,23,22,43,11.875
ideas__cedar_cypress__plot_Saiki_15_annotated,24,23,35,9.625
ideas__cedar_cypress__plot_Saiki_15_annotated,25,24,35,9.375
ideas__cedar_cypress__plot_Saiki_15_annotated,26,25,30,8.25
ideas__cedar_cypress__plot_Saiki_15_annotated,27,26,25,6.875
ideas__cedar_cypress__plot_Saiki_15_annotated,28,27,37,10.375
ideas__cedar_cypress__plot_Saiki_15_annotated,29,28,49,13.625
ideas__cedar_cypress__plot_Saiki_15_annotated,30,29,48,13.375
ideas__cedar_cypress__plot_Saiki_15_annotated,31,30,39,11.25
ideas__cedar_cypress__plot_Saiki_15_annotated,32,31,54,16.0
ideas__cedar_cypress__plot_Saiki_15_annotated,33,32,32,9.125
ideas__cedar_cypress__plot_Saiki_15_annotated,34,33,44,12.375
ideas__cedar_cypress__plot_Saiki_15_annotated,35,34,31,9.0
ideas__cedar_cypress__plot_Saiki_15_annotated,36,35,27,7.125
ideas__cedar_cypress__plot_Saiki_15_annotated,37,36,31,9.0
ideas__cedar_cypress__plot_Saiki_15_annotated,38,37,31,8.875
ideas__cedar_cypress__plot_Saiki_15_annotated,39,38,34,10.0
ideas__cedar_cypress__plot_Saiki_15_annotated,40,39,36,10.875
ideas__cedar_cypress__plot_Saiki_15_annotated,41,40,33,9.125
ideas__cedar_cypress__plot_Saiki_15_annotated,42,41,34,9.25
ideas__cedar_cypress__plot_Saiki_15_annotated,43,42,39,11.375
ideas__cedar_cypress__plot_Saiki_15_annotated,44,43,36,10.25
ideas__cedar_cypress__plot_Saiki_15_annotated,45,44,47,13.25
ideas__cedar_cypress__plot_Saiki_15_annotated,46,45,43,12.625
ideas__cedar_cypress__plot_Saiki_15_annotated,47,46,56,15.5
ideas__cedar_cypress__plot_Saiki_15_annotated,48,47,58,16.375
ideas__cedar_cypress__plot_Saiki_15_annotated,49,48,47,13.375
ideas__cedar_cypress__plot_Saiki_15_annotated,50,49,40,10.875
ideas__cedar_cypress__plot_Saiki_15_annotated,51,50,30,8.625
ideas__cedar_cypress__plot_Saiki_15_annotated,52,51,40,11.5
ideas__cedar_cypress__plot_Saiki_15_annotated,53,52,31,8.875
ideas__cedar_cypress__plot_Saiki_15_annotated,54,53,37,10.75
ideas__cedar_cypress__plot_Saiki_15_annotated,55,54,37,10.375
ideas__cedar_cypress__plot_Saiki_16_annotated,1,0,62,17.125
ideas__cedar_cypress__plot_Saiki_16_annotated,2,1,39,10.75
ideas__cedar_cypress__plot_Saiki_16_annotated,3,2,45,13.0
ideas__cedar_cypress__plot_Saiki_16_annotated,4,3,39,10.75
ideas__cedar_cypress__plot_Saiki_16_annotated,5,4,60,16.875
ideas__cedar_cypress__plot_Saiki_16_annotated,6,5,47,13.375
ideas__cedar_cypress__plot_Saiki_16_annotated,7,6,62,16.375
ideas__cedar_cypress__plot_Saiki_16_annotated,8,7,59,16.75
ideas__cedar_cypress__plot_Saiki_16_annotated,9,8,59,16.875
ideas__cedar_cypress__plot_Saiki_16_annotated,10,9,45,12.75
ideas__cedar_cypress__plot_Saiki_16_annotated,11,10,68,19.625
ideas__cedar_cypress__plot_Saiki_16_annotated,12,11,55,15.125
ideas__cedar_cypress__plot_Saiki_16_annotated,13,12,40,10.875
ideas__cedar_cypress__plot_Saiki_16_annotated,14,13,54,15.125
ideas__cedar_cypress__plot_Saiki_16_annotated,15,14,42,12.375
ideas__cedar_cypress__plot_Saiki_16_annotated,16,15,44,12.25
ideas__cedar_cypress__plot_Saiki_16_annotated,17,16,41,11.125
ideas__cedar_cypress__plot_Saiki_16_annotated,18,17,41,11.625
ideas__cedar_cypress__plot_Saiki_16_annotated,19,18,45,12.25
ideas__cedar_cypress__plot_Saiki_16_annotated,20,19,52,14.625
ideas__cedar_cypress__plot_Saiki_16_annotated,21,20,40,11.5
ideas__cedar_cypress__plot_Saiki_16_annotated,22,21,33,9.125
ideas__cedar_cypress__plot_Saiki_16_annotated,23,22,51,14.625
ideas__cedar_cypress__plot_Saiki_16_annotated,24,23,44,12.25
ideas__cedar_cypress__plot_Saiki_16_annotated,25,24,100,26.375
ideas__cedar_cypress__plot_Saiki_16_annotated,26,25,62,17.0
ideas__cedar_cypress__plot_Saiki_16_annotated,27,26,41,11.5
ideas__cedar_cypress__plot_Saiki_16_annotated,28,27,44,12.125
ideas__cedar_cypress__plot_Saiki_16_annotated,29,28,66,17.125
ideas__cedar_cypress__plot_Saiki_16_annotated,30,29,40,11.625
ideas__cedar_cypress__plot_Saiki_16_annotated,31,30,25,6.875
ideas__cedar_cypress__plot_Saiki_16_annotated,32,31,50,13.875
ideas__cedar_cypress__plot_Saiki_16_annotated,33,32,52,14.25
ideas__cedar_cypress__plot_Saiki_16_annotated,34,33,42,11.25
ideas__cedar_cypress__plot_Saiki_16_annotated,35,34,56,16.125
ideas__cedar_cypress__plot_Saiki_16_annotated,36,35,40,11.5
ideas__cedar_cypress__plot_Saiki_16_annotated,37,36,42,11.75
ideas__cedar_cypress__plot_Saiki_16_annotated,38,37,30,8.625
ideas__cedar_cypress__plot_Saiki_16_annotated,39,38,34,9.375
ideas__cedar_cypress__plot_Saiki_16_annotated,40,39,31,8.875
ideas__cedar_cypress__plot_Saiki_16_annotated,41,40,53,15.0
ideas__cedar_cypress__plot_Saiki_16_annotated,42,41,56,15.625
ideas__cedar_cypress__plot_Saiki_16_annotated,43,42,58,18.625
ideas__cedar_cypress__plot_Saiki_16_annotated,44,43,87,25.125
ideas__cedar_cypress__plot_Saiki_1_annotated,1,0,98,27.125
ideas__cedar_cypress__plot_Saiki_1_annotated,2,1,80,23.0
ideas__cedar_cypress__plot_Saiki_1_annotated,3,2,57,15.875
ideas__cedar_cypress__plot_Saiki_1_annotated,4,3,116,32.375
ideas__cedar_cypress__plot_Saiki_1_annotated,5,4,153,41.875
ideas__cedar_cypress__plot_Saiki_1_annotated,6,5,73,20.0
ideas__cedar_cypress__plot_Saiki_1_annotated,7,6,109,31.0
ideas__cedar_cypress__plot_Saiki_1_annotated,8,7,52,15.375
ideas__cedar_cypress__plot_Saiki_1_annotated,9,8,120,33.375
ideas__cedar_cypress__plot_Saiki_1_annotated,10,9,70,19.0
ideas__cedar_cypress__plot_Saiki_1_annotated,11,10,45,13.75
ideas__cedar_cypress__plot_Saiki_1_annotated,12,11,138,39.75
ideas__cedar_cypress__plot_Saiki_1_annotated,13,12,66,19.25
ideas__cedar_cypress__plot_Saiki_1_annotated,14,13,87,24.5
ideas__cedar_cypress__plot_Saiki_1_annotated,15,14,126,37.0
ideas__cedar_cypress__plot_Saiki_1_annotated,16,15,68,19.125
ideas__cedar_cypress__plot_Saiki_1_annotated,17,16,115,32.625
ideas__cedar_cypress__plot_Saiki_1_annotated,18,17,83,22.75
ideas__cedar_cypress__plot_Saiki_1_annotated,19,18,64,17.625
ideas__cedar_cypress__plot_Saiki_1_annotated,20,19,64,18.875
ideas__cedar_cypress__plot_Saiki_1_annotated,21,20,115,33.375
ideas__cedar_cypress__plot_Saiki_1_annotated,22,21,81,22.375
ideas__cedar_cypress__plot_Saiki_2_annotated,1,0,87,24.625
ideas__cedar_cypress__plot_Saiki_2_annotated,2,1,103,30.375
ideas__cedar_cypress__plot_Saiki_2_annotated,3,2,91,27.625
ideas__cedar_cypress__plot_Saiki_2_annotated,4,3,73,19.75
ideas__cedar_cypress__plot_Saiki_2_annotated,5,4,94,25.625
ideas__cedar_cypress__plot_Saiki_2_annotated,6,5,85,23.25
ideas__cedar_cypress__plot_Saiki_2_annotated,7,6,104,28.75
ideas__cedar_cypress__plot_Saiki_2_annotated,8,7,137,36.75
ideas__cedar_cypress__plot_Saiki_2_annotated,9,8,165,45.375
ideas__cedar_cypress__plot_Saiki_2_annotated,10,9,172,46.625
ideas__cedar_cypress__plot_Saiki_2_annotated,11,10,167,46.375
ideas__cedar_cypress__plot_Saiki_2_annotated,12,11,89,24.875
ideas__cedar_cypress__plot_Saiki_2_annotated,13,12,86,24.0
ideas__cedar_cypress__plot_Saiki_2_annotated,14,13,104,29.5
ideas__cedar_cypress__plot_Saiki_2_annotated,15,14,169,49.125
ideas__cedar_cypress__plot_Saiki_2_annotated,16,15,57,16.375
ideas__cedar_cypress__plot_Saiki_2_annotated,17,16,105,30.125
ideas__cedar_cypress__plot_Saiki_2_annotated,18,17,106,29.375
ideas__cedar_cypress__plot_Saiki_2_annotated,19,18,393,120.5
ideas__cedar_cypress__plot_Saiki_3_annotated,1,0,63,17.625
ideas__cedar_cypress__plot_Saiki_3_annotated,2,1,38,11.0
ideas__cedar_cypress__plot_Saiki_3_annotated,3,2,77,20.875
ideas__cedar_cypress__plot_Saiki_3_annotated,4,3,50,14.25
ideas__cedar_cypress__plot_Saiki_3_annotated,5,4,55,16.375
ideas__cedar_cypress__plot_Saiki_3_annotated,6,5,31,9.5
ideas__cedar_cypress__plot_Saiki_3_annotated,7,6,47,13.5
ideas__cedar_cypress__plot_Saiki_3_annotated,8,7,38,11.375
ideas__cedar_cypress__plot_Saiki_3_annotated,9,8,65,18.25
ideas__cedar_cypress__plot_Saiki_3_annotated,10,9,61,17.625
ideas__cedar_cypress__plot_Saiki_3_annotated,11,10,38,12.125
ideas__cedar_cypress__plot_Saiki_3_annotated,12,11,70,19.625
ideas__cedar_cypress__plot_Saiki_3_annotated,13,12,49,14.125
ideas__cedar_cypress__plot_Saiki_3_annotated,14,13,69,20.625
ideas__cedar_cypress__plot_Saiki_3_annotated,15,14,36,10.125
ideas__cedar_cypress__plot_Saiki_3_annotated,16,15,42,11.75
ideas__cedar_cypress__plot_Saiki_3_annotated,17,16,53,14.875
ideas__cedar_cypress__plot_Saiki_3_annotated,18,17,51,15.375
ideas__cedar_cypress__plot_Saiki_3_annotated,19,18,39,10.75
ideas__cedar_cypress__plot_Saiki_3_annotated,20,19,54,14.875
ideas__cedar_cypress__plot_Saiki_3_annotated,21,20,44,13.25
ideas__cedar_cypress__plot_Saiki_3_annotated,22,21,37,10.75
ideas__cedar_cypress__plot_Saiki_3_annotated,23,22,76,22.0
ideas__cedar_cypress__plot_Saiki_3_annotated,24,23,29,8.375
ideas__cedar_cypress__plot_Saiki_3_annotated,25,24,55,15.875
ideas__cedar_cypress__plot_Saiki_3_annotated,26,25,56,15.75
ideas__cedar_cypress__plot_Saiki_3_annotated,27,26,64,19.125
ideas__cedar_cypress__plot_Saiki_3_annotated,28,27,61,17.625
ideas__cedar_cypress__plot_Saiki_3_annotated,29,28,52,15.0
ideas__cedar_cypress__plot_Saiki_3_annotated,30,29,51,15.625
ideas__cedar_cypress__plot_Saiki_3_annotated,31,30,46,13.125
ideas__cedar_cypress__plot_Saiki_3_annotated,32,31,42,12.125
ideas__cedar_cypress__plot_Saiki_3_annotated,33,32,43,12.5
ideas__cedar_cypress__plot_Saiki_3_annotated,34,33,75,22.125
ideas__cedar_cypress__plot_Saiki_3_annotated,35,34,60,16.25
ideas__cedar_cypress__plot_Saiki_3_annotated,36,35,34,10.125
ideas__cedar_cypress__plot_Saiki_3_annotated,37,36,52,14.625
ideas__cedar_cypress__plot_Saiki_3_annotated,38,37,45,13.0
ideas__cedar_cypress__plot_Saiki_3_annotated,39,38,62,18.125
ideas__cedar_cypress__plot_Saiki_3_annotated,40,39,81,21.75
ideas__cedar_cypress__plot_Saiki_3_annotated,41,40,52,15.5
ideas__cedar_cypress__plot_Saiki_3_annotated,42,41,46,14.375
ideas__cedar_cypress__plot_Saiki_3_annotated,43,42,58,17.875
ideas__cedar_cypress__plot_Saiki_3_annotated,44,43,73,19.875
ideas__cedar_cypress__plot_Saiki_3_annotated,45,44,56,15.5
ideas__cedar_cypress__plot_Saiki_3_annotated,46,45,60,17.5
ideas__cedar_cypress__plot_Saiki_3_annotated,47,46,51,14.75
ideas__cedar_cypress__plot_Saiki_3_annotated,48,47,76,22.375
ideas__cedar_cypress__plot_Saiki_3_annotated,49,48,79,22.75
ideas__cedar_cypress__plot_Saiki_3_annotated,50,49,76,21.875
ideas__cedar_cypress__plot_Saiki_3_annotated,51,50,34,10.5
ideas__cedar_cypress__plot_Saiki_3_annotated,52,51,44,12.375
ideas__cedar_cypress__plot_Saiki_3_annotated,53,52,47,13.375
ideas__cedar_cypress__plot_Saiki_3_annotated,54,53,67,18.625
ideas__cedar_cypress__plot_Saiki_3_annotated,55,54,85,24.125
ideas__cedar_cypress__plot_Saiki_3_annotated,56,55,29,8.25
ideas__cedar_cypress__plot_Saiki_3_annotated,57,56,44,12.75
ideas__cedar_cypress__plot_Saiki_3_annotated,58,57,72,20.5
ideas__cedar_cypress__plot_Saiki_3_annotated,59,58,71,20.25
ideas__cedar_cypress__plot_Saiki_3_annotated,60,59,43,11.875
ideas__cedar_cypress__plot_Saiki_3_annotated,61,60,49,13.5
ideas__cedar_cypress__plot_Saiki_3_annotated,62,61,49,14.375
ideas__cedar_cypress__plot_Saiki_3_annotated,63,62,65,18.125
ideas__cedar_cypress__plot_Saiki_3_annotated,64,63,80,23.5
ideas__cedar_cypress__plot_Saiki_4_annotated,1,0,28,7.875
ideas__cedar_cypress__plot_Saiki_4_annotated,2,1,34,9.375
ideas__cedar_cypress__plot_Saiki_4_annotated,3,2,25,6.875
ideas__cedar_cypress__plot_Saiki_4_annotated,4,3,31,8.375
ideas__cedar_cypress__plot_Saiki_4_annotated,5,4,30,8.25
ideas__cedar_cypress__plot_Saiki_4_annotated,6,5,26,7.5
ideas__cedar_cypress__plot_Saiki_4_annotated,7,6,32,9.0
ideas__cedar_cypress__plot_Saiki_4_annotated,8,7,37,10.5
ideas__cedar_cypress__plot_Saiki_4_annotated,9,8,24,6.75
ideas__cedar_cypress__plot_Saiki_4_annotated,10,9,24,6.75
ideas__cedar_cypress__plot_Saiki_4_annotated,11,10,24,6.125
ideas__cedar_cypress__plot_Saiki_4_annotated,12,11,25,6.875
ideas__cedar_cypress__plot_Saiki_4_annotated,13,12,27,7.125
ideas__cedar_cypress__plot_Saiki_4_annotated,14,13,32,9.125
ideas__cedar_cypress__plot_Saiki_4_annotated,15,14,44,12.375
ideas__cedar_cypress__plot_Saiki_4_annotated,16,15,32,9.5
ideas__cedar_cypress__plot_Saiki_4_annotated,17,16,28,7.875
ideas__cedar_cypress__plot_Saiki_4_annotated,18,17,36,10.25
ideas__cedar_cypress__plot_Saiki_4_annotated,19,18,37,11.125
ideas__cedar_cypress__plot_Saiki_4_annotated,20,19,30,8.75
ideas__cedar_cypress__plot_Saiki_4_annotated,21,20,41,11.125
ideas__cedar_cypress__plot_Saiki_4_annotated,22,21,31,8.375
ideas__cedar_cypress__plot_Saiki_4_annotated,23,22,36,10.875
ideas__cedar_cypress__plot_Saiki_4_annotated,24,23,39,11.75
ideas__cedar_cypress__plot_Saiki_4_annotated,25,24,34,8.75
ideas__cedar_cypress__plot_Saiki_4_annotated,26,25,34,9.875
ideas__cedar_cypress__plot_Saiki_4_annotated,27,26,31,8.875
ideas__cedar_cypress__plot_Saiki_4_annotated,28,27,39,10.75
ideas__cedar_cypress__plot_Saiki_4_annotated,29,28,30,8.125
ideas__cedar_cypress__plot_Saiki_4_annotated,30,29,35,9.5
ideas__cedar_cypress__plot_Saiki_4_annotated,31,30,37,10.375
ideas__cedar_cypress__plot_Saiki_4_annotated,32,31,40,11.375
ideas__cedar_cypress__plot_Saiki_4_annotated,33,32,35,9.5
ideas__cedar_cypress__plot_Saiki_4_annotated,34,33,39,10.625
ideas__cedar_cypress__plot_Saiki_4_annotated,35,34,35,9.5
ideas__cedar_cypress__plot_Saiki_4_annotated,36,35,41,11.125
ideas__cedar_cypress__plot_Saiki_4_annotated,37,36,27,7.625
ideas__cedar_cypress__plot_Saiki_4_annotated,38,37,26,7.625
ideas__cedar_cypress__plot_Saiki_4_annotated,39,38,30,8.75
ideas__cedar_cypress__plot_Saiki_4_annotated,40,39,29,8.0
ideas__cedar_cypress__plot_Saiki_4_annotated,41,40,40,10.875
ideas__cedar_cypress__plot_Saiki_4_annotated,42,41,39,10.75
ideas__cedar_cypress__plot_Saiki_4_annotated,43,42,35,9.5
ideas__cedar_cypress__plot_Saiki_4_annotated,44,43,39,10.75
ideas__cedar_cypress__plot_Saiki_4_annotated,45,44,41,11.0
ideas__cedar_cypress__plot_Saiki_4_annotated,46,45,33,9.125
ideas__cedar_cypress__plot_Saiki_4_annotated,47,46,37,10.5
ideas__cedar_cypress__plot_Saiki_4_annotated,48,47,54,14.625
ideas__cedar_cypress__plot_Saiki_4_annotated,49,48,59,16.125
ideas__cedar_cypress__plot_Saiki_4_annotated,50,49,60,16.75
ideas__cedar_cypress__plot_Saiki_4_annotated,51,50,47,12.625
ideas__cedar_cypress__plot_Saiki_4_annotated,52,51,46,12.5
ideas__cedar_cypress__plot_Saiki_4_annotated,53,52,54,14.5
ideas__cedar_cypress__plot_Saiki_4_annotated,54,53,37,10.25
ideas__cedar_cypress__plot_Saiki_4_annotated,55,54,36,10.0
ideas__cedar_cypress__plot_Saiki_5_annotated,1,0,111,29.875
ideas__cedar_cypress__plot_Saiki_5_annotated,2,1,62,18.25
ideas__cedar_cypress__plot_Saiki_5_annotated,3,2,52,14.625
ideas__cedar_cypress__plot_Saiki_5_annotated,4,3,50,14.375
ideas__cedar_cypress__plot_Saiki_5_annotated,5,4,52,14.0
ideas__cedar_cypress__plot_Saiki_5_annotated,6,5,31,8.625
ideas__cedar_cypress__plot_Saiki_5_annotated,7,6,51,15.375
ideas__cedar_cypress__plot_Saiki_5_annotated,8,7,96,28.125
ideas__cedar_cypress__plot_Saiki_5_annotated,9,8,59,16.875
ideas__cedar_cypress__plot_Saiki_5_annotated,10,9,72,19.75
ideas__cedar_cypress__plot_Saiki_5_annotated,11,10,43,12.5
ideas__cedar_cypress__plot_Saiki_5_annotated,12,11,78,21.5
ideas__cedar_cypress__plot_Saiki_5_annotated,13,12,107,29.5
ideas__cedar_cypress__plot_Saiki_5_annotated,14,13,74,20.625
ideas__cedar_cypress__plot_Saiki_5_annotated,15,14,82,22.25
ideas__cedar_cypress__plot_Saiki_5_annotated,16,15,46,12.375
ideas__cedar_cypress__plot_Saiki_5_annotated,17,16,69,18.5
ideas__cedar_cypress__plot_Saiki_5_annotated,18,17,68,19.125
ideas__cedar_cypress__plot_Saiki_5_annotated,19,18,62,18.0
ideas__cedar_cypress__plot_Saiki_5_annotated,20,19,50,14.5
ideas__cedar_cypress__plot_Saiki_5_annotated,21,20,49,13.75
ideas__cedar_cypress__plot_Saiki_5_annotated,22,21,63,18.0
ideas__cedar_cypress__plot_Saiki_5_annotated,23,22,92,25.5
ideas__cedar_cypress__plot_Saiki_5_annotated,24,23,41,12.125
ideas__cedar_cypress__plot_Saiki_5_annotated,25,24,64,18.125
ideas__cedar_cypress__plot_Saiki_5_annotated,26,25,44,12.375
ideas__cedar_cypress__plot_Saiki_5_annotated,27,26,44,12.0
ideas__cedar_cypress__plot_Saiki_5_annotated,28,27,24,7.125
ideas__cedar_cypress__plot_Saiki_5_annotated,29,28,40,11.75
ideas__cedar_cypress__plot_Saiki_5_annotated,30,29,45,12.5
ideas__cedar_cypress__plot_Saiki_5_annotated,31,30,44,12.25
ideas__cedar_cypress__plot_Saiki_5_annotated,32,31,64,18.75
ideas__cedar_cypress__plot_Saiki_5_annotated,33,32,55,15.125
ideas__cedar_cypress__plot_Saiki_5_annotated,34,33,40,11.75
ideas__cedar_cypress__plot_Saiki_5_annotated,35,34,37,10.875
ideas__cedar_cypress__plot_Saiki_5_annotated,36,35,46,12.875
ideas__cedar_cypress__plot_Saiki_5_annotated,37,36,57,16.5
ideas__cedar_cypress__plot_Saiki_5_annotated,38,37,69,19.5
ideas__cedar_cypress__plot_Saiki_5_annotated,39,38,56,15.625
ideas__cedar_cypress__plot_Saiki_5_annotated,40,39,81,22.5
ideas__cedar_cypress__plot_Saiki_5_annotated,41,40,62,17.125
ideas__cedar_cypress__plot_Saiki_5_annotated,42,41,36,9.625
ideas__cedar_cypress__plot_Saiki_6_annotated,1,0,45,12.875
ideas__cedar_cypress__plot_Saiki_6_annotated,2,1,30,9.125
ideas__cedar_cypress__plot_Saiki_6_annotated,3,2,41,11.25
ideas__cedar_cypress__plot_Saiki_6_annotated,4,3,52,14.0
ideas__cedar_cypress__plot_Saiki_6_annotated,5,4,31,8.25
ideas__cedar_cypress__plot_Saiki_6_annotated,6,5,58,16.625
ideas__cedar_cypress__plot_Saiki_6_annotated,7,6,39,11.125
ideas__cedar_cypress__plot_Saiki_6_annotated,8,7,29,8.75
ideas__cedar_cypress__plot_Saiki_6_annotated,9,8,49,13.625
ideas__cedar_cypress__plot_Saiki_6_annotated,10,9,68,18.25
ideas__cedar_cypress__plot_Saiki_6_annotated,11,10,40,11.125
ideas__cedar_cypress__plot_Saiki_6_annotated,12,11,38,11.125
ideas__cedar_cypress__plot_Saiki_6_annotated,13,12,53,15.125
ideas__cedar_cypress__plot_Saiki_6_annotated,14,13,50,13.625
ideas__cedar_cypress__plot_Saiki_6_annotated,15,14,55,15.5
ideas__cedar_cypress__plot_Saiki_6_annotated,16,15,53,15.0
ideas__cedar_cypress__plot_Saiki_6_annotated,17,16,70,19.125
ideas__cedar_cypress__plot_Saiki_6_annotated,18,17,70,20.125
ideas__cedar_cypress__plot_Saiki_6_annotated,19,18,5,1.375
ideas__cedar_cypress__plot_Saiki_6_annotated,20,19,38,11.0
ideas__cedar_cypress__plot_Saiki_6_annotated,21,20,31,8.875
ideas__cedar_cypress__plot_Saiki_6_annotated,22,21,29,8.0
ideas__cedar_cypress__plot_Saiki_6_annotated,23,22,51,14.875
ideas__cedar_cypress__plot_Saiki_6_annotated,24,23,46,12.375
ideas__cedar_cypress__plot_Saiki_6_annotated,25,24,44,12.875
ideas__cedar_cypress__plot_Saiki_6_annotated,26,25,21,5.75
ideas__cedar_cypress__plot_Saiki_6_annotated,27,26,17,5.0
ideas__cedar_cypress__plot_Saiki_6_annotated,28,27,56,15.75
ideas__cedar_cypress__plot_Saiki_6_annotated,29,28,52,15.875
ideas__cedar_cypress__plot_Saiki_6_annotated,30,29,35,9.5
ideas__cedar_cypress__plot_Saiki_6_annotated,31,30,34,9.875
ideas__cedar_cypress__plot_Saiki_6_annotated,32,31,36,10.75
ideas__cedar_cypress__plot_Saiki_6_annotated,33,32,46,13.5
ideas__cedar_cypress__plot_Saiki_6_annotated,34,33,33,9.625
ideas__cedar_cypress__plot_Saiki_6_annotated,35,34,50,14.375
ideas__cedar_cypress__plot_Saiki_6_annotated,36,35,32,9.25
ideas__cedar_cypress__plot_Saiki_6_annotated,37,36,42,11.75
ideas__cedar_cypress__plot_Saiki_6_annotated,38,37,64,18.0
ideas__cedar_cypress__plot_Saiki_6_annotated,39,38,14,3.875
ideas__cedar_cypress__plot_Saiki_6_annotated,40,39,40,11.375
ideas__cedar_cypress__plot_Saiki_6_annotated,41,40,24,7.5
ideas__cedar_cypress__plot_Saiki_6_annotated,42,41,28,8.125
ideas__cedar_cypress__plot_Saiki_6_annotated,43,42,24,6.625
ideas__cedar_cypress__plot_Saiki_6_annotated,44,43,28,8.0
ideas__cedar_cypress__plot_Saiki_6_annotated,45,44,37,10.5
ideas__cedar_cypress__plot_Saiki_6_annotated,46,45,31,8.75
ideas__cedar_cypress__plot_Saiki_6_annotated,47,46,31,9.0
ideas__cedar_cypress__plot_Saiki_6_annotated,48,47,27,7.5
ideas__cedar_cypress__plot_Saiki_6_annotated,49,48,34,10.0
ideas__cedar_cypress__plot_Saiki_6_annotated,50,49,38,11.5
ideas__cedar_cypress__plot_Saiki_6_annotated,51,50,41,11.0
ideas__cedar_cypress__plot_Saiki_6_annotated,52,51,46,13.875
ideas__cedar_cypress__plot_Saiki_6_annotated,53,52,37,10.375
ideas__cedar_cypress__plot_Saiki_6_annotated,54,53,24,7.125
ideas__cedar_cypress__plot_Saiki_6_annotated,55,54,34,10.125
ideas__cedar_cypress__plot_Saiki_6_annotated,56,55,24,6.75
ideas__cedar_cypress__plot_Saiki_6_annotated,57,56,50,13.75
ideas__cedar_cypress__plot_Saiki_6_annotated,58,57,48,13.5
ideas__cedar_cypress__plot_Saiki_6_annotated,59,58,22,7.0
ideas__cedar_cypress__plot_Saiki_6_annotated,60,59,81,23.0
ideas__cedar_cypress__plot_Saiki_6_annotated,61,60,49,13.625
ideas__cedar_cypress__plot_Saiki_6_annotated,62,61,36,10.375
ideas__cedar_cypress__plot_Saiki_6_annotated,63,62,32,9.0
ideas__cedar_cypress__plot_Saiki_6_annotated,64,63,41,11.125
ideas__cedar_cypress__plot_Saiki_6_annotated,65,64,55,15.875
ideas__cedar_cypress__plot_Saiki_6_annotated,66,65,36,10.0
ideas__cedar_cypress__plot_Saiki_6_annotated,67,66,51,14.0
ideas__cedar_cypress__plot_Saiki_6_annotated,68,67,52,15.25
ideas__cedar_cypress__plot_Saiki_6_annotated,69,68,45,12.5
ideas__cedar_cypress__plot_Saiki_6_annotated,70,69,34,10.375
ideas__cedar_cypress__plot_Saiki_6_annotated,71,70,49,14.25
ideas__cedar_cypress__plot_Saiki_6_annotated,72,71,43,12.5
ideas__cedar_cypress__plot_Saiki_6_annotated,73,72,56,16.625
ideas__cedar_cypress__plot_Saiki_6_annotated,74,73,29,8.125
ideas__cedar_cypress__plot_Saiki_6_annotated,75,74,71,20.375
ideas__cedar_cypress__plot_Saiki_6_annotated,76,75,56,16.5
ideas__cedar_cypress__plot_Saiki_6_annotated,77,76,100,29.875
ideas__cedar_cypress__plot_Saiki_6_annotated,78,77,34,10.5
ideas__cedar_cypress__plot_Saiki_6_annotated,80,78,105,29.875
ideas__cedar_cypress__plot_Saiki_6_annotated,81,79,49,14.75
ideas__cedar_cypress__plot_Saiki_6_annotated,82,80,63,19.125
ideas__cedar_cypress__plot_Saiki_6_annotated,83,81,19,5.5
ideas__cedar_cypress__plot_Saiki_6_annotated,84,82,72,21.875
ideas__cedar_cypress__plot_Saiki_6_annotated,85,83,54,15.375
ideas__cedar_cypress__plot_Saiki_6_annotated,86,84,55,15.25
ideas__cedar_cypress__plot_Saiki_7_annotated,1,0,132,36.75
ideas__cedar_cypress__plot_Saiki_7_annotated,2,1,108,29.375
ideas__cedar_cypress__plot_Saiki_7_annotated,3,2,151,43.875
ideas__cedar_cypress__plot_Saiki_7_annotated,4,3,146,40.0
ideas__cedar_cypress__plot_Saiki_7_annotated,5,4,112,30.75
ideas__cedar_cypress__plot_Saiki_7_annotated,6,5,108,29.375
ideas__cedar_cypress__plot_Saiki_7_annotated,7,6,87,25.75
ideas__cedar_cypress__plot_Saiki_7_annotated,8,7,102,28.25
ideas__cedar_cypress__plot_Saiki_7_annotated,9,8,122,35.5
ideas__cedar_cypress__plot_Saiki_7_annotated,10,9,134,38.25
ideas__cedar_cypress__plot_Saiki_7_annotated,11,10,86,25.5
ideas__cedar_cypress__plot_Saiki_7_annotated,12,11,133,37.875
ideas__cedar_cypress__plot_Saiki_7_annotated,13,12,136,38.5
ideas__cedar_cypress__plot_Saiki_7_annotated,14,13,150,42.5
ideas__cedar_cypress__plot_Saiki_7_annotated,15,14,129,36.25
ideas__cedar_cypress__plot_Saiki_7_annotated,16,15,116,31.875
ideas__cedar_cypress__plot_Saiki_7_annotated,17,16,105,30.0
ideas__cedar_cypress__plot_Saiki_7_annotated,18,17,121,35.75
ideas__cedar_cypress__plot_Saiki_7_annotated,19,18,129,36.0
ideas__cedar_cypress__plot_Saiki_7_annotated,20,19,149,41.75
ideas__cedar_cypress__plot_Saiki_7_annotated,21,20,97,27.125
ideas__cedar_cypress__plot_Saiki_7_annotated,22,21,146,40.375
ideas__cedar_cypress__plot_Saiki_7_annotated,23,22,138,38.875
ideas__cedar_cypress__plot_Saiki_7_annotated,24,23,142,40.0
ideas__cedar_cypress__plot_Saiki_7_annotated,25,24,182,50.5
ideas__cedar_cypress__plot_Saiki_7_annotated,26,25,168,47.75
ideas__cedar_cypress__plot_Saiki_8_annotated,1,0,59,16.75
ideas__cedar_cypress__plot_Saiki_8_annotated,2,1,41,11.625
ideas__cedar_cypress__plot_Saiki_8_annotated,3,2,59,16.125
ideas__cedar_cypress__plot_Saiki_8_annotated,4,3,86,26.375
ideas__cedar_cypress__plot_Saiki_8_annotated,5,4,78,20.75
ideas__cedar_cypress__plot_Saiki_8_annotated,6,5,54,15.875
ideas__cedar_cypress__plot_Saiki_8_annotated,7,6,59,16.0
ideas__cedar_cypress__plot_Saiki_8_annotated,8,7,35,10.375
ideas__cedar_cypress__plot_Saiki_8_annotated,9,8,76,21.25
ideas__cedar_cypress__plot_Saiki_8_annotated,10,9,77,21.25
ideas__cedar_cypress__plot_Saiki_8_annotated,11,10,56,15.5
ideas__cedar_cypress__plot_Saiki_8_annotated,12,11,45,12.25
ideas__cedar_cypress__plot_Saiki_8_annotated,13,12,71,19.625
ideas__cedar_cypress__plot_Saiki_8_annotated,14,13,122,35.0
ideas__cedar_cypress__plot_Saiki_8_annotated,15,14,85,23.875
ideas__cedar_cypress__plot_Saiki_8_annotated,16,15,51,13.75
ideas__cedar_cypress__plot_Saiki_8_annotated,17,16,50,15.5
ideas__cedar_cypress__plot_Saiki_8_annotated,18,17,73,20.25
ideas__cedar_cypress__plot_Saiki_8_annotated,19,18,53,14.875
ideas__cedar_cypress__plot_Saiki_8_annotated,20,19,39,11.0
ideas__cedar_cypress__plot_Saiki_8_annotated,21,20,53,14.375
ideas__cedar_cypress__plot_Saiki_8_annotated,22,21,47,12.75
ideas__cedar_cypress__plot_Saiki_8_annotated,23,22,57,16.5
ideas__cedar_cypress__plot_Saiki_8_annotated,24,23,118,34.0
ideas__cedar_cypress__plot_Saiki_8_annotated,25,24,65,17.75
ideas__cedar_cypress__plot_Saiki_8_annotated,26,25,39,11.25
ideas__cedar_cypress__plot_Saiki_8_annotated,27,26,67,18.125
ideas__cedar_cypress__plot_Saiki_8_annotated,28,27,89,24.875
ideas__cedar_cypress__plot_Saiki_8_annotated,29,28,95,29.0
ideas__cedar_cypress__plot_Saiki_8_annotated,30,29,80,21.875
ideas__cedar_cypress__plot_Saiki_8_annotated,31,30,48,14.0
ideas__cedar_cypress__plot_Saiki_8_annotated,32,31,53,14.5
ideas__cedar_cypress__plot_Saiki_8_annotated,33,32,80,22.75
ideas__cedar_cypress__plot_Saiki_8_annotated,34,33,62,18.125
ideas__cedar_cypress__plot_Saiki_8_annotated,35,34,53,14.625
ideas__cedar_cypress__plot_Saiki_8_annotated,36,35,79,22.25
ideas__cedar_cypress__plot_Saiki_8_annotated,37,36,54,15.75
ideas__cedar_cypress__plot_Saiki_8_annotated,38,37,53,15.375
ideas__cedar_cypress__plot_Saiki_8_annotated,39,38,61,16.875
ideas__cedar_cypress__plot_Saiki_8_annotated,40,39,47,14.75
ideas__cedar_cypress__plot_Saiki_8_annotated,41,40,64,18.375
ideas__cedar_cypress__plot_Saiki_8_annotated,42,41,48,13.625
ideas__cedar_cypress__plot_Saiki_8_annotated,43,42,52,15.0
ideas__cedar_cypress__plot_Saiki_8_annotated,44,43,48,13.375
ideas__cedar_cypress__plot_Saiki_8_annotated,45,44,62,17.875
ideas__cedar_cypress__plot_Saiki_8_annotated,46,45,72,19.75
ideas__cedar_cypress__plot_Saiki_9_annotated,1,0,94,26.125
ideas__cedar_cypress__plot_Saiki_9_annotated,2,1,99,32.875
ideas__cedar_cypress__plot_Saiki_9_annotated,3,2,67,19.25
ideas__cedar_cypress__plot_Saiki_9_annotated,4,3,92,26.875
ideas__cedar_cypress__plot_Saiki_9_annotated,5,4,99,27.5
ideas__cedar_cypress__plot_Saiki_9_annotated,6,5,175,50.75
ideas__cedar_cypress__plot_Saiki_9_annotated,7,6,133,38.125
ideas__cedar_cypress__plot_Saiki_9_annotated,8,7,148,42.0
ideas__cedar_cypress__plot_Saiki_9_annotated,9,8,105,28.625
ideas__cedar_cypress__plot_Saiki_9_annotated,10,9,102,28.5
ideas__cedar_cypress__plot_Saiki_9_annotated,11,10,98,28.5
ideas__cedar_cypress__plot_Saiki_9_annotated,12,11,52,14.75
ideas__cedar_cypress__plot_Saiki_9_annotated,13,12,126,37.75
ideas__cedar_cypress__plot_Saiki_9_annotated,14,13,106,29.0
ideas__cedar_cypress__plot_Saiki_9_annotated,15,14,76,22.125
ideas__cedar_cypress__plot_Saiki_9_annotated,16,15,66,18.375
ideas__cedar_cypress__plot_Saiki_9_annotated,17,16,140,40.75
ideas__cedar_cypress__plot_Saiki_9_annotated,18,17,109,31.75
ideas__cedar_cypress__plot_Saiki_9_annotated,19,18,62,17.25
ideas__cedar_cypress__plot_Saiki_9_annotated,20,19,96,27.375
ideas__cedar_cypress__plot_Saiki_9_annotated,21,20,72,21.0
ideas__cedar_cypress__plot_Saiki_9_annotated,22,21,92,25.375
ideas__cedar_cypress__plot_Saiki_9_annotated,23,22,86,25.0
ideas__cedar_cypress__plot_Saiki_9_annotated,24,23,74,21.625
ideas__cedar_cypress__plot_Saiki_9_annotated,25,24,71,19.875
ideas__cedar_cypress__plot_Saiki_9_annotated,26,25,97,27.375
ideas__cedar_cypress__plot_Saiki_9_annotated,27,26,116,31.25
ideas__cedar_cypress__plot_Saiki_9_annotated,28,27,97,27.125
ideas__cedar_cypress__plot_Saiki_9_annotated,29,28,88,24.5
ideas__cedar_cypress__plot_Saiki_9_annotated,30,29,98,28.5
ideas__cedar_cypress__plot_Saiki_9_annotated,31,30,103,30.5
ideas__cedar_cypress__plot_Saiki_9_annotated,32,31,101,29.5
ideas__cedar_cypress__plot_Saiki_9_annotated,33,32,75,21.75
ideas__cedar_cypress__plot_Saiki_9_annotated,34,33,124,34.875
ideas__ecodse__plot_OSBS_001_annotated,31,0,358,151.5
ideas__ecodse__plot_OSBS_001_annotated,37,1,49,20.0
ideas__ecodse__plot_OSBS_001_annotated,65,2,39,14.25
ideas__ecodse__plot_OSBS_001_annotated,150,3,53,21.875
ideas__ecodse__plot_OSBS_001_annotated,239,4,59,23.5
ideas__ecodse__plot_OSBS_001_annotated,307,5,47,16.625
ideas__ecodse__plot_OSBS_001_annotated,371,6,175,66.5
ideas__ecodse__plot_OSBS_001_annotated,502,7,23,8.75
ideas__ecodse__plot_OSBS_001_annotated,565,8,244,91.375
ideas__ecodse__plot_OSBS_003_annotated,12,0,31,14.5
ideas__ecodse__plot_OSBS_003_annotated,80,1,61,25.0
ideas__ecodse__plot_OSBS_003_annotated,130,2,18,6.625
ideas__ecodse__plot_OSBS_003_annotated,153,3,110,49.25
ideas__ecodse__plot_OSBS_003_annotated,366,4,54,23.125
ideas__ecodse__plot_OSBS_003_annotated,469,5,39,16.125
ideas__ecodse__plot_OSBS_003_annotated,624,6,39,15.25
ideas__ecodse__plot_OSBS_006_annotated,51,0,130,36.75
ideas__ecodse__plot_OSBS_006_annotated,85,1,96,27.5
ideas__ecodse__plot_OSBS_006_annotated,127,2,165,47.25
ideas__ecodse__plot_OSBS_006_annotated,179,3,34,10.5
ideas__ecodse__plot_OSBS_006_annotated,249,4,68,19.875
ideas__ecodse__plot_OSBS_006_annotated,277,5,239,70.875
ideas__ecodse__plot_OSBS_006_annotated,295,6,194,59.375
ideas__ecodse__plot_OSBS_006_annotated,308,7,47,13.125
ideas__ecodse__plot_OSBS_006_annotated,324,8,136,40.625
ideas__ecodse__plot_OSBS_006_annotated,334,9,102,29.75
ideas__ecodse__plot_OSBS_006_annotated,439,10,113,34.75
ideas__ecodse__plot_OSBS_006_annotated,450,11,335,99.75
ideas__ecodse__plot_OSBS_006_annotated,487,12,67,19.25
ideas__ecodse__plot_OSBS_006_annotated,556,13,59,18.875
ideas__ecodse__plot_OSBS_006_annotated,586,14,131,39.25
ideas__ecodse__plot_OSBS_007_annotated,139,0,23,8.125
ideas__ecodse__plot_OSBS_007_annotated,156,1,108,37.0
ideas__ecodse__plot_OSBS_007_annotated,177,2,90,29.125
ideas__ecodse__plot_OSBS_007_annotated,201,3,115,38.375
ideas__ecodse__plot_OSBS_007_annotated,206,4,82,28.5
ideas__ecodse__plot_OSBS_007_annotated,601,5,329,107.0
ideas__ecodse__plot_OSBS_007_annotated,621,6,76,24.25
ideas__ecodse__plot_OSBS_008_annotated,2,0,26,11.5
ideas__ecodse__plot_OSBS_008_annotated,22,1,57,19.5
ideas__ecodse__plot_OSBS_008_annotated,35,2,11,6.25
ideas__ecodse__plot_OSBS_008_annotated,95,3,81,37.875
ideas__ecodse__plot_OSBS_008_annotated,107,4,81,30.25
ideas__ecodse__plot_OSBS_008_annotated,110,5,39,18.625
ideas__ecodse__plot_OSBS_008_annotated,114,6,47,20.0
ideas__ecodse__plot_OSBS_008_annotated,120,7,54,19.625
ideas__ecodse__plot_OSBS_008_annotated,165,8,25,8.875
ideas__ecodse__plot_OSBS_008_annotated,254,9,36,11.25
ideas__ecodse__plot_OSBS_008_annotated,287,10,51,18.5
ideas__ecodse__plot_OSBS_008_annotated,289,11,22,10.5
ideas__ecodse__plot_OSBS_008_annotated,361,12,102,38.75
ideas__ecodse__plot_OSBS_008_annotated,575,13,30,15.25
ideas__ecodse__plot_OSBS_009_annotated,400,0,66,33.5
ideas__ecodse__plot_OSBS_010_annotated,7,0,53,19.5
ideas__ecodse__plot_OSBS_010_annotated,59,1,34,12.0
ideas__ecodse__plot_OSBS_010_annotated,75,2,44,14.0
ideas__ecodse__plot_OSBS_010_annotated,453,3,36,13.375
ideas__ecodse__plot_OSBS_010_annotated,507,4,24,10.375
ideas__ecodse__plot_OSBS_010_annotated,509,5,11,5.25
ideas__ecodse__plot_OSBS_010_annotated,604,6,30,11.375
ideas__ecodse__plot_OSBS_011_annotated,8,0,101,31.875
ideas__ecodse__plot_OSBS_011_annotated,21,1,273,84.375
ideas__ecodse__plot_OSBS_011_annotated,102,2,172,55.25
ideas__ecodse__plot_OSBS_011_annotated,251,3,37,11.875
ideas__ecodse__plot_OSBS_011_annotated,343,4,74,22.0
ideas__ecodse__plot_OSBS_011_annotated,386,5,135,43.0
ideas__ecodse__plot_OSBS_011_annotated,505,6,161,53.0
ideas__ecodse__plot_OSBS_011_annotated,605,7,77,25.0
ideas__ecodse__plot_OSBS_014_annotated,30,0,105,32.375
ideas__ecodse__plot_OSBS_014_annotated,58,1,165,67.0
ideas__ecodse__plot_OSBS_014_annotated,116,2,36,16.125
ideas__ecodse__plot_OSBS_014_annotated,175,3,139,44.25
ideas__ecodse__plot_OSBS_014_annotated,212,4,73,30.25
ideas__ecodse__plot_OSBS_014_annotated,428,5,12,5.5
ideas__ecodse__plot_OSBS_014_annotated,441,6,456,193.75
ideas__ecodse__plot_OSBS_014_annotated,590,7,31,14.875
ideas__ecodse__plot_OSBS_014_annotated,591,8,36,14.625
ideas__ecodse__plot_OSBS_015_annotated,235,0,99,54.375
ideas__ecodse__plot_OSBS_015_annotated,372,1,14,4.0
ideas__ecodse__plot_OSBS_015_annotated,373,2,72,43.625
ideas__ecodse__plot_OSBS_015_annotated,459,3,33,11.125
ideas__ecodse__plot_OSBS_015_annotated,476,4,93,32.75
ideas__ecodse__plot_OSBS_015_annotated,569,5,48,20.125
ideas__ecodse__plot_OSBS_016_annotated,71,0,58,39.25
ideas__ecodse__plot_OSBS_016_annotated,81,1,47,27.5
ideas__ecodse__plot_OSBS_016_annotated,155,2,57,27.25
ideas__ecodse__plot_OSBS_016_annotated,194,3,69,38.375
ideas__ecodse__plot_OSBS_016_annotated,244,4,24,10.0
ideas__ecodse__plot_OSBS_016_annotated,247,5,75,44.0
ideas__ecodse__plot_OSBS_016_annotated,258,6,17,8.75
ideas__ecodse__plot_OSBS_016_annotated,364,7,112,65.25
ideas__ecodse__plot_OSBS_016_annotated,374,8,77,43.25
ideas__ecodse__plot_OSBS_016_annotated,418,9,31,18.0
ideas__ecodse__plot_OSBS_016_annotated,423,10,67,33.625
ideas__ecodse__plot_OSBS_016_annotated,447,11,32,18.625
ideas__ecodse__plot_OSBS_016_annotated,462,12,54,33.0
ideas__ecodse__plot_OSBS_016_annotated,486,13,50,32.875
ideas__ecodse__plot_OSBS_016_annotated,498,14,18,7.875
ideas__ecodse__plot_OSBS_016_annotated,508,15,50,26.625
ideas__ecodse__plot_OSBS_016_annotated,598,16,57,33.125
ideas__ecodse__plot_OSBS_017_annotated,34,0,61,20.75
ideas__ecodse__plot_OSBS_017_annotated,40,1,40,16.25
ideas__ecodse__plot_OSBS_017_annotated,190,2,44,16.875
ideas__ecodse__plot_OSBS_017_annotated,192,3,46,17.375
ideas__ecodse__plot_OSBS_017_annotated,217,4,33,12.875
ideas__ecodse__plot_OSBS_017_annotated,225,5,92,39.25
ideas__ecodse__plot_OSBS_017_annotated,260,6,48,15.0
ideas__ecodse__plot_OSBS_017_annotated,284,7,140,45.875
ideas__ecodse__plot_OSBS_017_annotated,311,8,55,21.125
ideas__ecodse__plot_OSBS_017_annotated,376,9,158,64.25
ideas__ecodse__plot_OSBS_017_annotated,401,10,149,53.25
ideas__ecodse__plot_OSBS_017_annotated,410,11,16,5.5
ideas__ecodse__plot_OSBS_017_annotated,460,12,81,28.625
ideas__ecodse__plot_OSBS_017_annotated,482,13,57,19.125
ideas__ecodse__plot_OSBS_017_annotated,522,14,59,23.75
ideas__ecodse__plot_OSBS_017_annotated,554,15,230,77.625
ideas__ecodse__plot_OSBS_017_annotated,566,16,40,13.875
ideas__ecodse__plot_OSBS_018_annotated,18,0,45,27.5
ideas__ecodse__plot_OSBS_018_annotated,368,1,14,7.25
ideas__ecodse__plot_OSBS_019_annotated,133,0,214,101.625
ideas__ecodse__plot_OSBS_019_annotated,215,1,47,17.125
ideas__ecodse__plot_OSBS_019_annotated,475,2,12,5.125
ideas__ecodse__plot_OSBS_019_annotated,600,3,51,24.375
ideas__ecodse__plot_OSBS_025_annotated,5,0,22,6.5
ideas__ecodse__plot_OSBS_025_annotated,17,1,54,16.25
ideas__ecodse__plot_OSBS_025_annotated,48,2,115,32.875
ideas__ecodse__plot_OSBS_025_annotated,57,3,104,29.625
ideas__ecodse__plot_OSBS_025_annotated,63,4,101,28.0
ideas__ecodse__plot_OSBS_025_annotated,64,5,39,12.25
ideas__ecodse__plot_OSBS_025_annotated,94,6,46,14.375
ideas__ecodse__plot_OSBS_025_annotated,108,7,26,8.125
ideas__ecodse__plot_OSBS_025_annotated,135,8,68,21.75
ideas__ecodse__plot_OSBS_025_annotated,169,9,36,10.75
ideas__ecodse__plot_OSBS_025_annotated,170,10,73,21.75
ideas__ecodse__plot_OSBS_025_annotated,288,11,15,4.5
ideas__ecodse__plot_OSBS_025_annotated,474,12,145,41.25
ideas__ecodse__plot_OSBS_025_annotated,480,13,87,25.125
ideas__ecodse__plot_OSBS_025_annotated,506,14,132,39.5
ideas__ecodse__plot_OSBS_025_annotated,552,15,33,10.5
ideas__ecodse__plot_OSBS_025_annotated,557,16,91,26.25
ideas__ecodse__plot_OSBS_025_annotated,574,17,23,7.5
ideas__ecodse__plot_OSBS_025_annotated,583,18,36,11.125
ideas__ecodse__plot_OSBS_025_annotated,613,19,92,28.5
ideas__ecodse__plot_OSBS_026_annotated,23,0,36,12.0
ideas__ecodse__plot_OSBS_026_annotated,29,1,171,56.25
ideas__ecodse__plot_OSBS_026_annotated,50,2,52,17.125
ideas__ecodse__plot_OSBS_026_annotated,62,3,28,12.75
ideas__ecodse__plot_OSBS_026_annotated,82,4,42,13.875
ideas__ecodse__plot_OSBS_026_annotated,149,5,113,34.375
ideas__ecodse__plot_OSBS_026_annotated,159,6,50,17.25
ideas__ecodse__plot_OSBS_026_annotated,164,7,68,23.0
ideas__ecodse__plot_OSBS_026_annotated,240,8,23,8.375
ideas__ecodse__plot_OSBS_026_annotated,302,9,73,26.625
ideas__ecodse__plot_OSBS_026_annotated,304,10,80,26.875
ideas__ecodse__plot_OSBS_026_annotated,313,11,57,26.125
ideas__ecodse__plot_OSBS_026_annotated,339,12,67,24.75
ideas__ecodse__plot_OSBS_026_annotated,382,13,357,121.75
ideas__ecodse__plot_OSBS_026_annotated,403,14,79,28.125
ideas__ecodse__plot_OSBS_026_annotated,406,15,27,9.5
ideas__ecodse__plot_OSBS_026_annotated,415,16,210,74.875
ideas__ecodse__plot_OSBS_026_annotated,435,17,67,22.625
ideas__ecodse__plot_OSBS_026_annotated,484,18,92,31.125
ideas__ecodse__plot_OSBS_026_annotated,513,19,37,14.875
ideas__ecodse__plot_OSBS_026_annotated,531,20,53,16.0
ideas__ecodse__plot_OSBS_026_annotated,578,21,29,9.625
ideas__ecodse__plot_OSBS_026_annotated,581,22,17,5.25
ideas__ecodse__plot_OSBS_026_annotated,614,23,37,13.875
ideas__ecodse__plot_OSBS_029_annotated,36,0,45,20.375
ideas__ecodse__plot_OSBS_029_annotated,86,1,69,22.5
ideas__ecodse__plot_OSBS_029_annotated,88,2,14,7.5
ideas__ecodse__plot_OSBS_029_annotated,117,3,44,13.5
ideas__ecodse__plot_OSBS_029_annotated,119,4,62,30.125
ideas__ecodse__plot_OSBS_029_annotated,124,5,18,10.625
ideas__ecodse__plot_OSBS_029_annotated,140,6,51,18.25
ideas__ecodse__plot_OSBS_029_annotated,250,7,47,16.625
ideas__ecodse__plot_OSBS_029_annotated,256,8,35,14.125
ideas__ecodse__plot_OSBS_029_annotated,305,9,20,7.25
ideas__ecodse__plot_OSBS_029_annotated,317,10,21,8.375
ideas__ecodse__plot_OSBS_029_annotated,367,11,44,15.375
ideas__ecodse__plot_OSBS_029_annotated,384,12,18,7.125
ideas__ecodse__plot_OSBS_029_annotated,393,13,37,12.5
ideas__ecodse__plot_OSBS_029_annotated,422,14,24,10.625
ideas__ecodse__plot_OSBS_029_annotated,457,15,73,24.625
ideas__ecodse__plot_OSBS_029_annotated,458,16,25,12.75
ideas__ecodse__plot_OSBS_029_annotated,545,17,51,19.5
ideas__ecodse__plot_OSBS_029_annotated,547,18,90,37.5
ideas__ecodse__plot_OSBS_029_annotated,567,19,25,9.625
ideas__ecodse__plot_OSBS_029_annotated,577,20,67,24.25
ideas__ecodse__plot_OSBS_029_annotated,603,21,57,18.0
ideas__ecodse__plot_OSBS_029_annotated,618,22,58,19.125
ideas__ecodse__plot_OSBS_030_annotated,91,0,143,42.375
ideas__ecodse__plot_OSBS_030_annotated,98,1,70,23.0
ideas__ecodse__plot_OSBS_030_annotated,100,2,152,46.375
ideas__ecodse__plot_OSBS_030_annotated,122,3,49,14.625
ideas__ecodse__plot_OSBS_030_annotated,173,4,122,36.875
ideas__ecodse__plot_OSBS_030_annotated,218,5,100,30.125
ideas__ecodse__plot_OSBS_030_annotated,294,6,79,25.5
ideas__ecodse__plot_OSBS_030_annotated,355,7,119,34.0
ideas__ecodse__plot_OSBS_030_annotated,424,8,49,16.0
ideas__ecodse__plot_OSBS_030_annotated,472,9,67,20.25
ideas__ecodse__plot_OSBS_030_annotated,496,10,69,22.25
ideas__ecodse__plot_OSBS_030_annotated,599,11,111,32.375
ideas__ecodse__plot_OSBS_032_annotated,3,0,35,12.125
ideas__ecodse__plot_OSBS_032_annotated,9,1,60,18.5
ideas__ecodse__plot_OSBS_032_annotated,33,2,29,10.75
ideas__ecodse__plot_OSBS_032_annotated,38,3,63,19.875
ideas__ecodse__plot_OSBS_032_annotated,69,4,34,11.25
ideas__ecodse__plot_OSBS_032_annotated,73,5,65,18.375
ideas__ecodse__plot_OSBS_032_annotated,92,6,52,14.5
ideas__ecodse__plot_OSBS_032_annotated,128,7,24,7.125
ideas__ecodse__plot_OSBS_032_annotated,147,8,44,13.125
ideas__ecodse__plot_OSBS_032_annotated,160,9,44,14.0
ideas__ecodse__plot_OSBS_032_annotated,166,10,97,32.125
ideas__ecodse__plot_OSBS_032_annotated,178,11,35,11.375
ideas__ecodse__plot_OSBS_032_annotated,220,12,17,4.75
ideas__ecodse__plot_OSBS_032_annotated,228,13,43,13.25
ideas__ecodse__plot_OSBS_032_annotated,238,14,76,24.25
ideas__ecodse__plot_OSBS_032_annotated,278,15,29,8.375
ideas__ecodse__plot_OSBS_032_annotated,282,16,74,22.875
ideas__ecodse__plot_OSBS_032_annotated,301,17,112,34.375
ideas__ecodse__plot_OSBS_032_annotated,306,18,54,16.625
ideas__ecodse__plot_OSBS_032_annotated,326,19,44,13.375
ideas__ecodse__plot_OSBS_032_annotated,331,20,92,27.375
ideas__ecodse__plot_OSBS_032_annotated,336,21,47,14.625
ideas__ecodse__plot_OSBS_032_annotated,340,22,69,22.625
ideas__ecodse__plot_OSBS_032_annotated,385,23,38,11.25
ideas__ecodse__plot_OSBS_032_annotated,409,24,22,8.25
ideas__ecodse__plot_OSBS_032_annotated,413,25,47,15.25
ideas__ecodse__plot_OSBS_032_annotated,416,26,26,8.75
ideas__ecodse__plot_OSBS_032_annotated,468,27,63,19.375
ideas__ecodse__plot_OSBS_032_annotated,491,28,60,18.125
ideas__ecodse__plot_OSBS_032_annotated,504,29,44,13.5
ideas__ecodse__plot_OSBS_032_annotated,517,30,26,8.625
ideas__ecodse__plot_OSBS_032_annotated,553,31,82,26.125
ideas__ecodse__plot_OSBS_032_annotated,571,32,23,7.375
ideas__ecodse__plot_OSBS_032_annotated,573,33,50,14.0
ideas__ecodse__plot_OSBS_032_annotated,584,34,71,22.25
ideas__ecodse__plot_OSBS_032_annotated,620,35,82,26.125
ideas__ecodse__plot_OSBS_032_annotated,623,36,117,37.125
ideas__ecodse__plot_OSBS_033_annotated,1,0,69,20.875
ideas__ecodse__plot_OSBS_033_annotated,11,1,52,15.875
ideas__ecodse__plot_OSBS_033_annotated,41,2,63,20.0
ideas__ecodse__plot_OSBS_033_annotated,42,3,25,7.875
ideas__ecodse__plot_OSBS_033_annotated,43,4,33,10.25
ideas__ecodse__plot_OSBS_033_annotated,46,5,33,8.625
ideas__ecodse__plot_OSBS_033_annotated,49,6,59,19.0
ideas__ecodse__plot_OSBS_033_annotated,74,7,51,15.5
ideas__ecodse__plot_OSBS_033_annotated,78,8,33,10.5
ideas__ecodse__plot_OSBS_033_annotated,79,9,48,13.625
ideas__ecodse__plot_OSBS_033_annotated,90,10,29,9.125
ideas__ecodse__plot_OSBS_033_annotated,93,11,19,7.375
ideas__ecodse__plot_OSBS_033_annotated,174,12,88,27.625
ideas__ecodse__plot_OSBS_033_annotated,182,13,40,12.625
ideas__ecodse__plot_OSBS_033_annotated,191,14,102,34.375
ideas__ecodse__plot_OSBS_033_annotated,195,15,39,13.25
ideas__ecodse__plot_OSBS_033_annotated,197,16,114,35.5
ideas__ecodse__plot_OSBS_033_annotated,198,17,17,5.5
ideas__ecodse__plot_OSBS_033_annotated,199,18,160,49.875
ideas__ecodse__plot_OSBS_033_annotated,202,19,76,26.875
ideas__ecodse__plot_OSBS_033_annotated,207,20,55,16.625
ideas__ecodse__plot_OSBS_033_annotated,209,21,30,8.875
ideas__ecodse__plot_OSBS_033_annotated,211,22,33,10.25
ideas__ecodse__plot_OSBS_033_annotated,223,23,80,26.625
ideas__ecodse__plot_OSBS_033_annotated,234,24,40,14.125
ideas__ecodse__plot_OSBS_033_annotated,270,25,41,13.75
ideas__ecodse__plot_OSBS_033_annotated,271,26,52,17.25
ideas__ecodse__plot_OSBS_033_annotated,274,27,70,21.5
ideas__ecodse__plot_OSBS_033_annotated,276,28,43,12.75
ideas__ecodse__plot_OSBS_033_annotated,290,29,62,19.625
ideas__ecodse__plot_OSBS_033_annotated,292,30,219,68.0
ideas__ecodse__plot_OSBS_033_annotated,303,31,94,27.0
ideas__ecodse__plot_OSBS_033_annotated,321,32,30,9.25
ideas__ecodse__plot_OSBS_033_annotated,329,33,63,18.25
ideas__ecodse__plot_OSBS_033_annotated,335,34,85,25.625
ideas__ecodse__plot_OSBS_033_annotated,351,35,68,23.25
ideas__ecodse__plot_OSBS_033_annotated,352,36,51,16.0
ideas__ecodse__plot_OSBS_033_annotated,360,37,61,16.75
ideas__ecodse__plot_OSBS_033_annotated,363,38,46,14.75
ideas__ecodse__plot_OSBS_033_annotated,377,39,58,20.0
ideas__ecodse__plot_OSBS_033_annotated,383,40,75,28.375
ideas__ecodse__plot_OSBS_033_annotated,387,41,23,7.125
ideas__ecodse__plot_OSBS_033_annotated,407,42,26,8.25
ideas__ecodse__plot_OSBS_033_annotated,425,43,35,11.625
ideas__ecodse__plot_OSBS_033_annotated,427,44,26,7.75
ideas__ecodse__plot_OSBS_033_annotated,433,45,34,11.125
ideas__ecodse__plot_OSBS_033_annotated,442,46,62,18.25
ideas__ecodse__plot_OSBS_033_annotated,443,47,29,8.0
ideas__ecodse__plot_OSBS_033_annotated,455,48,64,21.125
ideas__ecodse__plot_OSBS_033_annotated,471,49,104,33.625
ideas__ecodse__plot_OSBS_033_annotated,514,50,132,36.375
ideas__ecodse__plot_OSBS_033_annotated,519,51,28,8.0
ideas__ecodse__plot_OSBS_033_annotated,521,52,177,50.375
ideas__ecodse__plot_OSBS_033_annotated,534,53,93,29.0
ideas__ecodse__plot_OSBS_033_annotated,549,54,112,33.5
ideas__ecodse__plot_OSBS_033_annotated,555,55,59,19.5
ideas__ecodse__plot_OSBS_033_annotated,558,56,37,13.25
ideas__ecodse__plot_OSBS_033_annotated,587,57,94,29.125
ideas__ecodse__plot_OSBS_033_annotated,610,58,25,9.875
ideas__ecodse__plot_OSBS_033_annotated,615,59,33,9.0
ideas__ecodse__plot_OSBS_034_annotated,115,0,122,35.875
ideas__ecodse__plot_OSBS_034_annotated,131,1,61,18.125
ideas__ecodse__plot_OSBS_034_annotated,145,2,25,8.25
ideas__ecodse__plot_OSBS_034_annotated,151,3,211,57.25
ideas__ecodse__plot_OSBS_034_annotated,189,4,124,36.75
ideas__ecodse__plot_OSBS_034_annotated,291,5,255,73.125
ideas__ecodse__plot_OSBS_034_annotated,344,6,38,13.125
ideas__ecodse__plot_OSBS_034_annotated,358,7,43,13.375
ideas__ecodse__plot_OSBS_034_annotated,408,8,31,9.875
ideas__ecodse__plot_OSBS_034_annotated,466,9,73,21.375
ideas__ecodse__plot_OSBS_034_annotated,490,10,209,60.0
ideas__ecodse__plot_OSBS_034_annotated,503,11,47,14.875
ideas__ecodse__plot_OSBS_034_annotated,528,12,53,17.375
ideas__ecodse__plot_OSBS_034_annotated,539,13,147,44.625
ideas__ecodse__plot_OSBS_034_annotated,542,14,35,10.625
ideas__ecodse__plot_OSBS_035_annotated,275,0,57,19.625
ideas__ecodse__plot_OSBS_035_annotated,337,1,67,22.25
ideas__ecodse__plot_OSBS_035_annotated,369,2,88,32.125
ideas__ecodse__plot_OSBS_035_annotated,430,3,39,13.0
ideas__ecodse__plot_OSBS_035_annotated,477,4,50,18.125
ideas__ecodse__plot_OSBS_035_annotated,488,5,87,30.375
ideas__ecodse__plot_OSBS_035_annotated,546,6,51,17.25
ideas__ecodse__plot_OSBS_035_annotated,617,7,61,20.5
ideas__ecodse__plot_OSBS_036_annotated,20,0,165,52.25
ideas__ecodse__plot_OSBS_036_annotated,25,1,197,63.625
ideas__ecodse__plot_OSBS_036_annotated,27,2,28,9.375
ideas__ecodse__plot_OSBS_036_annotated,44,3,34,10.75
ideas__ecodse__plot_OSBS_036_annotated,52,4,28,9.375
ideas__ecodse__plot_OSBS_036_annotated,54,5,64,19.25
ideas__ecodse__plot_OSBS_036_annotated,56,6,85,27.375
ideas__ecodse__plot_OSBS_036_annotated,61,7,34,11.5
ideas__ecodse__plot_OSBS_036_annotated,109,8,38,13.0
ideas__ecodse__plot_OSBS_036_annotated,141,9,18,5.625
ideas__ecodse__plot_OSBS_036_annotated,142,10,37,10.75
ideas__ecodse__plot_OSBS_036_annotated,146,11,99,33.0
ideas__ecodse__plot_OSBS_036_annotated,161,12,91,28.375
ideas__ecodse__plot_OSBS_036_annotated,176,13,170,51.0
ideas__ecodse__plot_OSBS_036_annotated,180,14,23,9.5
ideas__ecodse__plot_OSBS_036_annotated,181,15,37,12.375
ideas__ecodse__plot_OSBS_036_annotated,193,16,44,14.25
ideas__ecodse__plot_OSBS_036_annotated,208,17,42,15.25
ideas__ecodse__plot_OSBS_036_annotated,272,18,28,9.0
ideas__ecodse__plot_OSBS_036_annotated,293,19,156,51.375
ideas__ecodse__plot_OSBS_036_annotated,296,20,44,14.0
ideas__ecodse__plot_OSBS_036_annotated,318,21,46,14.0
ideas__ecodse__plot_OSBS_036_annotated,330,22,76,25.25
ideas__ecodse__plot_OSBS_036_annotated,354,23,40,11.75
ideas__ecodse__plot_OSBS_036_annotated,365,24,35,10.625
ideas__ecodse__plot_OSBS_036_annotated,378,25,62,21.0
ideas__ecodse__plot_OSBS_036_annotated,388,26,80,26.625
ideas__ecodse__plot_OSBS_036_annotated,394,27,57,18.25
ideas__ecodse__plot_OSBS_036_annotated,404,28,39,11.75
ideas__ecodse__plot_OSBS_036_annotated,405,29,156,48.875
ideas__ecodse__plot_OSBS_036_annotated,411,30,21,5.625
ideas__ecodse__plot_OSBS_036_annotated,426,31,52,16.75
ideas__ecodse__plot_OSBS_036_annotated,479,32,32,9.375
ideas__ecodse__plot_OSBS_036_annotated,489,33,23,6.625
ideas__ecodse__plot_OSBS_036_annotated,602,34,295,86.625
ideas__ecodse__plot_OSBS_036_annotated,622,35,134,40.875
ideas__ecodse__plot_OSBS_037_annotated,66,0,17,5.375
ideas__ecodse__plot_OSBS_037_annotated,72,1,82,28.125
ideas__ecodse__plot_OSBS_037_annotated,76,2,48,14.625
ideas__ecodse__plot_OSBS_037_annotated,97,3,71,28.125
ideas__ecodse__plot_OSBS_037_annotated,104,4,51,17.625
ideas__ecodse__plot_OSBS_037_annotated,134,5,74,30.5
ideas__ecodse__plot_OSBS_037_annotated,172,6,83,25.625
ideas__ecodse__plot_OSBS_037_annotated,187,7,49,17.75
ideas__ecodse__plot_OSBS_037_annotated,245,8,37,14.75
ideas__ecodse__plot_OSBS_037_annotated,269,9,153,50.75
ideas__ecodse__plot_OSBS_037_annotated,310,10,41,14.5
ideas__ecodse__plot_OSBS_037_annotated,348,11,71,22.625
ideas__ecodse__plot_OSBS_037_annotated,381,12,211,101.0
ideas__ecodse__plot_OSBS_037_annotated,414,13,73,28.0
ideas__ecodse__plot_OSBS_037_annotated,419,14,76,25.0
ideas__ecodse__plot_OSBS_037_annotated,420,15,88,34.625
ideas__ecodse__plot_OSBS_037_annotated,446,16,40,17.0
ideas__ecodse__plot_OSBS_037_annotated,470,17,26,11.125
ideas__ecodse__plot_OSBS_037_annotated,501,18,55,20.875
ideas__ecodse__plot_OSBS_037_annotated,551,19,29,12.625
ideas__ecodse__plot_OSBS_037_annotated,559,20,93,34.875
ideas__ecodse__plot_OSBS_037_annotated,606,21,42,16.125
ideas__ecodse__plot_OSBS_037_annotated,609,22,36,12.375
ideas__ecodse__plot_OSBS_038_annotated,4,0,114,34.125
ideas__ecodse__plot_OSBS_038_annotated,47,1,76,23.875
ideas__ecodse__plot_OSBS_038_annotated,184,2,28,8.375
ideas__ecodse__plot_OSBS_038_annotated,186,3,102,31.0
ideas__ecodse__plot_OSBS_038_annotated,224,4,85,28.25
ideas__ecodse__plot_OSBS_038_annotated,233,5,63,18.125
ideas__ecodse__plot_OSBS_038_annotated,273,6,69,20.0
ideas__ecodse__plot_OSBS_038_annotated,279,7,109,33.5
ideas__ecodse__plot_OSBS_038_annotated,285,8,101,29.375
ideas__ecodse__plot_OSBS_038_annotated,298,9,109,34.125
ideas__ecodse__plot_OSBS_038_annotated,478,10,66,19.125
ideas__ecodse__plot_OSBS_042_annotated,15,0,48,16.5
ideas__ecodse__plot_OSBS_042_annotated,39,1,38,15.0
ideas__ecodse__plot_OSBS_042_annotated,106,2,48,13.875
ideas__ecodse__plot_OSBS_042_annotated,112,3,33,12.25
ideas__ecodse__plot_OSBS_042_annotated,132,4,49,17.125
ideas__ecodse__plot_OSBS_042_annotated,203,5,41,13.75
ideas__ecodse__plot_OSBS_042_annotated,261,6,38,12.875
ideas__ecodse__plot_OSBS_042_annotated,338,7,189,60.625
ideas__ecodse__plot_OSBS_042_annotated,461,8,20,6.375
ideas__ecodse__plot_OSBS_042_annotated,512,9,43,12.75
ideas__ecodse__plot_OSBS_042_annotated,530,10,22,8.125
ideas__ecodse__plot_OSBS_042_annotated,594,11,41,13.75
ideas__ecodse__plot_OSBS_042_annotated,597,12,183,62.5
ideas__ecodse__plot_OSBS_043_annotated,53,0,75,20.625
ideas__ecodse__plot_OSBS_043_annotated,111,1,10,2.75
ideas__ecodse__plot_OSBS_043_annotated,125,2,56,17.0
ideas__ecodse__plot_OSBS_043_annotated,216,3,38,12.375
ideas__ecodse__plot_OSBS_043_annotated,312,4,32,11.625
ideas__ecodse__plot_OSBS_043_annotated,436,5,93,26.75
ideas__ecodse__plot_OSBS_043_annotated,523,6,48,15.125
ideas__ecodse__plot_OSBS_043_annotated,527,7,37,11.375
ideas__ecodse__plot_OSBS_044_annotated,55,0,69,22.5
ideas__ecodse__plot_OSBS_044_annotated,60,1,94,27.0
ideas__ecodse__plot_OSBS_044_annotated,70,2,141,40.125
ideas__ecodse__plot_OSBS_044_annotated,89,3,68,20.875
ideas__ecodse__plot_OSBS_044_annotated,113,4,24,7.375
ideas__ecodse__plot_OSBS_044_annotated,163,5,103,33.0
ideas__ecodse__plot_OSBS_044_annotated,210,6,45,13.125
ideas__ecodse__plot_OSBS_044_annotated,219,7,58,16.5
ideas__ecodse__plot_OSBS_044_annotated,236,8,48,15.875
ideas__ecodse__plot_OSBS_044_annotated,243,9,38,11.0
ideas__ecodse__plot_OSBS_044_annotated,286,10,31,9.25
ideas__ecodse__plot_OSBS_044_annotated,309,11,50,14.875
ideas__ecodse__plot_OSBS_044_annotated,315,12,30,8.375
ideas__ecodse__plot_OSBS_044_annotated,342,13,39,11.875
ideas__ecodse__plot_OSBS_044_annotated,347,14,101,29.875
ideas__ecodse__plot_OSBS_044_annotated,353,15,62,17.0
ideas__ecodse__plot_OSBS_044_annotated,432,16,54,16.625
ideas__ecodse__plot_OSBS_044_annotated,533,17,58,17.25
ideas__ecodse__plot_OSBS_044_annotated,541,18,28,8.375
ideas__ecodse__plot_OSBS_044_annotated,544,19,50,16.0
ideas__ecodse__plot_OSBS_044_annotated,579,20,18,4.75
ideas__ecodse__plot_OSBS_044_annotated,593,21,56,16.25
ideas__ecodse__plot_OSBS_048_annotated,45,0,58,27.125
ideas__ecodse__plot_OSBS_048_annotated,158,1,156,60.5
ideas__ecodse__plot_OSBS_048_annotated,232,2,116,59.5
ideas__ecodse__plot_OSBS_048_annotated,266,3,416,152.125
ideas__ecodse__plot_OSBS_048_annotated,390,4,34,17.125
ideas__ecodse__plot_OSBS_048_annotated,398,5,241,85.375
ideas__ecodse__plot_OSBS_048_annotated,402,6,105,40.125
ideas__ecodse__plot_OSBS_048_annotated,524,7,49,30.375
ideas__ecodse__plot_OSBS_048_annotated,572,8,189,68.625
ideas__ecodse__plot_OSBS_051_annotated,68,0,26,13.125
ideas__ecodse__plot_OSBS_051_annotated,229,1,21,10.625
ideas__ecodse__plot_OSBS_051_annotated,252,2,35,17.75
ideas__ecodse__plot_OSBS_051_annotated,320,3,10,3.75
ideas__ecodse__plot_OSBS_051_annotated,395,4,27,13.125
ideas__fgi_emit__plot_1001_annotated,1,0,40,12.0
ideas__fgi_emit__plot_1001_annotated,2,1,20,5.625
ideas__fgi_emit__plot_1001_annotated,3,2,58,17.875
ideas__fgi_emit__plot_1001_annotated,4,3,39,12.25
ideas__fgi_emit__plot_1001_annotated,5,4,47,12.75
ideas__fgi_emit__plot_1001_annotated,6,5,42,12.875
ideas__fgi_emit__plot_1001_annotated,7,6,102,29.625
ideas__fgi_emit__plot_1001_annotated,8,7,46,12.875
ideas__fgi_emit__plot_1001_annotated,9,8,9,2.625
ideas__fgi_emit__plot_1001_annotated,10,9,31,9.375
ideas__fgi_emit__plot_1001_annotated,11,10,256,76.625
ideas__fgi_emit__plot_1001_annotated,12,11,78,22.75
ideas__fgi_emit__plot_1001_annotated,13,12,64,18.875
ideas__fgi_emit__plot_1001_annotated,14,13,24,7.75
ideas__fgi_emit__plot_1001_annotated,15,14,85,23.75
ideas__fgi_emit__plot_1001_annotated,16,15,133,41.375
ideas__fgi_emit__plot_1001_annotated,17,16,79,24.25
ideas__fgi_emit__plot_1001_annotated,18,17,92,27.0
ideas__fgi_emit__plot_1001_annotated,19,18,11,3.25
ideas__fgi_emit__plot_1001_annotated,20,19,87,25.125
ideas__fgi_emit__plot_1001_annotated,21,20,42,12.125
ideas__fgi_emit__plot_1001_annotated,22,21,39,11.875
ideas__fgi_emit__plot_1001_annotated,23,22,155,45.125
ideas__fgi_emit__plot_1001_annotated,24,23,32,9.625
ideas__fgi_emit__plot_1001_annotated,25,24,52,16.375
ideas__fgi_emit__plot_1001_annotated,26,25,71,20.875
ideas__fgi_emit__plot_1001_annotated,27,26,26,7.625
ideas__fgi_emit__plot_1001_annotated,28,27,31,9.25
ideas__fgi_emit__plot_1001_annotated,29,28,110,31.75
ideas__fgi_emit__plot_1001_annotated,30,29,93,26.375
ideas__fgi_emit__plot_1001_annotated,31,30,33,9.0
ideas__fgi_emit__plot_1001_annotated,32,31,16,5.25
ideas__fgi_emit__plot_1001_annotated,33,32,16,4.5
ideas__fgi_emit__plot_1001_annotated,34,33,149,41.75
ideas__fgi_emit__plot_1001_annotated,35,34,23,6.5
ideas__fgi_emit__plot_1001_annotated,36,35,76,21.625
ideas__fgi_emit__plot_1001_annotated,37,36,25,7.125
ideas__fgi_emit__plot_1001_annotated,38,37,44,13.0
ideas__fgi_emit__plot_1001_annotated,39,38,62,19.0
ideas__fgi_emit__plot_1001_annotated,40,39,42,12.625
ideas__fgi_emit__plot_1001_annotated,41,40,47,13.375
ideas__fgi_emit__plot_1001_annotated,42,41,52,14.75
ideas__fgi_emit__plot_1001_annotated,43,42,43,12.625
ideas__fgi_emit__plot_1001_annotated,44,43,79,21.5
ideas__fgi_emit__plot_1001_annotated,45,44,37,10.5
ideas__fgi_emit__plot_1001_annotated,46,45,75,23.125
ideas__fgi_emit__plot_1001_annotated,47,46,116,33.75
ideas__fgi_emit__plot_1001_annotated,48,47,35,10.25
ideas__fgi_emit__plot_1001_annotated,49,48,65,17.625
ideas__fgi_emit__plot_1001_annotated,50,49,70,19.5
ideas__fgi_emit__plot_1001_annotated,51,50,82,25.125
ideas__fgi_emit__plot_1001_annotated,52,51,49,14.0
ideas__fgi_emit__plot_1001_annotated,53,52,29,8.875
ideas__fgi_emit__plot_1001_annotated,54,53,115,33.625
ideas__fgi_emit__plot_1001_annotated,55,54,19,5.625
ideas__fgi_emit__plot_1001_annotated,56,55,36,9.625
ideas__fgi_emit__plot_1001_annotated,57,56,42,12.75
ideas__fgi_emit__plot_1001_annotated,58,57,18,5.375
ideas__fgi_emit__plot_1001_annotated,59,58,25,7.875
ideas__fgi_emit__plot_1001_annotated,60,59,110,31.375
ideas__fgi_emit__plot_1001_annotated,61,60,94,26.125
ideas__fgi_emit__plot_1001_annotated,62,61,18,5.625
ideas__fgi_emit__plot_1001_annotated,63,62,13,4.75
ideas__fgi_emit__plot_1001_annotated,64,63,23,6.5
ideas__fgi_emit__plot_1001_annotated,65,64,40,12.5
ideas__fgi_emit__plot_1001_annotated,66,65,85,27.375
ideas__fgi_emit__plot_1001_annotated,67,66,62,16.875
ideas__fgi_emit__plot_1001_annotated,68,67,27,7.875
ideas__fgi_emit__plot_1001_annotated,69,68,49,14.0
ideas__fgi_emit__plot_1001_annotated,70,69,16,4.75
ideas__fgi_emit__plot_1001_annotated,71,70,50,15.75
ideas__fgi_emit__plot_1001_annotated,72,71,60,17.125
ideas__fgi_emit__plot_1001_annotated,73,72,16,4.75
ideas__fgi_emit__plot_1001_annotated,74,73,35,10.625
ideas__fgi_emit__plot_1001_annotated,75,74,303,99.375
ideas__fgi_emit__plot_1001_annotated,76,75,73,21.5
ideas__fgi_emit__plot_1001_annotated,77,76,35,11.0
ideas__fgi_emit__plot_1001_annotated,78,77,209,58.125
ideas__fgi_emit__plot_1001_annotated,79,78,34,9.75
ideas__fgi_emit__plot_1001_annotated,80,79,49,15.375
ideas__fgi_emit__plot_1001_annotated,81,80,39,10.75
ideas__fgi_emit__plot_1001_annotated,82,81,64,18.75
ideas__fgi_emit__plot_1001_annotated,83,82,26,8.25
ideas__fgi_emit__plot_1001_annotated,84,83,21,6.375
ideas__fgi_emit__plot_1001_annotated,85,84,13,3.625
ideas__fgi_emit__plot_1001_annotated,86,85,86,24.75
ideas__fgi_emit__plot_1001_annotated,87,86,144,40.875
ideas__fgi_emit__plot_1001_annotated,88,87,46,13.625
ideas__fgi_emit__plot_1001_annotated,89,88,70,20.375
ideas__fgi_emit__plot_1001_annotated,90,89,43,14.125
ideas__fgi_emit__plot_1001_annotated,91,90,25,9.0
ideas__fgi_emit__plot_1001_annotated,92,91,85,23.0
ideas__fgi_emit__plot_1001_annotated,93,92,77,22.875
ideas__fgi_emit__plot_1001_annotated,94,93,31,9.125
ideas__fgi_emit__plot_1001_annotated,95,94,16,5.0
ideas__fgi_emit__plot_1001_annotated,96,95,11,2.875
ideas__fgi_emit__plot_1001_annotated,97,96,126,34.875
ideas__fgi_emit__plot_1001_annotated,98,97,52,15.125
ideas__fgi_emit__plot_1001_annotated,99,98,83,22.125
ideas__fgi_emit__plot_1001_annotated,100,99,86,24.0
ideas__fgi_emit__plot_1001_annotated,101,100,43,13.125
ideas__fgi_emit__plot_1001_annotated,102,101,41,12.875
ideas__fgi_emit__plot_1001_annotated,103,102,25,7.375
ideas__fgi_emit__plot_1001_annotated,104,103,105,30.25
ideas__fgi_emit__plot_1001_annotated,105,104,43,12.875
ideas__fgi_emit__plot_1001_annotated,106,105,50,13.875
ideas__fgi_emit__plot_1001_annotated,107,106,128,35.875
ideas__fgi_emit__plot_1001_annotated,108,107,72,21.0
ideas__fgi_emit__plot_1001_annotated,109,108,119,33.75
ideas__fgi_emit__plot_1001_annotated,110,109,32,9.0
ideas__fgi_emit__plot_1001_annotated,111,110,107,31.375
ideas__fgi_emit__plot_1001_annotated,112,111,223,62.5
ideas__fgi_emit__plot_1001_annotated,113,112,64,18.75
ideas__fgi_emit__plot_1001_annotated,114,113,119,34.125
ideas__fgi_emit__plot_1001_annotated,115,114,40,11.75
ideas__fgi_emit__plot_1001_annotated,116,115,369,104.0
ideas__fgi_emit__plot_1001_annotated,117,116,30,8.125
ideas__fgi_emit__plot_1001_annotated,118,117,193,54.75
ideas__fgi_emit__plot_1001_annotated,119,118,46,12.75
ideas__fgi_emit__plot_1001_annotated,120,119,34,10.0
ideas__fgi_emit__plot_1001_annotated,121,120,75,22.125
ideas__fgi_emit__plot_1001_annotated,122,121,20,5.5
ideas__fgi_emit__plot_1001_annotated,123,122,78,23.375
ideas__fgi_emit__plot_1001_annotated,124,123,16,5.375
ideas__fgi_emit__plot_1001_annotated,125,124,116,35.375
ideas__fgi_emit__plot_1001_annotated,126,125,24,6.875
ideas__fgi_emit__plot_1001_annotated,127,126,91,26.0
ideas__fgi_emit__plot_1001_annotated,128,127,229,68.75
ideas__fgi_emit__plot_1001_annotated,129,128,160,42.375
ideas__fgi_emit__plot_1001_annotated,130,129,76,23.25
ideas__fgi_emit__plot_1001_annotated,131,130,46,13.125
ideas__fgi_emit__plot_1001_annotated,132,131,88,26.0
ideas__fgi_emit__plot_1001_annotated,133,132,94,28.625
ideas__fgi_emit__plot_1003_annotated,1,0,168,51.125
ideas__fgi_emit__plot_1003_annotated,2,1,199,56.625
ideas__fgi_emit__plot_1003_annotated,3,2,174,52.625
ideas__fgi_emit__plot_1003_annotated,4,3,206,58.125
ideas__fgi_emit__plot_1003_annotated,5,4,244,68.125
ideas__fgi_emit__plot_1003_annotated,6,5,166,49.375
ideas__fgi_emit__plot_1003_annotated,7,6,120,34.875
ideas__fgi_emit__plot_1003_annotated,8,7,128,36.625
ideas__fgi_emit__plot_1003_annotated,9,8,185,59.375
ideas__fgi_emit__plot_1003_annotated,10,9,82,23.625
ideas__fgi_emit__plot_1003_annotated,11,10,127,37.5
ideas__fgi_emit__plot_1003_annotated,12,11,21,7.0
ideas__fgi_emit__plot_1003_annotated,13,12,157,43.625
ideas__fgi_emit__plot_1003_annotated,14,13,110,31.25
ideas__fgi_emit__plot_1003_annotated,15,14,23,7.375
ideas__fgi_emit__plot_1003_annotated,16,15,141,41.25
ideas__fgi_emit__plot_1003_annotated,17,16,164,50.25
ideas__fgi_emit__plot_1003_annotated,18,17,160,45.25
ideas__fgi_emit__plot_1003_annotated,19,18,247,77.5
ideas__fgi_emit__plot_1003_annotated,20,19,317,92.875
ideas__fgi_emit__plot_1003_annotated,21,20,96,34.0
ideas__fgi_emit__plot_1003_annotated,22,21,95,26.0
ideas__fgi_emit__plot_1003_annotated,23,22,309,101.625
ideas__fgi_emit__plot_1003_annotated,24,23,83,25.125
ideas__fgi_emit__plot_1003_annotated,25,24,171,49.125
ideas__fgi_emit__plot_1003_annotated,26,25,116,33.375
ideas__fgi_emit__plot_1003_annotated,27,26,277,79.125
ideas__fgi_emit__plot_1003_annotated,28,27,97,29.375
ideas__fgi_emit__plot_1003_annotated,29,28,58,17.375
ideas__fgi_emit__plot_1003_annotated,30,29,57,16.125
ideas__fgi_emit__plot_1003_annotated,31,30,229,73.625
ideas__fgi_emit__plot_1003_annotated,32,31,97,28.125
ideas__fgi_emit__plot_1003_annotated,33,32,75,22.375
ideas__fgi_emit__plot_1003_annotated,34,33,209,59.625
ideas__fgi_emit__plot_1003_annotated,35,34,93,27.25
ideas__fgi_emit__plot_1003_annotated,36,35,242,69.5
ideas__fgi_emit__plot_1003_annotated,37,36,101,29.25
ideas__fgi_emit__plot_1003_annotated,38,37,194,60.5
ideas__fgi_emit__plot_1003_annotated,39,38,142,42.0
ideas__fgi_emit__plot_1003_annotated,40,39,131,38.875
ideas__fgi_emit__plot_1003_annotated,41,40,226,62.25
ideas__fgi_emit__plot_1003_annotated,42,41,90,26.75
ideas__fgi_emit__plot_1003_annotated,43,42,73,22.5
ideas__fgi_emit__plot_1003_annotated,44,43,48,14.75
ideas__fgi_emit__plot_1003_annotated,45,44,72,22.5
ideas__fgi_emit__plot_1003_annotated,46,45,212,69.25
ideas__fgi_emit__plot_1003_annotated,47,46,271,81.375
ideas__fgi_emit__plot_1003_annotated,48,47,106,35.25
ideas__fgi_emit__plot_1003_annotated,49,48,43,12.0
ideas__fgi_emit__plot_1003_annotated,50,49,13,4.125
ideas__fgi_emit__plot_1003_annotated,51,50,95,26.0
ideas__fgi_emit__plot_1003_annotated,52,51,202,60.375
ideas__fgi_emit__plot_1003_annotated,53,52,93,25.375
ideas__fgi_emit__plot_1003_annotated,54,53,265,85.25
ideas__fgi_emit__plot_1005_annotated,1,0,12,3.375
ideas__fgi_emit__plot_1005_annotated,2,1,27,7.625
ideas__fgi_emit__plot_1005_annotated,3,2,15,4.25
ideas__fgi_emit__plot_1005_annotated,4,3,19,5.5
ideas__fgi_emit__plot_1005_annotated,5,4,13,4.0
ideas__fgi_emit__plot_1005_annotated,6,5,14,4.25
ideas__fgi_emit__plot_1005_annotated,7,6,48,13.75
ideas__fgi_emit__plot_1005_annotated,8,7,174,50.375
ideas__fgi_emit__plot_1005_annotated,9,8,65,19.0
ideas__fgi_emit__plot_1005_annotated,10,9,50,14.75
ideas__fgi_emit__plot_1005_annotated,11,10,19,5.375
ideas__fgi_emit__plot_1005_annotated,12,11,115,33.375
ideas__fgi_emit__plot_1005_annotated,13,12,9,2.25
ideas__fgi_emit__plot_1005_annotated,14,13,35,10.375
ideas__fgi_emit__plot_1005_annotated,15,14,37,11.75
ideas__fgi_emit__plot_1005_annotated,16,15,34,9.375
ideas__fgi_emit__plot_1005_annotated,17,16,96,27.5
ideas__fgi_emit__plot_1005_annotated,18,17,133,39.5
ideas__fgi_emit__plot_1005_annotated,19,18,16,4.5
ideas__fgi_emit__plot_1005_annotated,20,19,31,8.875
ideas__fgi_emit__plot_1005_annotated,21,20,150,42.625
ideas__fgi_emit__plot_1005_annotated,22,21,124,35.5
ideas__fgi_emit__plot_1005_annotated,23,22,81,23.25
ideas__fgi_emit__plot_1005_annotated,24,23,18,4.75
ideas__fgi_emit__plot_1005_annotated,25,24,33,9.125
ideas__fgi_emit__plot_1005_annotated,26,25,11,2.875
ideas__fgi_emit__plot_1005_annotated,27,26,19,4.875
ideas__fgi_emit__plot_1005_annotated,28,27,22,6.375
ideas__fgi_emit__plot_1005_annotated,29,28,78,23.5
ideas__fgi_emit__plot_1005_annotated,30,29,25,8.375
ideas__fgi_emit__plot_1005_annotated,31,30,42,12.0
ideas__fgi_emit__plot_1005_annotated,32,31,71,21.625
ideas__fgi_emit__plot_1005_annotated,33,32,19,5.375
ideas__fgi_emit__plot_1005_annotated,34,33,19,5.5
ideas__fgi_emit__plot_1005_annotated,35,34,15,3.875
ideas__fgi_emit__plot_1005_annotated,36,35,30,8.625
ideas__fgi_emit__plot_1005_annotated,37,36,31,8.25
ideas__fgi_emit__plot_1005_annotated,38,37,19,4.875
ideas__fgi_emit__plot_1005_annotated,39,38,24,7.375
ideas__fgi_emit__plot_1005_annotated,40,39,90,25.625
ideas__fgi_emit__plot_1005_annotated,41,40,13,3.625
ideas__fgi_emit__plot_1005_annotated,42,41,64,17.75
ideas__fgi_emit__plot_1005_annotated,43,42,44,12.625
ideas__fgi_emit__plot_1005_annotated,44,43,83,24.25
ideas__fgi_emit__plot_1005_annotated,45,44,59,17.5
ideas__fgi_emit__plot_1005_annotated,46,45,190,53.875
ideas__fgi_emit__plot_1005_annotated,47,46,21,6.625
ideas__fgi_emit__plot_1005_annotated,48,47,115,32.5
ideas__fgi_emit__plot_1005_annotated,49,48,26,7.0
ideas__fgi_emit__plot_1005_annotated,50,49,87,24.75
ideas__fgi_emit__plot_1005_annotated,51,50,112,31.625
ideas__fgi_emit__plot_1005_annotated,52,51,79,23.0
ideas__fgi_emit__plot_1005_annotated,53,52,38,11.25
ideas__fgi_emit__plot_1005_annotated,54,53,17,4.625
ideas__fgi_emit__plot_1005_annotated,55,54,52,15.75
ideas__fgi_emit__plot_1005_annotated,56,55,11,3.375
ideas__fgi_emit__plot_1005_annotated,57,56,185,54.25
ideas__fgi_emit__plot_1005_annotated,58,57,43,12.125
ideas__fgi_emit__plot_1005_annotated,59,58,113,34.5
ideas__fgi_emit__plot_1005_annotated,60,59,24,7.125
ideas__fgi_emit__plot_1005_annotated,61,60,11,2.875
ideas__fgi_emit__plot_1005_annotated,62,61,26,7.0
ideas__fgi_emit__plot_1005_annotated,63,62,165,46.625
ideas__fgi_emit__plot_1005_annotated,64,63,63,17.25
ideas__fgi_emit__plot_1005_annotated,65,64,80,24.375
ideas__fgi_emit__plot_1005_annotated,66,65,53,16.0
ideas__fgi_emit__plot_1005_annotated,67,66,11,3.375
ideas__fgi_emit__plot_1005_annotated,68,67,26,7.125
ideas__fgi_emit__plot_1005_annotated,69,68,63,17.75
ideas__fgi_emit__plot_1005_annotated,70,69,30,8.875
ideas__fgi_emit__plot_1005_annotated,71,70,42,11.25
ideas__fgi_emit__plot_1005_annotated,72,71,90,25.625
ideas__fgi_emit__plot_1005_annotated,73,72,10,2.75
ideas__fgi_emit__plot_1005_annotated,74,73,24,7.0
ideas__fgi_emit__plot_1005_annotated,75,74,113,30.625
ideas__fgi_emit__plot_1005_annotated,76,75,61,18.5
ideas__fgi_emit__plot_1005_annotated,77,76,46,13.875
ideas__fgi_emit__plot_1005_annotated,78,77,16,4.5
ideas__fgi_emit__plot_1005_annotated,79,78,16,5.0
ideas__fgi_emit__plot_1005_annotated,80,79,75,22.75
ideas__fgi_emit__plot_1005_annotated,81,80,23,7.125
ideas__fgi_emit__plot_1005_annotated,82,81,48,13.625
ideas__fgi_emit__plot_1005_annotated,83,82,12,3.5
ideas__fgi_emit__plot_1005_annotated,84,83,96,29.625
ideas__fgi_emit__plot_1005_annotated,85,84,38,11.125
ideas__fgi_emit__plot_1005_annotated,86,85,28,8.375
ideas__fgi_emit__plot_1005_annotated,87,86,19,5.375
ideas__fgi_emit__plot_1009_annotated,1,0,279,79.625
ideas__fgi_emit__plot_1009_annotated,2,1,60,17.0
ideas__fgi_emit__plot_1009_annotated,3,2,35,9.75
ideas__fgi_emit__plot_1009_annotated,4,3,279,76.5
ideas__fgi_emit__plot_1009_annotated,5,4,25,6.875
ideas__fgi_emit__plot_1009_annotated,6,5,18,5.25
ideas__fgi_emit__plot_1009_annotated,7,6,35,10.5
ideas__fgi_emit__plot_1009_annotated,8,7,126,34.875
ideas__fgi_emit__plot_1009_annotated,9,8,586,161.625
ideas__fgi_emit__plot_1009_annotated,10,9,46,13.75
ideas__fgi_emit__plot_1009_annotated,11,10,216,63.125
ideas__fgi_emit__plot_1009_annotated,12,11,34,10.0
ideas__fgi_emit__plot_1009_annotated,13,12,84,23.5
ideas__fgi_emit__plot_1009_annotated,14,13,51,15.25
ideas__fgi_emit__plot_1009_annotated,15,14,126,35.0
ideas__fgi_emit__plot_1009_annotated,16,15,40,11.0
ideas__fgi_emit__plot_1009_annotated,17,16,32,10.125
ideas__fgi_emit__plot_1009_annotated,18,17,107,30.625
ideas__fgi_emit__plot_1009_annotated,19,18,82,24.375
ideas__fgi_emit__plot_1009_annotated,20,19,70,19.5
ideas__fgi_emit__plot_1009_annotated,21,20,144,40.375
ideas__fgi_emit__plot_1009_annotated,22,21,52,16.125
ideas__fgi_emit__plot_1009_annotated,23,22,60,16.875
ideas__fgi_emit__plot_1009_annotated,24,23,22,6.625
ideas__fgi_emit__plot_1009_annotated,25,24,110,31.625
ideas__fgi_emit__plot_1009_annotated,26,25,25,7.375
ideas__fgi_emit__plot_1009_annotated,27,26,59,17.25
ideas__fgi_emit__plot_1009_annotated,28,27,16,5.25
ideas__fgi_emit__plot_1009_annotated,29,28,41,12.25
ideas__fgi_emit__plot_1009_annotated,30,29,107,35.125
ideas__fgi_emit__plot_1009_annotated,31,30,40,11.875
ideas__fgi_emit__plot_1009_annotated,32,31,53,15.75
ideas__fgi_emit__plot_1009_annotated,33,32,26,7.625
ideas__fgi_emit__plot_1009_annotated,34,33,37,11.625
ideas__fgi_emit__plot_1009_annotated,35,34,46,13.125
ideas__fgi_emit__plot_1009_annotated,36,35,14,3.75
ideas__fgi_emit__plot_1009_annotated,37,36,128,37.25
ideas__fgi_emit__plot_1009_annotated,38,37,44,12.875
ideas__fgi_emit__plot_1009_annotated,39,38,37,10.375
ideas__fgi_emit__plot_1009_annotated,40,39,57,15.625
ideas__fgi_emit__plot_1009_annotated,41,40,101,29.875
ideas__fgi_emit__plot_1009_annotated,42,41,132,37.75
ideas__fgi_emit__plot_1009_annotated,43,42,132,37.25
ideas__fgi_emit__plot_1009_annotated,44,43,177,51.625
ideas__fgi_emit__plot_1009_annotated,45,44,88,25.875
ideas__fgi_emit__plot_1009_annotated,46,45,31,9.625
ideas__fgi_emit__plot_1009_annotated,47,46,15,3.875
ideas__fgi_emit__plot_1009_annotated,48,47,68,18.5
ideas__fgi_emit__plot_1009_annotated,49,48,53,14.875
ideas__fgi_emit__plot_1009_annotated,50,49,68,19.5
ideas__fgi_emit__plot_1009_annotated,51,50,115,32.625
ideas__fgi_emit__plot_1009_annotated,52,51,39,10.75
ideas__fgi_emit__plot_1009_annotated,53,52,26,7.5
ideas__fgi_emit__plot_1009_annotated,54,53,202,57.75
ideas__fgi_emit__plot_1009_annotated,55,54,59,16.75
ideas__fgi_emit__plot_1009_annotated,56,55,63,18.375
ideas__fgi_emit__plot_1009_annotated,57,56,161,46.375
ideas__fgi_emit__plot_1009_annotated,58,57,67,18.75
ideas__fgi_emit__plot_1009_annotated,59,58,88,24.625
ideas__fgi_emit__plot_1009_annotated,60,59,60,17.25
ideas__fgi_emit__plot_1009_annotated,61,60,38,11.75
ideas__fgi_emit__plot_1009_annotated,62,61,104,28.0
ideas__fgi_emit__plot_1009_annotated,63,62,11,2.875
ideas__fgi_emit__plot_1009_annotated,64,63,168,45.875
ideas__fgi_emit__plot_1009_annotated,65,64,40,11.0
ideas__fgi_emit__plot_1009_annotated,66,65,13,3.625
ideas__fgi_emit__plot_1009_annotated,67,66,82,23.25
ideas__fgi_emit__plot_1009_annotated,68,67,15,4.25
ideas__fgi_emit__plot_1009_annotated,69,68,46,12.75
ideas__fgi_emit__plot_1009_annotated,70,69,41,11.75
ideas__fgi_emit__plot_1009_annotated,71,70,64,18.125
ideas__fgi_emit__plot_1009_annotated,72,71,76,24.25
ideas__fgi_emit__plot_1009_annotated,73,72,136,39.0
ideas__fgi_emit__plot_1009_annotated,74,73,53,14.5
ideas__fgi_emit__plot_1009_annotated,75,74,130,38.25
ideas__fgi_emit__plot_1009_annotated,76,75,254,70.875
ideas__fgi_emit__plot_1009_annotated,77,76,20,6.75
ideas__fgi_emit__plot_1009_annotated,78,77,112,32.5
ideas__fgi_emit__plot_1009_annotated,79,78,91,26.875
ideas__fgi_emit__plot_1009_annotated,80,79,93,28.625
ideas__fgi_emit__plot_1009_annotated,81,80,35,11.625
ideas__fgi_emit__plot_1009_annotated,82,81,162,46.375
ideas__fgi_emit__plot_1009_annotated,83,82,82,22.125
ideas__fgi_emit__plot_1009_annotated,84,83,11,3.375
ideas__fgi_emit__plot_1009_annotated,85,84,102,30.125
ideas__fgi_emit__plot_1009_annotated,86,85,19,5.375
ideas__fgi_emit__plot_1009_annotated,87,86,77,21.75
ideas__fgi_emit__plot_1009_annotated,88,87,70,20.5
ideas__fgi_emit__plot_1009_annotated,89,88,20,6.0
ideas__fgi_emit__plot_1009_annotated,90,89,219,64.25
ideas__fgi_emit__plot_1009_annotated,91,90,90,25.625
ideas__fgi_emit__plot_1009_annotated,92,91,68,19.375
ideas__fgi_emit__plot_1009_annotated,93,92,46,12.875
ideas__fgi_emit__plot_1009_annotated,94,93,127,36.25
ideas__fgi_emit__plot_1009_annotated,95,94,32,10.0
ideas__fgi_emit__plot_1009_annotated,96,95,141,39.375
ideas__fgi_emit__plot_1009_annotated,97,96,17,5.125
ideas__fgi_emit__plot_1009_annotated,98,97,186,53.5
ideas__fgi_emit__plot_1009_annotated,99,98,19,6.5
ideas__fgi_emit__plot_1009_annotated,100,99,93,26.5
ideas__fgi_emit__plot_1009_annotated,101,100,31,8.5
ideas__fgi_emit__plot_1009_annotated,102,101,115,33.125
ideas__fgi_emit__plot_1009_annotated,103,102,25,6.75
ideas__fgi_emit__plot_1010_annotated,1,0,14,4.25
ideas__fgi_emit__plot_1010_annotated,2,1,8,2.5
ideas__fgi_emit__plot_1010_annotated,3,2,87,25.25
ideas__fgi_emit__plot_1010_annotated,4,3,21,6.375
ideas__fgi_emit__plot_1010_annotated,5,4,21,5.75
ideas__fgi_emit__plot_1010_annotated,6,5,53,15.125
ideas__fgi_emit__plot_1010_annotated,7,6,51,15.125
ideas__fgi_emit__plot_1010_annotated,8,7,68,20.25
ideas__fgi_emit__plot_1010_annotated,9,8,73,21.0
ideas__fgi_emit__plot_1010_annotated,10,9,14,4.25
ideas__fgi_emit__plot_1010_annotated,11,10,19,5.5
ideas__fgi_emit__plot_1010_annotated,12,11,13,3.625
ideas__fgi_emit__plot_1010_annotated,13,12,52,15.375
ideas__fgi_emit__plot_1010_annotated,14,13,107,30.25
ideas__fgi_emit__plot_1010_annotated,15,14,86,24.625
ideas__fgi_emit__plot_1010_annotated,16,15,86,26.375
ideas__fgi_emit__plot_1010_annotated,17,16,26,7.625
ideas__fgi_emit__plot_1010_annotated,18,17,26,7.625
ideas__fgi_emit__plot_1010_annotated,19,18,98,28.0
ideas__fgi_emit__plot_1010_annotated,20,19,8,2.125
ideas__fgi_emit__plot_1010_annotated,21,20,24,7.875
ideas__fgi_emit__plot_1010_annotated,22,21,35,9.875
ideas__fgi_emit__plot_1010_annotated,23,22,36,11.0
ideas__fgi_emit__plot_1010_annotated,24,23,21,6.125
ideas__fgi_emit__plot_1010_annotated,25,24,24,7.25
ideas__fgi_emit__plot_1010_annotated,26,25,26,8.625
ideas__fgi_emit__plot_1010_annotated,27,26,92,25.5
ideas__fgi_emit__plot_1010_annotated,28,27,25,7.75
ideas__fgi_emit__plot_1010_annotated,29,28,25,6.875
ideas__fgi_emit__plot_1010_annotated,30,29,19,5.5
ideas__fgi_emit__plot_1010_annotated,31,30,11,3.375
ideas__fgi_emit__plot_1010_annotated,32,31,28,8.125
ideas__fgi_emit__plot_1010_annotated,33,32,22,6.125
ideas__fgi_emit__plot_1010_annotated,34,33,14,4.25
ideas__fgi_emit__plot_1010_annotated,35,34,39,11.0
ideas__fgi_emit__plot_1010_annotated,36,35,195,57.625
ideas__fgi_emit__plot_1010_annotated,37,36,95,27.625
ideas__fgi_emit__plot_1010_annotated,38,37,17,5.625
ideas__fgi_emit__plot_1010_annotated,39,38,21,6.625
ideas__fgi_emit__plot_1010_annotated,40,39,43,12.0
ideas__fgi_emit__plot_1010_annotated,41,40,55,15.25
ideas__fgi_emit__plot_1010_annotated,42,41,44,13.625
ideas__fgi_emit__plot_1010_annotated,43,42,36,11.5
ideas__fgi_emit__plot_1010_annotated,44,43,27,7.75
ideas__fgi_emit__plot_1010_annotated,45,44,85,24.875
ideas__fgi_emit__plot_1010_annotated,46,45,78,22.125
ideas__fgi_emit__plot_1010_annotated,47,46,32,9.5
ideas__fgi_emit__plot_1010_annotated,48,47,16,5.375
ideas__fgi_emit__plot_1010_annotated,49,48,75,21.25
ideas__fgi_emit__plot_1010_annotated,50,49,84,27.0
ideas__fgi_emit__plot_1010_annotated,51,50,9,2.625
ideas__fgi_emit__plot_1010_annotated,52,51,64,17.75
ideas__fgi_emit__plot_1010_annotated,53,52,10,2.75
ideas__fgi_emit__plot_1010_annotated,54,53,84,26.25
ideas__fgi_emit__plot_1010_annotated,55,54,171,49.375
ideas__fgi_emit__plot_1010_annotated,56,55,16,4.625
ideas__fgi_emit__plot_1010_annotated,57,56,42,12.375
ideas__fgi_emit__plot_1010_annotated,58,57,55,16.375
ideas__fgi_emit__plot_1010_annotated,59,58,74,20.875
ideas__fgi_emit__plot_1010_annotated,60,59,11,3.375
ideas__fgi_emit__plot_1010_annotated,61,60,43,12.5
ideas__fgi_emit__plot_1010_annotated,62,61,32,9.0
ideas__fgi_emit__plot_1010_annotated,63,62,37,11.125
ideas__fgi_emit__plot_1010_annotated,64,63,39,11.5
ideas__fgi_emit__plot_1010_annotated,65,64,34,10.75
ideas__fgi_emit__plot_1010_annotated,66,65,13,3.625
ideas__fgi_emit__plot_1010_annotated,67,66,21,6.25
ideas__fgi_emit__plot_1010_annotated,68,67,20,6.25
ideas__fgi_emit__plot_1010_annotated,69,68,38,10.375
ideas__fgi_emit__plot_1010_annotated,70,69,55,16.125
ideas__fgi_emit__plot_1010_annotated,71,70,122,35.875
ideas__fgi_emit__plot_1010_annotated,72,71,16,5.0
ideas__fgi_emit__plot_1010_annotated,73,72,21,6.75
ideas__fgi_emit__plot_1010_annotated,74,73,30,9.125
ideas__fgi_emit__plot_1010_annotated,75,74,14,3.75
ideas__fgi_emit__plot_1010_annotated,76,75,16,5.125
ideas__fgi_emit__plot_1010_annotated,77,76,44,12.0
ideas__fgi_emit__plot_1010_annotated,78,77,131,38.375
ideas__fgi_emit__plot_1010_annotated,79,78,120,33.875
ideas__fgi_emit__plot_1010_annotated,80,79,20,5.5
ideas__fgi_emit__plot_1010_annotated,81,80,14,3.75
ideas__fgi_emit__plot_1010_annotated,82,81,6,1.875
ideas__fgi_emit__plot_1010_annotated,83,82,27,7.875
ideas__fgi_emit__plot_1010_annotated,84,83,8,2.125
ideas__fgi_emit__plot_1010_annotated,85,84,29,8.5
ideas__fgi_emit__plot_1010_annotated,86,85,42,12.875
ideas__fgi_emit__plot_1010_annotated,87,86,100,28.125
ideas__fgi_emit__plot_1010_annotated,88,87,125,37.375
ideas__fgi_emit__plot_1010_annotated,89,88,44,13.0
ideas__fgi_emit__plot_1010_annotated,90,89,13,3.625
ideas__fgi_emit__plot_1010_annotated,91,90,208,60.125
ideas__fgi_emit__plot_1010_annotated,92,91,9,2.625
ideas__fgi_emit__plot_1010_annotated,93,92,91,26.5
ideas__fgi_emit__plot_1010_annotated,94,93,28,9.875
ideas__fgi_emit__plot_1010_annotated,95,94,47,14.125
ideas__fgi_emit__plot_1010_annotated,96,95,29,8.25
ideas__fgi_emit__plot_1010_annotated,97,96,17,5.0
ideas__fgi_emit__plot_1010_annotated,98,97,17,5.0
ideas__fgi_emit__plot_1010_annotated,99,98,16,4.5
ideas__fgi_emit__plot_1010_annotated,100,99,24,6.625
ideas__fgi_emit__plot_1010_annotated,101,100,18,5.125
ideas__fgi_emit__plot_1010_annotated,102,101,63,18.0
ideas__fgi_emit__plot_1010_annotated,103,102,24,6.125
ideas__fgi_emit__plot_1010_annotated,104,103,26,7.75
ideas__fgi_emit__plot_1010_annotated,105,104,84,24.0
ideas__fgi_emit__plot_1010_annotated,106,105,88,24.5
ideas__fgi_emit__plot_1010_annotated,107,106,17,5.25
ideas__fgi_emit__plot_1010_annotated,108,107,16,4.5
ideas__fgi_emit__plot_1010_annotated,109,108,21,6.25
ideas__fgi_emit__plot_1010_annotated,110,109,60,16.875
ideas__fgi_emit__plot_1010_annotated,111,110,16,4.5
ideas__fgi_emit__plot_1010_annotated,112,111,100,28.375
ideas__fgi_emit__plot_1010_annotated,113,112,109,32.0
ideas__fgi_emit__plot_1010_annotated,114,113,23,6.625
ideas__fgi_emit__plot_1010_annotated,115,114,21,6.25
ideas__fgi_emit__plot_1010_annotated,116,115,45,14.25
ideas__fgi_emit__plot_1010_annotated,117,116,105,29.625
ideas__fgi_emit__plot_1010_annotated,118,117,187,53.25
ideas__fgi_emit__plot_1010_annotated,119,118,48,14.875
ideas__fgi_emit__plot_1010_annotated,120,119,22,5.875
ideas__fgi_emit__plot_1010_annotated,121,120,51,14.875
ideas__fgi_emit__plot_1010_annotated,122,121,17,5.125
ideas__fgi_emit__plot_1010_annotated,123,122,22,6.25
ideas__fgi_emit__plot_1010_annotated,124,123,13,3.625
ideas__fgi_emit__plot_1010_annotated,125,124,50,14.375
ideas__fgi_emit__plot_1010_annotated,126,125,52,14.375
ideas__fgi_emit__plot_1010_annotated,127,126,10,3.125
ideas__fgi_emit__plot_1010_annotated,128,127,80,21.625
ideas__fgi_emit__plot_1010_annotated,129,128,22,6.375
ideas__fgi_emit__plot_1010_annotated,130,129,8,2.125
ideas__fgi_emit__plot_1010_annotated,131,130,23,6.5
ideas__fgi_emit__plot_1010_annotated,132,131,49,14.75
ideas__fgi_emit__plot_1010_annotated,133,132,39,11.875
ideas__fgi_emit__plot_1010_annotated,134,133,36,11.125
ideas__fgi_emit__plot_1010_annotated,135,134,91,27.5
ideas__fgi_emit__plot_1010_annotated,136,135,11,3.375
ideas__fgi_emit__plot_1010_annotated,137,136,22,7.125
ideas__fgi_emit__plot_1010_annotated,138,137,87,24.375
ideas__fgi_emit__plot_1010_annotated,139,138,26,7.5
ideas__fgi_emit__plot_1010_annotated,140,139,34,9.5
ideas__fgi_emit__plot_1010_annotated,141,140,44,14.0
ideas__fgi_emit__plot_1010_annotated,142,141,23,6.625
ideas__fgi_emit__plot_1010_annotated,143,142,38,10.5
ideas__fgi_emit__plot_1010_annotated,144,143,20,5.625
ideas__fgi_emit__plot_1010_annotated,145,144,19,5.875
ideas__fgi_emit__plot_1010_annotated,146,145,189,52.75
ideas__fgi_emit__plot_1010_annotated,147,146,22,7.0
ideas__fgi_emit__plot_1010_annotated,148,147,14,4.25
ideas__fgi_emit__plot_1010_annotated,149,148,17,5.5
ideas__fgi_emit__plot_1010_annotated,150,149,38,11.625
ideas__fgi_emit__plot_1010_annotated,151,150,34,9.875
ideas__fgi_emit__plot_1010_annotated,152,151,24,7.0
ideas__fgi_emit__plot_1010_annotated,153,152,27,7.875
ideas__fgi_emit__plot_1010_annotated,154,153,32,9.5
ideas__fgi_emit__plot_1010_annotated,155,154,36,11.375
ideas__fgi_emit__plot_1013_annotated,1,0,214,61.5
ideas__fgi_emit__plot_1013_annotated,2,1,109,30.25
ideas__fgi_emit__plot_1013_annotated,3,2,72,21.0
ideas__fgi_emit__plot_1013_annotated,4,3,254,74.25
ideas__fgi_emit__plot_1013_annotated,5,4,201,57.0
ideas__fgi_emit__plot_1013_annotated,6,5,11,2.875
ideas__fgi_emit__plot_1013_annotated,7,6,102,27.875
ideas__fgi_emit__plot_1013_annotated,8,7,132,35.875
ideas__fgi_emit__plot_1013_annotated,9,8,177,50.375
ideas__fgi_emit__plot_1013_annotated,10,9,71,18.75
ideas__fgi_emit__plot_1013_annotated,11,10,278,77.375
ideas__fgi_emit__plot_1013_annotated,12,11,206,61.25
ideas__fgi_emit__plot_1013_annotated,13,12,211,59.625
ideas__fgi_emit__plot_1013_annotated,14,13,39,11.625
ideas__fgi_emit__plot_1013_annotated,15,14,18,5.25
ideas__fgi_emit__plot_1013_annotated,16,15,20,6.0
ideas__fgi_emit__plot_1013_annotated,17,16,114,32.25
ideas__fgi_emit__plot_1013_annotated,18,17,37,10.625
ideas__fgi_emit__plot_1013_annotated,19,18,205,55.375
ideas__fgi_emit__plot_1013_annotated,20,19,194,56.25
ideas__fgi_emit__plot_1013_annotated,21,20,139,40.125
ideas__fgi_emit__plot_1013_annotated,22,21,46,13.25
ideas__fgi_emit__plot_1013_annotated,23,22,640,176.5
ideas__fgi_emit__plot_1013_annotated,24,23,144,41.75
ideas__fgi_emit__plot_1013_annotated,25,24,71,20.625
ideas__fgi_emit__plot_1013_annotated,26,25,184,53.25
ideas__fgi_emit__plot_1013_annotated,27,26,126,36.875
ideas__fgi_emit__plot_1013_annotated,28,27,46,12.75
ideas__fgi_emit__plot_1019_annotated,1,0,108,30.125
ideas__fgi_emit__plot_1019_annotated,2,1,101,26.75
ideas__fgi_emit__plot_1019_annotated,3,2,71,20.25
ideas__fgi_emit__plot_1019_annotated,4,3,216,62.25
ideas__fgi_emit__plot_1019_annotated,5,4,185,52.875
ideas__fgi_emit__plot_1019_annotated,6,5,120,34.125
ideas__fgi_emit__plot_1019_annotated,7,6,230,63.375
ideas__fgi_emit__plot_1019_annotated,8,7,107,29.625
ideas__fgi_emit__plot_1020_annotated,1,0,46,13.75
ideas__fgi_emit__plot_1020_annotated,2,1,49,14.75
ideas__fgi_emit__plot_1020_annotated,3,2,44,14.875
ideas__fgi_emit__plot_1020_annotated,4,3,78,23.875
ideas__fgi_emit__plot_1020_annotated,5,4,93,25.75
ideas__fgi_emit__plot_1020_annotated,6,5,94,27.125
ideas__fgi_emit__plot_1020_annotated,7,6,184,51.0
ideas__fgi_emit__plot_1020_annotated,8,7,95,27.875
ideas__fgi_emit__plot_1020_annotated,9,8,234,64.75
ideas__fgi_emit__plot_1020_annotated,10,9,69,21.0
ideas__fgi_emit__plot_1020_annotated,11,10,67,19.0
ideas__fgi_emit__plot_1020_annotated,12,11,67,20.625
ideas__fgi_emit__plot_1020_annotated,13,12,26,7.375
ideas__fgi_emit__plot_1020_annotated,14,13,135,37.25
ideas__fgi_emit__plot_1020_annotated,15,14,48,14.375
ideas__fgi_emit__plot_1020_annotated,16,15,162,44.375
ideas__fgi_emit__plot_1020_annotated,17,16,100,31.875
ideas__fgi_emit__plot_1020_annotated,18,17,74,21.5
ideas__fgi_emit__plot_1020_annotated,19,18,101,31.875
ideas__fgi_emit__plot_1020_annotated,20,19,92,27.625
ideas__fgi_emit__plot_1020_annotated,21,20,32,9.0
ideas__fgi_emit__plot_1020_annotated,22,21,62,18.0
ideas__fgi_emit__plot_1020_annotated,23,22,29,8.125
ideas__fgi_emit__plot_1020_annotated,24,23,94,26.25
ideas__fgi_emit__plot_1020_annotated,25,24,84,24.75
ideas__fgi_emit__plot_1020_annotated,26,25,31,8.875
ideas__fgi_emit__plot_1020_annotated,27,26,32,9.5
ideas__fgi_emit__plot_1020_annotated,28,27,43,12.25
ideas__fgi_emit__plot_1020_annotated,29,28,90,25.125
ideas__fgi_emit__plot_1020_annotated,30,29,147,41.0
ideas__fgi_emit__plot_1020_annotated,31,30,60,19.5
ideas__fgi_emit__plot_1020_annotated,32,31,92,25.875
ideas__fgi_emit__plot_1020_annotated,33,32,145,40.125
ideas__fgi_emit__plot_1020_annotated,34,33,142,38.75
ideas__fgi_emit__plot_1020_annotated,35,34,46,13.875
ideas__fgi_emit__plot_1020_annotated,36,35,65,18.625
ideas__fgi_emit__plot_1020_annotated,37,36,71,22.125
ideas__fgi_emit__plot_1020_annotated,38,37,58,17.5
ideas__fgi_emit__plot_1020_annotated,39,38,307,88.375
ideas__fgi_emit__plot_1020_annotated,40,39,181,50.625
ideas__fgi_emit__plot_1020_annotated,41,40,86,26.0
ideas__fgi_emit__plot_1020_annotated,42,41,121,33.375
ideas__fgi_emit__plot_1020_annotated,43,42,303,90.0
ideas__fgi_emit__plot_1020_annotated,44,43,92,25.25
ideas__fgi_emit__plot_1020_annotated,45,44,70,21.75
ideas__fgi_emit__plot_1020_annotated,46,45,48,16.0
ideas__fgi_emit__plot_1020_annotated,47,46,138,38.25
ideas__fgi_emit__plot_1020_annotated,48,47,106,30.25
ideas__fgi_emit__plot_1020_annotated,49,48,93,27.25
ideas__fgi_emit__plot_1020_annotated,50,49,70,20.25
ideas__fgi_emit__plot_1020_annotated,51,50,68,18.875
ideas__fgi_emit__plot_1020_annotated,52,51,189,52.875
ideas__fgi_emit__plot_1020_annotated,53,52,65,21.25
ideas__fgi_emit__plot_1020_annotated,54,53,93,26.5
ideas__fgi_emit__plot_1020_annotated,55,54,53,17.5
ideas__fgi_emit__plot_1020_annotated,56,55,82,23.75
ideas__fgi_emit__plot_1020_annotated,57,56,119,32.875
ideas__fgi_emit__plot_1020_annotated,58,57,322,93.5
ideas__fgi_emit__plot_1020_annotated,59,58,202,59.75
ideas__fgi_emit__plot_1020_annotated,60,59,57,15.75
ideas__fgi_emit__plot_1020_annotated,61,60,49,16.0
ideas__fgi_emit__plot_1020_annotated,62,61,181,49.875
ideas__fgi_emit__plot_1022_annotated,1,0,26,7.5
ideas__fgi_emit__plot_1022_annotated,2,1,39,11.5
ideas__fgi_emit__plot_1022_annotated,3,2,22,6.875
ideas__fgi_emit__plot_1022_annotated,4,3,49,13.875
ideas__fgi_emit__plot_1022_annotated,5,4,30,9.25
ideas__fgi_emit__plot_1022_annotated,6,5,21,6.125
ideas__fgi_emit__plot_1022_annotated,7,6,15,4.75
ideas__fgi_emit__plot_1022_annotated,8,7,163,44.375
ideas__fgi_emit__plot_1022_annotated,9,8,87,24.25
ideas__fgi_emit__plot_1022_annotated,10,9,11,3.25
ideas__fgi_emit__plot_1022_annotated,11,10,13,3.5
ideas__fgi_emit__plot_1022_annotated,12,11,31,9.875
ideas__fgi_emit__plot_1022_annotated,13,12,50,14.125
ideas__fgi_emit__plot_1022_annotated,14,13,6,1.5
ideas__fgi_emit__plot_1022_annotated,15,14,38,12.75
ideas__fgi_emit__plot_1022_annotated,16,15,8,2.125
ideas__fgi_emit__plot_1022_annotated,17,16,27,8.25
ideas__fgi_emit__plot_1022_annotated,18,17,9,2.25
ideas__fgi_emit__plot_1022_annotated,19,18,8,2.125
ideas__fgi_emit__plot_1022_annotated,20,19,177,50.25
ideas__fgi_emit__plot_1022_annotated,21,20,13,3.625
ideas__fgi_emit__plot_1022_annotated,22,21,22,6.375
ideas__fgi_emit__plot_1022_annotated,23,22,22,6.375
ideas__fgi_emit__plot_1022_annotated,24,23,12,3.5
ideas__fgi_emit__plot_1022_annotated,25,24,37,10.25
ideas__fgi_emit__plot_1022_annotated,26,25,132,37.75
ideas__fgi_emit__plot_1022_annotated,27,26,50,14.625
ideas__fgi_emit__plot_1022_annotated,28,27,25,6.75
ideas__fgi_emit__plot_1022_annotated,29,28,6,1.875
ideas__fgi_emit__plot_1022_annotated,30,29,23,6.25
ideas__fgi_emit__plot_1022_annotated,31,30,8,2.125
ideas__fgi_emit__plot_1022_annotated,32,31,50,13.625
ideas__fgi_emit__plot_1022_annotated,33,32,87,26.75
ideas__fgi_emit__plot_1022_annotated,34,33,8,2.5
ideas__fgi_emit__plot_1022_annotated,35,34,24,7.375
ideas__fgi_emit__plot_1022_annotated,36,35,121,34.625
ideas__fgi_emit__plot_1022_annotated,37,36,31,8.875
ideas__fgi_emit__plot_1022_annotated,38,37,29,9.125
ideas__fgi_emit__plot_1022_annotated,39,38,25,7.375
ideas__fgi_emit__plot_1022_annotated,40,39,26,7.625
ideas__fgi_emit__plot_1022_annotated,41,40,12,3.375
ideas__fgi_emit__plot_1022_annotated,42,41,27,7.875
ideas__fgi_emit__plot_1022_annotated,43,42,24,7.125
ideas__fgi_emit__plot_1022_annotated,44,43,4,1.0
ideas__fgi_emit__plot_1022_annotated,45,44,11,3.375
ideas__fgi_emit__plot_1022_annotated,46,45,14,4.25
ideas__fgi_emit__plot_1022_annotated,47,46,236,65.875
ideas__fgi_emit__plot_1022_annotated,48,47,65,18.125
ideas__fgi_emit__plot_1022_annotated,49,48,16,4.5
ideas__fgi_emit__plot_1022_annotated,50,49,10,2.75
ideas__fgi_emit__plot_1022_annotated,51,50,6,1.875
ideas__fgi_emit__plot_1022_annotated,52,51,27,8.125
ideas__fgi_emit__plot_1022_annotated,53,52,59,19.25
ideas__fgi_emit__plot_1022_annotated,54,53,17,5.125
ideas__fgi_emit__plot_1022_annotated,55,54,18,5.25
ideas__fgi_emit__plot_1022_annotated,56,55,168,48.75
ideas__fgi_emit__plot_1022_annotated,57,56,25,7.375
ideas__fgi_emit__plot_1022_annotated,58,57,16,5.375
ideas__fgi_emit__plot_1022_annotated,59,58,147,43.125
ideas__fgi_emit__plot_1022_annotated,60,59,30,8.625
ideas__fgi_emit__plot_1022_annotated,61,60,9,2.625
ideas__fgi_emit__plot_1022_annotated,62,61,17,5.125
ideas__fgi_emit__plot_1022_annotated,63,62,105,29.5
ideas__fgi_emit__plot_1022_annotated,64,63,98,27.625
ideas__fgi_emit__plot_1022_annotated,65,64,8,2.0
ideas__fgi_emit__plot_1022_annotated,66,65,6,1.75
ideas__fgi_emit__plot_1022_annotated,67,66,11,2.875
ideas__fgi_emit__plot_1022_annotated,68,67,21,7.0
ideas__fgi_emit__plot_1022_annotated,69,68,10,3.0
ideas__fgi_emit__plot_1022_annotated,70,69,38,10.5
ideas__fgi_emit__plot_1022_annotated,71,70,45,12.75
ideas__fgi_emit__plot_1022_annotated,72,71,15,4.375
ideas__fgi_emit__plot_1022_annotated,73,72,18,5.375
ideas__fgi_emit__plot_1022_annotated,74,73,55,16.375
ideas__fgi_emit__plot_1022_annotated,75,74,12,3.0
ideas__fgi_emit__plot_1022_annotated,76,75,12,3.75
ideas__fgi_emit__plot_1022_annotated,77,76,18,5.5
ideas__fgi_emit__plot_1022_annotated,78,77,30,8.875
ideas__fgi_emit__plot_1022_annotated,79,78,45,13.625
ideas__fgi_emit__plot_1022_annotated,80,79,12,4.375
ideas__fgi_emit__plot_1022_annotated,81,80,18,5.125
ideas__fgi_emit__plot_1022_annotated,82,81,41,12.0
ideas__fgi_emit__plot_1022_annotated,83,82,94,26.125
ideas__fgi_emit__plot_1022_annotated,84,83,15,4.25
ideas__fgi_emit__plot_1022_annotated,85,84,31,8.875
ideas__fgi_emit__plot_1022_annotated,86,85,18,5.5
ideas__fgi_emit__plot_1022_annotated,87,86,17,5.125
ideas__fgi_emit__plot_1022_annotated,88,87,49,14.0
ideas__fgi_emit__plot_1022_annotated,89,88,28,8.5
ideas__fgi_emit__plot_1022_annotated,90,89,29,8.625
ideas__fgi_emit__plot_1022_annotated,91,90,25,7.875
ideas__fgi_emit__plot_1022_annotated,92,91,27,7.5
ideas__fgi_emit__plot_1022_annotated,93,92,105,32.375
ideas__fgi_emit__plot_1022_annotated,94,93,84,24.25
ideas__fgi_emit__plot_1022_annotated,95,94,10,2.75
ideas__fgi_emit__plot_1022_annotated,96,95,16,4.5
ideas__fgi_emit__plot_1022_annotated,97,96,20,5.5
ideas__fgi_emit__plot_1022_annotated,98,97,26,7.75
ideas__fgi_emit__plot_1022_annotated,99,98,12,3.5
ideas__fgi_emit__plot_1022_annotated,100,99,72,21.125
ideas__fgi_emit__plot_1022_annotated,101,100,10,2.75
ideas__fgi_emit__plot_1022_annotated,102,101,24,7.0
ideas__fgi_emit__plot_1022_annotated,103,102,22,6.75
ideas__fgi_emit__plot_1022_annotated,104,103,33,9.5
ideas__fgi_emit__plot_1022_annotated,105,104,13,3.5
ideas__fgi_emit__plot_1022_annotated,106,105,20,6.25
ideas__fgi_emit__plot_1022_annotated,107,106,30,9.0
ideas__fgi_emit__plot_1022_annotated,108,107,18,5.25
ideas__fgi_emit__plot_1022_annotated,109,108,12,3.5
ideas__fgi_emit__plot_1022_annotated,110,109,20,6.125
ideas__fgi_emit__plot_1022_annotated,111,110,39,11.625
ideas__fgi_emit__plot_1022_annotated,112,111,19,5.25
ideas__fgi_emit__plot_1022_annotated,113,112,93,25.125
ideas__fgi_emit__plot_1022_annotated,114,113,18,5.25
ideas__fgi_emit__plot_1022_annotated,115,114,17,5.625
ideas__fgi_emit__plot_1022_annotated,116,115,3,0.875
ideas__fgi_emit__plot_1022_annotated,117,116,14,4.375
ideas__fgi_emit__plot_1022_annotated,118,117,29,8.5
ideas__fgi_emit__plot_1022_annotated,119,118,18,5.375
ideas__fgi_emit__plot_1022_annotated,120,119,12,3.375
ideas__fgi_emit__plot_1022_annotated,121,120,16,4.875
ideas__fgi_emit__plot_1022_annotated,122,121,29,8.0
ideas__fgi_emit__plot_1022_annotated,123,122,8,2.5
ideas__fgi_emit__plot_1022_annotated,124,123,22,7.25
ideas__fgi_emit__plot_1022_annotated,125,124,15,4.375
ideas__fgi_emit__plot_1022_annotated,126,125,23,7.25
ideas__fgi_emit__plot_1022_annotated,127,126,17,5.25
ideas__fgi_emit__plot_1022_annotated,128,127,15,4.375
ideas__fgi_emit__plot_1022_annotated,129,128,81,24.125
ideas__fgi_emit__plot_1022_annotated,130,129,13,4.125
ideas__fgi_emit__plot_1022_annotated,131,130,18,5.25
ideas__fgi_emit__plot_1022_annotated,132,131,7,2.25
ideas__fgi_emit__plot_1022_annotated,133,132,13,3.625
ideas__fgi_emit__plot_1022_annotated,134,133,44,12.625
ideas__fgi_emit__plot_1022_annotated,135,134,18,6.0
ideas__fgi_emit__plot_1022_annotated,136,135,20,6.25
ideas__fgi_emit__plot_1022_annotated,137,136,71,20.375
ideas__fgi_emit__plot_1022_annotated,138,137,150,43.375
ideas__fgi_emit__plot_1022_annotated,139,138,5,1.375
ideas__fgi_emit__plot_1022_annotated,140,139,121,34.0
ideas__fgi_emit__plot_1022_annotated,141,140,23,6.5
ideas__fgi_emit__plot_1022_annotated,142,141,8,2.5
ideas__fgi_emit__plot_1022_annotated,143,142,33,9.75
ideas__fgi_emit__plot_1022_annotated,144,143,13,3.625
ideas__fgi_emit__plot_1022_annotated,145,144,43,13.5
ideas__fgi_emit__plot_1022_annotated,146,145,97,28.0
ideas__fgi_emit__plot_1022_annotated,147,146,11,3.375
ideas__fgi_emit__plot_1022_annotated,148,147,8,2.125
ideas__fgi_emit__plot_1022_annotated,149,148,11,3.375
ideas__fgi_emit__plot_1022_annotated,150,149,9,2.625
ideas__fgi_emit__plot_1022_annotated,151,150,12,3.0
ideas__fgi_emit__plot_1022_annotated,152,151,87,26.0
ideas__fgi_emit__plot_1022_annotated,153,152,12,3.875
ideas__fgi_emit__plot_1022_annotated,154,153,25,7.5
ideas__fgi_emit__plot_1022_annotated,155,154,5,1.375
ideas__fgi_emit__plot_1022_annotated,156,155,26,7.625
ideas__fgi_emit__plot_1022_annotated,157,156,17,4.625
ideas__fgi_emit__plot_1022_annotated,158,157,44,13.125
ideas__fgi_emit__plot_1022_annotated,159,158,97,28.875
ideas__fgi_emit__plot_1022_annotated,160,159,9,2.625
ideas__fgi_emit__plot_1022_annotated,161,160,21,5.75
ideas__fgi_emit__plot_1022_annotated,162,161,31,9.0
ideas__fgi_emit__plot_1022_annotated,163,162,10,2.75
ideas__fgi_emit__plot_1022_annotated,164,163,51,14.75
ideas__fgi_emit__plot_1022_annotated,165,164,16,4.5
ideas__fgi_emit__plot_1022_annotated,166,165,15,3.875
ideas__fgi_emit__plot_1022_annotated,167,166,21,5.625
ideas__fgi_emit__plot_1022_annotated,168,167,26,7.875
ideas__fgi_emit__plot_1022_annotated,169,168,32,10.125
ideas__fgi_emit__plot_1022_annotated,170,169,12,3.875
ideas__fgi_emit__plot_1022_annotated,171,170,13,3.625
ideas__fgi_emit__plot_1022_annotated,172,171,15,4.375
ideas__fgi_emit__plot_1022_annotated,173,172,90,26.0
ideas__fgi_emit__plot_1022_annotated,174,173,30,8.875
ideas__fgi_emit__plot_1022_annotated,175,174,10,2.75
ideas__fgi_emit__plot_1022_annotated,176,175,39,10.875
ideas__fgi_emit__plot_1022_annotated,177,176,30,9.125
ideas__fgi_emit__plot_1022_annotated,178,177,11,3.25
ideas__fgi_emit__plot_1022_annotated,179,178,68,20.875
ideas__fgi_emit__plot_1022_annotated,180,179,15,4.375
ideas__fgi_emit__plot_1022_annotated,181,180,27,7.625
ideas__fgi_emit__plot_1022_annotated,182,181,11,3.375
ideas__fgi_emit__plot_1022_annotated,183,182,15,4.5
ideas__fgi_emit__plot_1022_annotated,184,183,13,3.625
ideas__fgi_emit__plot_1022_annotated,185,184,13,3.625
ideas__fgi_emit__plot_1022_annotated,186,185,20,5.5
ideas__fgi_emit__plot_1022_annotated,187,186,12,3.375
ideas__fgi_emit__plot_1022_annotated,188,187,18,5.25
ideas__fgi_emit__plot_1022_annotated,189,188,5,1.375
ideas__fgi_emit__plot_1022_annotated,190,189,9,2.5
ideas__fgi_emit__plot_1022_annotated,191,190,14,4.75
ideas__fgi_emit__plot_1022_annotated,192,191,45,12.5
ideas__fgi_emit__plot_1022_annotated,193,192,39,11.625
ideas__fgi_emit__plot_1022_annotated,194,193,16,4.5
ideas__fgi_emit__plot_1022_annotated,195,194,15,4.25
ideas__fgi_emit__plot_1022_annotated,196,195,58,16.375
ideas__fgi_emit__plot_1022_annotated,197,196,16,5.25
ideas__fgi_emit__plot_1022_annotated,198,197,3,0.875
ideas__fgi_emit__plot_1022_annotated,199,198,10,3.125
ideas__fgi_emit__plot_1022_annotated,200,199,25,7.5
ideas__fgi_emit__plot_1022_annotated,201,200,27,7.75
ideas__fgi_emit__plot_1022_annotated,202,201,44,12.25
ideas__fgi_emit__plot_1022_annotated,203,202,12,3.5
ideas__fgi_emit__plot_1022_annotated,204,203,34,9.5
ideas__fgi_emit__plot_1022_annotated,205,204,15,4.375
ideas__fgi_emit__plot_1022_annotated,206,205,17,5.0
ideas__fgi_emit__plot_1022_annotated,207,206,32,10.375
ideas__fgi_emit__plot_1022_annotated,208,207,11,2.875
ideas__fgi_emit__plot_1022_annotated,209,208,70,19.375
ideas__fgi_emit__plot_1022_annotated,210,209,24,7.25
ideas__fgi_emit__plot_1022_annotated,211,210,30,8.625
ideas__fgi_emit__plot_1022_annotated,212,211,10,2.75
ideas__fgi_emit__plot_1022_annotated,213,212,14,4.375
ideas__fgi_emit__plot_1023_annotated,1,0,423,123.0
ideas__fgi_emit__plot_1023_annotated,2,1,140,40.5
ideas__fgi_emit__plot_1023_annotated,3,2,264,72.5
ideas__fgi_emit__plot_1023_annotated,4,3,103,31.0
ideas__fgi_emit__plot_1023_annotated,5,4,33,8.625
ideas__fgi_emit__plot_1023_annotated,6,5,18,5.375
ideas__fgi_emit__plot_1023_annotated,7,6,137,38.0
ideas__fgi_emit__plot_1023_annotated,8,7,56,16.0
ideas__fgi_emit__plot_1023_annotated,9,8,89,26.5
ideas__fgi_emit__plot_1023_annotated,10,9,24,7.125
ideas__fgi_emit__plot_1023_annotated,11,10,256,73.25
ideas__fgi_emit__plot_1023_annotated,12,11,109,32.375
ideas__fgi_emit__plot_1023_annotated,13,12,59,16.875
ideas__fgi_emit__plot_1023_annotated,14,13,142,39.625
ideas__fgi_emit__plot_1023_annotated,15,14,34,9.375
ideas__fgi_emit__plot_1023_annotated,16,15,115,34.0
ideas__fgi_emit__plot_1023_annotated,17,16,95,28.125
ideas__fgi_emit__plot_1023_annotated,18,17,383,107.875
ideas__fgi_emit__plot_1023_annotated,19,18,74,22.625
ideas__fgi_emit__plot_1023_annotated,20,19,76,21.625
ideas__fgi_emit__plot_1023_annotated,21,20,433,140.5
ideas__fgi_emit__plot_1023_annotated,22,21,12,3.5
ideas__fgi_emit__plot_1023_annotated,23,22,19,5.625
ideas__fgi_emit__plot_1023_annotated,24,23,81,22.75
ideas__fgi_emit__plot_1023_annotated,25,24,116,34.0
ideas__fgi_emit__plot_1023_annotated,26,25,54,15.25
ideas__fgi_emit__plot_1023_annotated,27,26,138,40.375
ideas__fgi_emit__plot_1023_annotated,28,27,51,14.625
ideas__fgi_emit__plot_1023_annotated,29,28,388,106.375
ideas__fgi_emit__plot_1023_annotated,30,29,116,34.375
ideas__fgi_emit__plot_1023_annotated,31,30,182,52.0
ideas__fgi_emit__plot_1023_annotated,32,31,132,36.875
ideas__fgi_emit__plot_1023_annotated,33,32,863,244.25
ideas__fgi_emit__plot_1023_annotated,34,33,633,181.625
ideas__fgi_emit__plot_1023_annotated,35,34,59,16.875
ideas__fgi_emit__plot_1023_annotated,36,35,228,64.75
ideas__fgi_emit__plot_1023_annotated,37,36,330,94.5
ideas__fgi_emit__plot_1023_annotated,38,37,41,11.75
ideas__fgi_emit__plot_1023_annotated,39,38,371,103.25
ideas__fgi_emit__plot_1023_annotated,40,39,49,13.25
ideas__fgi_emit__plot_1023_annotated,41,40,60,17.25
ideas__fgi_emit__plot_1023_annotated,42,41,44,11.625
ideas__fgi_emit__plot_1023_annotated,43,42,84,24.25
ideas__fgi_emit__plot_1023_annotated,44,43,197,54.0
ideas__fgi_emit__plot_1023_annotated,45,44,81,23.625
ideas__fgi_emit__plot_1023_annotated,46,45,171,47.75
ideas__fgi_emit__plot_1023_annotated,47,46,177,50.0
ideas__fgi_emit__plot_1023_annotated,48,47,57,16.25
ideas__fgi_emit__plot_1024_annotated,1,0,155,48.25
ideas__fgi_emit__plot_1024_annotated,2,1,134,40.0
ideas__fgi_emit__plot_1024_annotated,3,2,169,47.75
ideas__fgi_emit__plot_1024_annotated,4,3,299,85.125
ideas__fgi_emit__plot_1024_annotated,5,4,155,45.625
ideas__fgi_emit__plot_1024_annotated,6,5,171,48.0
ideas__fgi_emit__plot_1024_annotated,7,6,120,36.375
ideas__fgi_emit__plot_1024_annotated,8,7,139,39.5
ideas__fgi_emit__plot_1024_annotated,9,8,93,28.0
ideas__fgi_emit__plot_1024_annotated,10,9,61,18.0
ideas__fgi_emit__plot_1024_annotated,11,10,146,43.0
ideas__fgi_emit__plot_1024_annotated,12,11,109,33.625
ideas__fgi_emit__plot_1024_annotated,13,12,192,56.0
ideas__fgi_emit__plot_1024_annotated,14,13,193,53.25
ideas__fgi_emit__plot_1024_annotated,15,14,73,22.625
ideas__fgi_emit__plot_1024_annotated,16,15,87,26.25
ideas__fgi_emit__plot_1024_annotated,17,16,123,34.0
ideas__fgi_emit__plot_1024_annotated,18,17,192,54.875
ideas__fgi_emit__plot_1024_annotated,19,18,485,142.25
ideas__fgi_emit__plot_1024_annotated,20,19,117,34.0
ideas__fgi_emit__plot_1024_annotated,21,20,232,69.875
ideas__fgi_emit__plot_1024_annotated,22,21,163,49.375
ideas__fgi_emit__plot_1024_annotated,23,22,203,60.5
ideas__fgi_emit__plot_1024_annotated,24,23,184,54.25
ideas__fgi_emit__plot_1024_annotated,25,24,155,46.125
ideas__fgi_emit__plot_1024_annotated,26,25,214,62.5
ideas__fgi_emit__plot_1024_annotated,27,26,295,82.25
ideas__fgi_emit__plot_1024_annotated,28,27,10,3.25
ideas__fgi_emit__plot_1024_annotated,29,28,336,107.375
ideas__fgi_emit__plot_1024_annotated,30,29,184,53.5
ideas__fgi_emit__plot_1024_annotated,31,30,297,92.25
ideas__fgi_emit__plot_1024_annotated,32,31,233,76.125
ideas__fgi_emit__plot_1024_annotated,33,32,134,38.125
ideas__fgi_emit__plot_1024_annotated,34,33,218,62.25
ideas__fgi_emit__plot_1024_annotated,35,34,101,28.875
ideas__fgi_emit__plot_1024_annotated,36,35,28,7.875
ideas__fgi_emit__plot_1024_annotated,37,36,23,6.5
ideas__fgi_emit__plot_1024_annotated,38,37,181,53.0
ideas__fgi_emit__plot_1024_annotated,39,38,48,15.125
ideas__fgi_emit__plot_1024_annotated,40,39,263,72.75
ideas__fgi_emit__plot_1024_annotated,41,40,150,43.75
ideas__fgi_emit__plot_1024_annotated,42,41,263,77.375
ideas__fgi_emit__plot_1024_annotated,43,42,100,29.125
ideas__fgi_emit__plot_1024_annotated,44,43,34,11.375
ideas__fgi_emit__plot_1024_annotated,45,44,113,32.75
ideas__fgi_emit__plot_1024_annotated,46,45,38,11.125
ideas__fgi_emit__plot_1024_annotated,47,46,126,38.875
ideas__fgi_emit__plot_1024_annotated,48,47,420,132.375
ideas__fgi_emit__plot_1024_annotated,49,48,117,34.625
ideas__fgi_emit__plot_1024_annotated,50,49,14,4.125
ideas__fgi_emit__plot_1024_annotated,51,50,131,37.625
ideas__fgi_emit__plot_1024_annotated,52,51,148,42.875
ideas__fgi_emit__plot_1024_annotated,53,52,261,80.875
ideas__fgi_emit__plot_1024_annotated,54,53,378,117.25
ideas__fgi_emit__plot_1024_annotated,55,54,222,63.5
ideas__fgi_emit__plot_1024_annotated,56,55,109,32.25
ideas__fgi_emit__plot_1024_annotated,57,56,299,85.25
ideas__fgi_emit__plot_1024_annotated,58,57,222,63.125
ideas__fgi_emit__plot_1024_annotated,59,58,151,47.375
ideas__fgi_emit__plot_1024_annotated,60,59,88,26.625
ideas__fgi_emit__plot_1024_annotated,61,60,435,119.75
ideas__fgi_emit__plot_1024_annotated,62,61,158,50.5
ideas__fgi_emit__plot_1027_annotated,1,0,104,29.75
ideas__fgi_emit__plot_1027_annotated,2,1,128,36.875
ideas__fgi_emit__plot_1027_annotated,3,2,176,52.625
ideas__fgi_emit__plot_1027_annotated,4,3,18,5.125
ideas__fgi_emit__plot_1027_annotated,5,4,103,28.5
ideas__fgi_emit__plot_1027_annotated,6,5,19,5.25
ideas__fgi_emit__plot_1027_annotated,7,6,32,8.5
ideas__fgi_emit__plot_1027_annotated,8,7,154,43.25
ideas__fgi_emit__plot_1027_annotated,9,8,67,19.25
ideas__fgi_emit__plot_1027_annotated,10,9,90,26.5
ideas__fgi_emit__plot_1027_annotated,11,10,37,10.375
ideas__fgi_emit__plot_1027_annotated,12,11,32,9.625
ideas__fgi_emit__plot_1027_annotated,13,12,200,55.625
ideas__fgi_emit__plot_1027_annotated,14,13,14,4.0
ideas__fgi_emit__plot_1027_annotated,15,14,11,3.25
ideas__fgi_emit__plot_1027_annotated,16,15,90,24.875
ideas__fgi_emit__plot_1027_annotated,17,16,23,6.5
ideas__fgi_emit__plot_1027_annotated,18,17,34,10.0
ideas__fgi_emit__plot_1027_annotated,19,18,26,7.5
ideas__fgi_emit__plot_1027_annotated,20,19,31,9.5
ideas__fgi_emit__plot_1027_annotated,21,20,13,3.5
ideas__fgi_emit__plot_1027_annotated,22,21,119,34.0
ideas__fgi_emit__plot_1027_annotated,23,22,17,5.75
ideas__fgi_emit__plot_1027_annotated,24,23,246,70.125
ideas__fgi_emit__plot_1027_annotated,25,24,118,34.5
ideas__fgi_emit__plot_1027_annotated,26,25,30,8.0
ideas__fgi_emit__plot_1027_annotated,27,26,121,35.25
ideas__fgi_emit__plot_1027_annotated,28,27,27,8.25
ideas__fgi_emit__plot_1027_annotated,29,28,51,14.875
ideas__fgi_emit__plot_1027_annotated,30,29,40,11.5
ideas__fgi_emit__plot_1027_annotated,31,30,38,10.625
ideas__fgi_emit__plot_1027_annotated,32,31,46,12.75
ideas__fgi_emit__plot_1027_annotated,33,32,21,6.125
ideas__fgi_emit__plot_1027_annotated,34,33,21,5.75
ideas__fgi_emit__plot_1027_annotated,35,34,67,19.125
ideas__fgi_emit__plot_1027_annotated,36,35,15,4.75
ideas__fgi_emit__plot_1027_annotated,37,36,56,16.25
ideas__fgi_emit__plot_1027_annotated,38,37,11,3.375
ideas__fgi_emit__plot_1027_annotated,39,38,21,6.0
ideas__fgi_emit__plot_1027_annotated,40,39,29,8.25
ideas__fgi_emit__plot_1027_annotated,41,40,28,9.0
ideas__fgi_emit__plot_1027_annotated,42,41,136,37.5
ideas__fgi_emit__plot_1027_annotated,43,42,106,29.75
ideas__fgi_emit__plot_1027_annotated,44,43,20,5.625
ideas__fgi_emit__plot_1027_annotated,45,44,68,20.125
ideas__fgi_emit__plot_1027_annotated,46,45,165,47.125
ideas__fgi_emit__plot_1027_annotated,47,46,16,4.625
ideas__fgi_emit__plot_1027_annotated,48,47,11,3.375
ideas__fgi_emit__plot_1027_annotated,49,48,256,71.25
ideas__fgi_emit__plot_1027_annotated,50,49,195,55.75
ideas__fgi_emit__plot_1027_annotated,51,50,33,9.0
ideas__fgi_emit__plot_1027_annotated,52,51,138,37.5
ideas__fgi_emit__plot_1027_annotated,53,52,126,36.375
ideas__fgi_emit__plot_1027_annotated,54,53,16,4.5
ideas__fgi_emit__plot_1027_annotated,55,54,52,15.625
ideas__fgi_emit__plot_1027_annotated,56,55,25,7.5
ideas__fgi_emit__plot_1027_annotated,57,56,140,40.875
ideas__fgi_emit__plot_1027_annotated,58,57,18,5.25
ideas__fgi_emit__plot_1027_annotated,59,58,83,25.125
ideas__fgi_emit__plot_1027_annotated,60,59,109,31.25
ideas__fgi_emit__plot_1027_annotated,61,60,204,56.5
ideas__fgi_emit__plot_1027_annotated,62,61,101,28.75
ideas__fgi_emit__plot_1027_annotated,63,62,82,23.125
ideas__fgi_emit__plot_1027_annotated,64,63,11,3.0
ideas__fgi_emit__plot_1027_annotated,65,64,11,2.875
ideas__fgi_emit__plot_1027_annotated,66,65,30,8.625
ideas__fgi_emit__plot_1027_annotated,67,66,44,13.125
ideas__fgi_emit__plot_1027_annotated,68,67,39,11.375
ideas__fgi_emit__plot_1027_annotated,69,68,54,14.5
ideas__fgi_emit__plot_1027_annotated,70,69,40,11.625
ideas__fgi_emit__plot_1027_annotated,71,70,24,7.75
ideas__fgi_emit__plot_1027_annotated,72,71,33,9.125
ideas__fgi_emit__plot_1027_annotated,73,72,82,22.875
ideas__fgi_emit__plot_1027_annotated,74,73,32,9.25
ideas__fgi_emit__plot_1027_annotated,75,74,105,29.125
ideas__fgi_emit__plot_1027_annotated,76,75,112,31.625
ideas__fgi_emit__plot_1027_annotated,77,76,112,31.375
ideas__fgi_emit__plot_1027_annotated,78,77,23,6.5
ideas__fgi_emit__plot_1027_annotated,79,78,36,10.125
ideas__fgi_emit__plot_1027_annotated,80,79,53,15.25
ideas__fgi_emit__plot_1027_annotated,81,80,136,38.75
ideas__fgi_emit__plot_1027_annotated,82,81,12,3.0
ideas__fgi_emit__plot_1027_annotated,83,82,9,2.375
ideas__fgi_emit__plot_1027_annotated,84,83,166,52.75
ideas__fgi_emit__plot_1027_annotated,85,84,74,21.5
ideas__fgi_emit__plot_1027_annotated,86,85,187,51.625
ideas__fgi_emit__plot_1027_annotated,87,86,21,5.75
ideas__fgi_emit__plot_1027_annotated,88,87,14,4.25
ideas__fgi_emit__plot_1027_annotated,89,88,86,23.25
ideas__fgi_emit__plot_1027_annotated,90,89,99,27.5
ideas__fgi_emit__plot_1027_annotated,91,90,46,12.625
ideas__fgi_emit__plot_1027_annotated,92,91,14,4.125
ideas__fgi_emit__plot_1027_annotated,93,92,132,38.375
ideas__fgi_emit__plot_1027_annotated,94,93,84,25.125
ideas__fgi_emit__plot_1027_annotated,95,94,113,31.5
ideas__fgi_emit__plot_1027_annotated,96,95,26,7.625
ideas__fgi_emit__plot_1031_annotated,1,0,177,50.625
ideas__fgi_emit__plot_1031_annotated,2,1,103,29.375
ideas__fgi_emit__plot_1031_annotated,3,2,17,4.625
ideas__fgi_emit__plot_1031_annotated,4,3,33,9.875
ideas__fgi_emit__plot_1031_annotated,5,4,227,63.5
ideas__fgi_emit__plot_1031_annotated,6,5,170,51.75
ideas__fgi_emit__plot_1031_annotated,7,6,46,13.125
ideas__fgi_emit__plot_1031_annotated,8,7,49,16.25
ideas__fgi_emit__plot_1031_annotated,9,8,261,73.875
ideas__fgi_emit__plot_1031_annotated,10,9,106,30.25
ideas__fgi_emit__plot_1031_annotated,11,10,50,15.0
ideas__fgi_emit__plot_1031_annotated,12,11,238,67.0
ideas__fgi_emit__plot_1031_annotated,13,12,55,15.375
ideas__fgi_emit__plot_1031_annotated,14,13,363,101.875
ideas__fgi_emit__plot_1031_annotated,15,14,220,62.875
ideas__fgi_emit__plot_1031_annotated,16,15,184,54.25
ideas__fgi_emit__plot_1031_annotated,17,16,111,32.375
ideas__fgi_emit__plot_1031_annotated,18,17,26,7.0
ideas__fgi_emit__plot_1031_annotated,19,18,201,56.875
ideas__fgi_emit__plot_1031_annotated,20,19,175,49.75
ideas__fgi_emit__plot_1031_annotated,21,20,247,68.875
ideas__fgi_emit__plot_1031_annotated,22,21,166,46.375
ideas__fgi_emit__plot_1031_annotated,23,22,207,61.375
ideas__fgi_emit__plot_1031_annotated,24,23,92,27.375
ideas__fgi_emit__plot_1031_annotated,25,24,68,19.625
ideas__fgi_emit__plot_1031_annotated,26,25,71,20.25
ideas__fgi_emit__plot_1031_annotated,27,26,209,57.5
ideas__fgi_emit__plot_1031_annotated,28,27,53,14.875
ideas__fgi_emit__plot_1031_annotated,29,28,142,39.625
ideas__fgi_emit__plot_1031_annotated,30,29,123,34.0
ideas__fgi_emit__plot_1031_annotated,31,30,65,19.375
ideas__fgi_emit__plot_1031_annotated,32,31,147,44.5
ideas__fgi_emit__plot_1031_annotated,33,32,381,104.875
ideas__fgi_emit__plot_1031_annotated,34,33,31,9.375
ideas__fgi_emit__plot_1031_annotated,35,34,22,6.25
ideas__fgi_emit__plot_1031_annotated,36,35,30,8.75
ideas__fgi_emit__plot_1031_annotated,37,36,200,56.25
ideas__fgi_emit__plot_1031_annotated,38,37,49,14.375
ideas__fgi_emit__plot_1031_annotated,39,38,25,7.125
ideas__fgi_emit__plot_1031_annotated,40,39,87,25.5
ideas__fgi_emit__plot_1031_annotated,41,40,312,88.25
ideas__fgi_emit__plot_1031_annotated,42,41,33,9.625
ideas__fgi_emit__plot_1031_annotated,43,42,19,5.875
ideas__fgi_emit__plot_1031_annotated,44,43,13,3.625
ideas__fgi_emit__plot_1031_annotated,45,44,37,10.625
ideas__fgi_emit__plot_1031_annotated,46,45,19,5.625
ideas__fgi_emit__plot_1031_annotated,47,46,22,6.5
ideas__fgi_emit__plot_1031_annotated,48,47,208,56.375
ideas__fgi_emit__plot_1031_annotated,49,48,51,14.125
ideas__idtrees__plot_train_MLBS_10_annotated,23,0,65,17.75
ideas__idtrees__plot_train_MLBS_10_annotated,24,1,300,85.125
ideas__idtrees__plot_train_MLBS_10_annotated,25,2,85,23.875
ideas__idtrees__plot_train_MLBS_10_annotated,26,3,4,1.0
ideas__idtrees__plot_train_MLBS_10_annotated,27,4,383,112.75
ideas__idtrees__plot_train_MLBS_10_annotated,28,5,49,19.625
ideas__idtrees__plot_train_MLBS_10_annotated,29,6,42,11.25
ideas__idtrees__plot_train_MLBS_10_annotated,30,7,90,27.5
ideas__idtrees__plot_train_MLBS_10_annotated,31,8,223,69.0
ideas__idtrees__plot_train_MLBS_10_annotated,32,9,56,14.625
ideas__idtrees__plot_train_MLBS_10_annotated,33,10,203,61.25
ideas__idtrees__plot_train_MLBS_11_annotated,35,0,258,66.375
ideas__idtrees__plot_train_MLBS_11_annotated,36,1,30,8.25
ideas__idtrees__plot_train_MLBS_11_annotated,37,2,99,25.75
ideas__idtrees__plot_train_MLBS_11_annotated,38,3,203,52.375
ideas__idtrees__plot_train_MLBS_11_annotated,39,4,96,34.75
ideas__idtrees__plot_train_MLBS_11_annotated,40,5,126,33.875
ideas__idtrees__plot_train_MLBS_11_annotated,41,6,52,21.625
ideas__idtrees__plot_train_MLBS_11_annotated,42,7,77,19.875
ideas__idtrees__plot_train_MLBS_11_annotated,43,8,107,34.5
ideas__idtrees__plot_train_MLBS_11_annotated,44,9,48,14.625
ideas__idtrees__plot_train_MLBS_11_annotated,45,10,43,11.75
ideas__idtrees__plot_train_MLBS_11_annotated,46,11,73,20.5
ideas__idtrees__plot_train_MLBS_11_annotated,47,12,38,10.375
ideas__idtrees__plot_train_MLBS_11_annotated,48,13,52,14.875
ideas__idtrees__plot_train_MLBS_11_annotated,49,14,84,24.375
ideas__idtrees__plot_train_MLBS_11_annotated,50,15,50,19.125
ideas__idtrees__plot_train_MLBS_12_annotated,51,0,115,32.25
ideas__idtrees__plot_train_MLBS_12_annotated,52,1,142,37.375
ideas__idtrees__plot_train_MLBS_12_annotated,53,2,121,32.75
ideas__idtrees__plot_train_MLBS_12_annotated,54,3,88,24.0
ideas__idtrees__plot_train_MLBS_12_annotated,55,4,122,35.125
ideas__idtrees__plot_train_MLBS_12_annotated,56,5,219,58.375
ideas__idtrees__plot_train_MLBS_12_annotated,57,6,160,43.5
ideas__idtrees__plot_train_MLBS_12_annotated,58,7,54,13.875
ideas__idtrees__plot_train_MLBS_12_annotated,59,8,247,67.875
ideas__idtrees__plot_train_MLBS_12_annotated,60,9,92,25.0
ideas__idtrees__plot_train_MLBS_12_annotated,61,10,22,5.75
ideas__idtrees__plot_train_MLBS_12_annotated,62,11,61,20.75
ideas__idtrees__plot_train_MLBS_13_annotated,63,0,192,51.25
ideas__idtrees__plot_train_MLBS_13_annotated,64,1,6,2.0
ideas__idtrees__plot_train_MLBS_13_annotated,65,2,59,15.0
ideas__idtrees__plot_train_MLBS_13_annotated,66,3,118,33.375
ideas__idtrees__plot_train_MLBS_13_annotated,67,4,67,19.25
ideas__idtrees__plot_train_MLBS_13_annotated,68,5,17,5.625
ideas__idtrees__plot_train_MLBS_13_annotated,69,6,213,60.25
ideas__idtrees__plot_train_MLBS_13_annotated,70,7,35,10.5
ideas__idtrees__plot_train_MLBS_13_annotated,71,8,158,43.75
ideas__idtrees__plot_train_MLBS_13_annotated,72,9,85,27.5
ideas__idtrees__plot_train_MLBS_13_annotated,73,10,126,35.5
ideas__idtrees__plot_train_MLBS_13_annotated,74,11,88,24.5
ideas__idtrees__plot_train_MLBS_13_annotated,75,12,44,15.5
ideas__idtrees__plot_train_MLBS_13_annotated,76,13,110,32.125
ideas__idtrees__plot_train_MLBS_13_annotated,77,14,28,7.25
ideas__idtrees__plot_train_MLBS_13_annotated,78,15,11,3.375
ideas__idtrees__plot_train_MLBS_14_annotated,79,0,64,16.125
ideas__idtrees__plot_train_MLBS_14_annotated,80,1,235,62.5
ideas__idtrees__plot_train_MLBS_14_annotated,81,2,136,35.0
ideas__idtrees__plot_train_MLBS_14_annotated,82,3,184,47.375
ideas__idtrees__plot_train_MLBS_14_annotated,83,4,6,2.0
ideas__idtrees__plot_train_MLBS_14_annotated,84,5,37,10.75
ideas__idtrees__plot_train_MLBS_14_annotated,85,6,8,7.75
ideas__idtrees__plot_train_MLBS_14_annotated,86,7,158,40.0
ideas__idtrees__plot_train_MLBS_14_annotated,87,8,57,18.375
ideas__idtrees__plot_train_MLBS_14_annotated,88,9,119,30.0
ideas__idtrees__plot_train_MLBS_14_annotated,89,10,65,16.25
ideas__idtrees__plot_train_MLBS_14_annotated,91,11,81,21.375
ideas__idtrees__plot_train_MLBS_14_annotated,92,12,211,59.625
ideas__idtrees__plot_train_MLBS_14_annotated,93,13,43,12.0
ideas__idtrees__plot_train_MLBS_14_annotated,94,14,128,39.25
ideas__idtrees__plot_train_MLBS_14_annotated,95,15,50,16.875
ideas__idtrees__plot_train_MLBS_15_annotated,96,0,181,48.625
ideas__idtrees__plot_train_MLBS_15_annotated,97,1,69,20.875
ideas__idtrees__plot_train_MLBS_15_annotated,98,2,104,29.5
ideas__idtrees__plot_train_MLBS_15_annotated,99,3,103,29.125
ideas__idtrees__plot_train_MLBS_15_annotated,100,4,93,24.375
ideas__idtrees__plot_train_MLBS_15_annotated,101,5,80,20.25
ideas__idtrees__plot_train_MLBS_15_annotated,102,6,61,16.0
ideas__idtrees__plot_train_MLBS_15_annotated,103,7,166,52.25
ideas__idtrees__plot_train_MLBS_15_annotated,104,8,54,14.0
ideas__idtrees__plot_train_MLBS_15_annotated,105,9,116,31.0
ideas__idtrees__plot_train_MLBS_15_annotated,106,10,92,24.75
ideas__idtrees__plot_train_MLBS_15_annotated,107,11,76,19.125
ideas__idtrees__plot_train_MLBS_15_annotated,108,12,94,29.25
ideas__idtrees__plot_train_MLBS_15_annotated,109,13,53,15.625
ideas__idtrees__plot_train_MLBS_15_annotated,110,14,22,6.0
ideas__idtrees__plot_train_MLBS_16_annotated,111,0,86,21.875
ideas__idtrees__plot_train_MLBS_16_annotated,112,1,148,39.75
ideas__idtrees__plot_train_MLBS_16_annotated,113,2,35,8.75
ideas__idtrees__plot_train_MLBS_16_annotated,114,3,19,6.0
ideas__idtrees__plot_train_MLBS_16_annotated,115,4,47,13.625
ideas__idtrees__plot_train_MLBS_16_annotated,116,5,20,5.625
ideas__idtrees__plot_train_MLBS_16_annotated,117,6,110,27.5
ideas__idtrees__plot_train_MLBS_16_annotated,118,7,33,8.5
ideas__idtrees__plot_train_MLBS_16_annotated,119,8,546,149.375
ideas__idtrees__plot_train_MLBS_16_annotated,123,9,27,6.875
ideas__idtrees__plot_train_MLBS_16_annotated,124,10,106,27.0
ideas__idtrees__plot_train_MLBS_16_annotated,126,11,126,36.25
ideas__idtrees__plot_train_MLBS_16_annotated,127,12,50,14.75
ideas__idtrees__plot_train_MLBS_16_annotated,128,13,49,17.625
ideas__idtrees__plot_train_MLBS_16_annotated,130,14,55,14.875
ideas__idtrees__plot_train_MLBS_16_annotated,131,15,101,38.125
ideas__idtrees__plot_train_MLBS_17_annotated,132,0,63,16.5
ideas__idtrees__plot_train_MLBS_17_annotated,133,1,109,27.625
ideas__idtrees__plot_train_MLBS_17_annotated,134,2,218,56.125
ideas__idtrees__plot_train_MLBS_17_annotated,135,3,108,29.375
ideas__idtrees__plot_train_MLBS_17_annotated,136,4,12,4.0
ideas__idtrees__plot_train_MLBS_17_annotated,137,5,126,34.375
ideas__idtrees__plot_train_MLBS_17_annotated,138,6,64,24.5
ideas__idtrees__plot_train_MLBS_17_annotated,139,7,112,38.5
ideas__idtrees__plot_train_MLBS_17_annotated,140,8,84,27.0
ideas__idtrees__plot_train_MLBS_17_annotated,141,9,101,27.0
ideas__idtrees__plot_train_MLBS_17_annotated,142,10,278,83.5
ideas__idtrees__plot_train_MLBS_17_annotated,143,11,46,25.25
ideas__idtrees__plot_train_MLBS_17_annotated,144,12,128,37.75
ideas__idtrees__plot_train_MLBS_17_annotated,145,13,35,9.5
ideas__idtrees__plot_train_MLBS_18_annotated,146,0,46,12.125
ideas__idtrees__plot_train_MLBS_18_annotated,147,1,163,41.875
ideas__idtrees__plot_train_MLBS_18_annotated,148,2,122,37.375
ideas__idtrees__plot_train_MLBS_18_annotated,149,3,65,18.875
ideas__idtrees__plot_train_MLBS_18_annotated,150,4,34,11.0
ideas__idtrees__plot_train_MLBS_18_annotated,151,5,37,11.25
ideas__idtrees__plot_train_MLBS_18_annotated,152,6,134,39.0
ideas__idtrees__plot_train_MLBS_18_annotated,153,7,161,47.375
ideas__idtrees__plot_train_MLBS_18_annotated,154,8,110,28.75
ideas__idtrees__plot_train_MLBS_18_annotated,155,9,80,24.875
ideas__idtrees__plot_train_MLBS_18_annotated,156,10,6,1.5
ideas__idtrees__plot_train_MLBS_18_annotated,157,11,47,13.625
ideas__idtrees__plot_train_MLBS_18_annotated,158,12,7,1.875
ideas__idtrees__plot_train_MLBS_18_annotated,159,13,55,15.0
ideas__idtrees__plot_train_MLBS_18_annotated,160,14,129,35.0
ideas__idtrees__plot_train_MLBS_18_annotated,161,15,44,15.375
ideas__idtrees__plot_train_MLBS_18_annotated,162,16,41,12.0
ideas__idtrees__plot_train_MLBS_18_annotated,163,17,76,21.625
ideas__idtrees__plot_train_MLBS_19_annotated,164,0,20,6.375
ideas__idtrees__plot_train_MLBS_19_annotated,165,1,133,36.125
ideas__idtrees__plot_train_MLBS_19_annotated,166,2,144,45.125
ideas__idtrees__plot_train_MLBS_19_annotated,167,3,444,123.875
ideas__idtrees__plot_train_MLBS_19_annotated,168,4,113,29.5
ideas__idtrees__plot_train_MLBS_19_annotated,169,5,113,32.875
ideas__idtrees__plot_train_MLBS_19_annotated,170,6,476,139.75
ideas__idtrees__plot_train_MLBS_1_annotated,1,0,48,12.0
ideas__idtrees__plot_train_MLBS_1_annotated,2,1,74,19.5
ideas__idtrees__plot_train_MLBS_1_annotated,3,2,99,25.0
ideas__idtrees__plot_train_MLBS_1_annotated,4,3,50,14.25
ideas__idtrees__plot_train_MLBS_1_annotated,5,4,163,50.5
ideas__idtrees__plot_train_MLBS_1_annotated,6,5,58,16.25
ideas__idtrees__plot_train_MLBS_1_annotated,7,6,103,35.375
ideas__idtrees__plot_train_MLBS_1_annotated,8,7,68,20.375
ideas__idtrees__plot_train_MLBS_1_annotated,9,8,90,23.5
ideas__idtrees__plot_train_MLBS_1_annotated,10,9,78,21.125
ideas__idtrees__plot_train_MLBS_1_annotated,11,10,45,14.5
ideas__idtrees__plot_train_MLBS_1_annotated,12,11,113,32.5
ideas__idtrees__plot_train_MLBS_1_annotated,13,12,54,15.75
ideas__idtrees__plot_train_MLBS_1_annotated,14,13,178,50.5
ideas__idtrees__plot_train_MLBS_1_annotated,15,14,81,20.25
ideas__idtrees__plot_train_MLBS_1_annotated,16,15,45,12.5
ideas__idtrees__plot_train_MLBS_1_annotated,17,16,32,8.5
ideas__idtrees__plot_train_MLBS_1_annotated,18,17,119,39.5
ideas__idtrees__plot_train_MLBS_1_annotated,19,18,40,11.5
ideas__idtrees__plot_train_MLBS_1_annotated,20,19,33,8.25
ideas__idtrees__plot_train_MLBS_1_annotated,21,20,55,16.0
ideas__idtrees__plot_train_MLBS_1_annotated,22,21,24,7.125
ideas__idtrees__plot_train_MLBS_20_annotated,192,0,90,22.625
ideas__idtrees__plot_train_MLBS_20_annotated,193,1,236,59.5
ideas__idtrees__plot_train_MLBS_20_annotated,194,2,32,13.625
ideas__idtrees__plot_train_MLBS_20_annotated,195,3,277,78.375
ideas__idtrees__plot_train_MLBS_20_annotated,196,4,266,92.0
ideas__idtrees__plot_train_MLBS_20_annotated,197,5,194,50.0
ideas__idtrees__plot_train_MLBS_20_annotated,198,6,13,3.75
ideas__idtrees__plot_train_MLBS_20_annotated,199,7,115,53.875
ideas__idtrees__plot_train_MLBS_20_annotated,200,8,91,23.75
ideas__idtrees__plot_train_MLBS_20_annotated,201,9,77,27.25
ideas__idtrees__plot_train_MLBS_20_annotated,202,10,187,53.125
ideas__idtrees__plot_train_MLBS_20_annotated,203,11,61,18.25
ideas__idtrees__plot_train_MLBS_20_annotated,204,12,56,16.875
ideas__idtrees__plot_train_MLBS_21_annotated,205,0,50,13.375
ideas__idtrees__plot_train_MLBS_21_annotated,206,1,181,53.5
ideas__idtrees__plot_train_MLBS_21_annotated,207,2,46,12.125
ideas__idtrees__plot_train_MLBS_21_annotated,208,3,45,15.0
ideas__idtrees__plot_train_MLBS_21_annotated,209,4,83,21.625
ideas__idtrees__plot_train_MLBS_21_annotated,210,5,144,41.625
ideas__idtrees__plot_train_MLBS_21_annotated,211,6,16,5.5
ideas__idtrees__plot_train_MLBS_21_annotated,212,7,43,11.5
ideas__idtrees__plot_train_MLBS_21_annotated,213,8,50,13.25
ideas__idtrees__plot_train_MLBS_21_annotated,214,9,17,4.625
ideas__idtrees__plot_train_MLBS_21_annotated,215,10,26,7.0
ideas__idtrees__plot_train_MLBS_21_annotated,216,11,10,3.625
ideas__idtrees__plot_train_MLBS_21_annotated,217,12,19,5.375
ideas__idtrees__plot_train_MLBS_21_annotated,218,13,26,7.125
ideas__idtrees__plot_train_MLBS_21_annotated,219,14,90,22.625
ideas__idtrees__plot_train_MLBS_21_annotated,220,15,14,3.625
ideas__idtrees__plot_train_MLBS_21_annotated,221,16,29,7.375
ideas__idtrees__plot_train_MLBS_21_annotated,222,17,86,26.75
ideas__idtrees__plot_train_MLBS_21_annotated,223,18,53,14.625
ideas__idtrees__plot_train_MLBS_21_annotated,224,19,134,35.75
ideas__idtrees__plot_train_MLBS_21_annotated,225,20,57,16.5
ideas__idtrees__plot_train_MLBS_21_annotated,226,21,64,19.25
ideas__idtrees__plot_train_MLBS_21_annotated,227,22,52,14.5
ideas__idtrees__plot_train_MLBS_21_annotated,228,23,82,21.5
ideas__idtrees__plot_train_MLBS_21_annotated,229,24,70,19.5
ideas__idtrees__plot_train_MLBS_21_annotated,230,25,17,5.0
ideas__idtrees__plot_train_MLBS_21_annotated,231,26,19,6.25
ideas__idtrees__plot_train_MLBS_21_annotated,232,27,82,21.5
ideas__idtrees__plot_train_MLBS_21_annotated,233,28,11,3.75
ideas__idtrees__plot_train_MLBS_22_annotated,234,0,90,25.125
ideas__idtrees__plot_train_MLBS_22_annotated,235,1,78,20.875
ideas__idtrees__plot_train_MLBS_22_annotated,236,2,40,11.25
ideas__idtrees__plot_train_MLBS_22_annotated,237,3,169,45.75
ideas__idtrees__plot_train_MLBS_22_annotated,238,4,75,21.875
ideas__idtrees__plot_train_MLBS_22_annotated,239,5,112,29.875
ideas__idtrees__plot_train_MLBS_22_annotated,240,6,212,54.5
ideas__idtrees__plot_train_MLBS_22_annotated,241,7,119,32.25
ideas__idtrees__plot_train_MLBS_22_annotated,242,8,88,22.625
ideas__idtrees__plot_train_MLBS_22_annotated,243,9,59,16.875
ideas__idtrees__plot_train_MLBS_22_annotated,244,10,64,18.0
ideas__idtrees__plot_train_MLBS_22_annotated,245,11,83,24.375
ideas__idtrees__plot_train_MLBS_22_annotated,246,12,148,44.125
ideas__idtrees__plot_train_MLBS_22_annotated,247,13,40,13.0
ideas__idtrees__plot_train_MLBS_22_annotated,248,14,48,13.875
ideas__idtrees__plot_train_MLBS_22_annotated,249,15,83,23.125
ideas__idtrees__plot_train_MLBS_22_annotated,250,16,33,11.0
ideas__idtrees__plot_train_MLBS_22_annotated,251,17,13,4.0
ideas__idtrees__plot_train_MLBS_23_annotated,252,0,90,24.5
ideas__idtrees__plot_train_MLBS_23_annotated,253,1,366,97.0
ideas__idtrees__plot_train_MLBS_23_annotated,254,2,109,28.75
ideas__idtrees__plot_train_MLBS_23_annotated,255,3,69,21.0
ideas__idtrees__plot_train_MLBS_23_annotated,256,4,34,8.75
ideas__idtrees__plot_train_MLBS_23_annotated,257,5,106,34.5
ideas__idtrees__plot_train_MLBS_23_annotated,258,6,37,9.875
ideas__idtrees__plot_train_MLBS_23_annotated,259,7,125,35.5
ideas__idtrees__plot_train_MLBS_23_annotated,260,8,171,47.375
ideas__idtrees__plot_train_MLBS_23_annotated,261,9,26,7.0
ideas__idtrees__plot_train_MLBS_23_annotated,262,10,86,24.375
ideas__idtrees__plot_train_MLBS_23_annotated,263,11,55,15.75
ideas__idtrees__plot_train_MLBS_23_annotated,264,12,86,24.25
ideas__idtrees__plot_train_MLBS_23_annotated,265,13,102,26.0
ideas__idtrees__plot_train_MLBS_23_annotated,266,14,70,30.875
ideas__idtrees__plot_train_MLBS_24_annotated,267,0,195,56.75
ideas__idtrees__plot_train_MLBS_24_annotated,268,1,129,34.625
ideas__idtrees__plot_train_MLBS_24_annotated,269,2,43,11.0
ideas__idtrees__plot_train_MLBS_24_annotated,270,3,189,51.375
ideas__idtrees__plot_train_MLBS_24_annotated,271,4,158,41.375
ideas__idtrees__plot_train_MLBS_24_annotated,272,5,141,40.0
ideas__idtrees__plot_train_MLBS_24_annotated,273,6,63,22.625
ideas__idtrees__plot_train_MLBS_24_annotated,274,7,197,55.5
ideas__idtrees__plot_train_MLBS_24_annotated,275,8,138,38.125
ideas__idtrees__plot_train_MLBS_25_annotated,276,0,161,44.375
ideas__idtrees__plot_train_MLBS_25_annotated,277,1,22,7.0
ideas__idtrees__plot_train_MLBS_25_annotated,278,2,77,19.25
ideas__idtrees__plot_train_MLBS_25_annotated,279,3,110,31.25
ideas__idtrees__plot_train_MLBS_25_annotated,280,4,91,26.0
ideas__idtrees__plot_train_MLBS_25_annotated,281,5,76,21.5
ideas__idtrees__plot_train_MLBS_25_annotated,282,6,46,13.375
ideas__idtrees__plot_train_MLBS_25_annotated,283,7,118,39.625
ideas__idtrees__plot_train_MLBS_25_annotated,284,8,67,18.25
ideas__idtrees__plot_train_MLBS_25_annotated,285,9,98,35.125
ideas__idtrees__plot_train_MLBS_25_annotated,286,10,80,23.625
ideas__idtrees__plot_train_MLBS_25_annotated,287,11,80,30.75
ideas__idtrees__plot_train_MLBS_25_annotated,288,12,29,7.5
ideas__idtrees__plot_train_MLBS_25_annotated,289,13,28,8.25
ideas__idtrees__plot_train_MLBS_25_annotated,290,14,26,7.25
ideas__idtrees__plot_train_MLBS_25_annotated,291,15,20,5.75
ideas__idtrees__plot_train_MLBS_25_annotated,292,16,151,41.5
ideas__idtrees__plot_train_MLBS_25_annotated,294,17,55,15.625
ideas__idtrees__plot_train_MLBS_25_annotated,295,18,15,8.5
ideas__idtrees__plot_train_MLBS_25_annotated,296,19,66,27.5
ideas__idtrees__plot_train_MLBS_25_annotated,297,20,32,9.75
ideas__idtrees__plot_train_MLBS_25_annotated,298,21,30,9.625
ideas__idtrees__plot_train_MLBS_26_annotated,299,0,72,21.25
ideas__idtrees__plot_train_MLBS_26_annotated,300,1,214,57.625
ideas__idtrees__plot_train_MLBS_26_annotated,301,2,85,24.25
ideas__idtrees__plot_train_MLBS_26_annotated,302,3,337,89.875
ideas__idtrees__plot_train_MLBS_26_annotated,303,4,55,14.0
ideas__idtrees__plot_train_MLBS_26_annotated,304,5,44,12.25
ideas__idtrees__plot_train_MLBS_26_annotated,305,6,107,34.0
ideas__idtrees__plot_train_MLBS_26_annotated,306,7,110,30.0
ideas__idtrees__plot_train_MLBS_26_annotated,307,8,31,10.625
ideas__idtrees__plot_train_MLBS_26_annotated,308,9,22,5.75
ideas__idtrees__plot_train_MLBS_26_annotated,309,10,73,19.25
ideas__idtrees__plot_train_MLBS_26_annotated,310,11,53,14.0
ideas__idtrees__plot_train_MLBS_26_annotated,311,12,104,36.75
ideas__idtrees__plot_train_MLBS_26_annotated,312,13,107,27.375
ideas__idtrees__plot_train_MLBS_26_annotated,313,14,11,3.625
ideas__idtrees__plot_train_MLBS_26_annotated,314,15,27,12.125
ideas__idtrees__plot_train_MLBS_26_annotated,315,16,22,7.625
ideas__idtrees__plot_train_MLBS_26_annotated,316,17,67,17.875
ideas__idtrees__plot_train_MLBS_27_annotated,317,0,57,15.875
ideas__idtrees__plot_train_MLBS_27_annotated,318,1,194,48.875
ideas__idtrees__plot_train_MLBS_27_annotated,319,2,454,133.75
ideas__idtrees__plot_train_MLBS_27_annotated,321,3,301,111.375
ideas__idtrees__plot_train_MLBS_27_annotated,322,4,119,30.0
ideas__idtrees__plot_train_MLBS_27_annotated,323,5,369,96.375
ideas__idtrees__plot_train_MLBS_27_annotated,324,6,64,28.125
ideas__idtrees__plot_train_MLBS_27_annotated,326,7,140,35.75
ideas__idtrees__plot_train_MLBS_27_annotated,327,8,8,2.0
ideas__idtrees__plot_train_MLBS_28_annotated,328,0,242,61.625
ideas__idtrees__plot_train_MLBS_28_annotated,329,1,259,86.375
ideas__idtrees__plot_train_MLBS_28_annotated,330,2,293,73.5
ideas__idtrees__plot_train_MLBS_28_annotated,331,3,186,48.0
ideas__idtrees__plot_train_MLBS_28_annotated,332,4,100,38.0
ideas__idtrees__plot_train_MLBS_28_annotated,333,5,228,58.5
ideas__idtrees__plot_train_MLBS_28_annotated,334,6,225,67.875
ideas__idtrees__plot_train_MLBS_28_annotated,336,7,4,1.0
ideas__idtrees__plot_train_MLBS_29_annotated,337,0,23,6.625
ideas__idtrees__plot_train_MLBS_29_annotated,338,1,91,24.875
ideas__idtrees__plot_train_MLBS_29_annotated,339,2,126,33.875
ideas__idtrees__plot_train_MLBS_29_annotated,340,3,27,6.875
ideas__idtrees__plot_train_MLBS_29_annotated,341,4,107,28.875
ideas__idtrees__plot_train_MLBS_29_annotated,342,5,34,11.375
ideas__idtrees__plot_train_MLBS_29_annotated,343,6,28,8.0
ideas__idtrees__plot_train_MLBS_29_annotated,344,7,5,1.25
ideas__idtrees__plot_train_MLBS_29_annotated,345,8,73,23.5
ideas__idtrees__plot_train_MLBS_29_annotated,346,9,71,19.25
ideas__idtrees__plot_train_MLBS_29_annotated,347,10,33,14.0
ideas__idtrees__plot_train_MLBS_29_annotated,348,11,271,79.375
ideas__idtrees__plot_train_MLBS_29_annotated,349,12,69,18.0
ideas__idtrees__plot_train_MLBS_29_annotated,350,13,55,13.75
ideas__idtrees__plot_train_MLBS_29_annotated,351,14,48,13.25
ideas__idtrees__plot_train_MLBS_29_annotated,352,15,36,10.0
ideas__idtrees__plot_train_MLBS_29_annotated,353,16,54,15.0
ideas__idtrees__plot_train_MLBS_29_annotated,354,17,21,5.625
ideas__idtrees__plot_train_MLBS_29_annotated,355,18,72,20.375
ideas__idtrees__plot_train_MLBS_29_annotated,356,19,188,49.375
ideas__idtrees__plot_train_MLBS_29_annotated,357,20,81,35.625
ideas__idtrees__plot_train_MLBS_29_annotated,358,21,98,28.125
ideas__idtrees__plot_train_MLBS_2_annotated,172,0,60,15.375
ideas__idtrees__plot_train_MLBS_2_annotated,173,1,196,51.375
ideas__idtrees__plot_train_MLBS_2_annotated,174,2,38,10.0
ideas__idtrees__plot_train_MLBS_2_annotated,175,3,201,55.75
ideas__idtrees__plot_train_MLBS_2_annotated,176,4,62,15.75
ideas__idtrees__plot_train_MLBS_2_annotated,177,5,129,35.5
ideas__idtrees__plot_train_MLBS_2_annotated,178,6,28,7.0
ideas__idtrees__plot_train_MLBS_2_annotated,179,7,63,19.625
ideas__idtrees__plot_train_MLBS_2_annotated,180,8,26,9.125
ideas__idtrees__plot_train_MLBS_2_annotated,181,9,90,30.875
ideas__idtrees__plot_train_MLBS_2_annotated,182,10,42,11.5
ideas__idtrees__plot_train_MLBS_2_annotated,183,11,157,41.75
ideas__idtrees__plot_train_MLBS_2_annotated,184,12,33,8.625
ideas__idtrees__plot_train_MLBS_2_annotated,185,13,12,3.375
ideas__idtrees__plot_train_MLBS_2_annotated,186,14,68,17.875
ideas__idtrees__plot_train_MLBS_2_annotated,187,15,121,37.0
ideas__idtrees__plot_train_MLBS_2_annotated,188,16,70,20.0
ideas__idtrees__plot_train_MLBS_2_annotated,189,17,18,4.5
ideas__idtrees__plot_train_MLBS_2_annotated,190,18,148,43.875
ideas__idtrees__plot_train_MLBS_2_annotated,191,19,20,5.0
ideas__idtrees__plot_train_MLBS_30_annotated,375,0,43,11.375
ideas__idtrees__plot_train_MLBS_30_annotated,376,1,82,23.5
ideas__idtrees__plot_train_MLBS_30_annotated,377,2,182,56.25
ideas__idtrees__plot_train_MLBS_30_annotated,378,3,145,38.375
ideas__idtrees__plot_train_MLBS_30_annotated,379,4,87,23.75
ideas__idtrees__plot_train_MLBS_30_annotated,380,5,65,26.75
ideas__idtrees__plot_train_MLBS_30_annotated,381,6,50,12.5
ideas__idtrees__plot_train_MLBS_30_annotated,382,7,164,55.875
ideas__idtrees__plot_train_MLBS_30_annotated,383,8,122,32.5
ideas__idtrees__plot_train_MLBS_30_annotated,384,9,33,10.0
ideas__idtrees__plot_train_MLBS_30_annotated,385,10,18,5.0
ideas__idtrees__plot_train_MLBS_30_annotated,386,11,88,31.25
ideas__idtrees__plot_train_MLBS_30_annotated,387,12,57,15.25
ideas__idtrees__plot_train_MLBS_30_annotated,388,13,47,12.375
ideas__idtrees__plot_train_MLBS_30_annotated,389,14,60,17.25
ideas__idtrees__plot_train_MLBS_30_annotated,390,15,22,5.75
ideas__idtrees__plot_train_MLBS_30_annotated,391,16,112,36.0
ideas__idtrees__plot_train_MLBS_30_annotated,392,17,49,17.75
ideas__idtrees__plot_train_MLBS_31_annotated,393,0,143,37.125
ideas__idtrees__plot_train_MLBS_31_annotated,394,1,102,25.875
ideas__idtrees__plot_train_MLBS_31_annotated,395,2,43,12.5
ideas__idtrees__plot_train_MLBS_31_annotated,396,3,52,16.25
ideas__idtrees__plot_train_MLBS_31_annotated,397,4,159,41.125
ideas__idtrees__plot_train_MLBS_31_annotated,398,5,108,30.0
ideas__idtrees__plot_train_MLBS_31_annotated,399,6,85,21.625
ideas__idtrees__plot_train_MLBS_31_annotated,400,7,123,33.75
ideas__idtrees__plot_train_MLBS_31_annotated,401,8,134,35.625
ideas__idtrees__plot_train_MLBS_31_annotated,403,9,160,46.5
ideas__idtrees__plot_train_MLBS_31_annotated,404,10,134,36.5
ideas__idtrees__plot_train_MLBS_31_annotated,405,11,112,30.0
ideas__idtrees__plot_train_MLBS_31_annotated,406,12,72,21.875
ideas__idtrees__plot_train_MLBS_32_annotated,407,0,119,30.25
ideas__idtrees__plot_train_MLBS_32_annotated,408,1,47,12.0
ideas__idtrees__plot_train_MLBS_32_annotated,410,2,119,32.25
ideas__idtrees__plot_train_MLBS_32_annotated,411,3,100,29.25
ideas__idtrees__plot_train_MLBS_32_annotated,412,4,312,80.625
ideas__idtrees__plot_train_MLBS_32_annotated,413,5,59,20.625
ideas__idtrees__plot_train_MLBS_32_annotated,414,6,39,10.75
ideas__idtrees__plot_train_MLBS_32_annotated,415,7,188,48.875
ideas__idtrees__plot_train_MLBS_32_annotated,416,8,137,42.125
ideas__idtrees__plot_train_MLBS_32_annotated,417,9,70,20.125
ideas__idtrees__plot_train_MLBS_32_annotated,418,10,16,4.625
ideas__idtrees__plot_train_MLBS_32_annotated,419,11,77,24.625
ideas__idtrees__plot_train_MLBS_32_annotated,420,12,156,46.0
ideas__idtrees__plot_train_MLBS_32_annotated,421,13,151,40.25
ideas__idtrees__plot_train_MLBS_32_annotated,422,14,127,43.875
ideas__idtrees__plot_train_MLBS_33_annotated,423,0,11,3.5
ideas__idtrees__plot_train_MLBS_33_annotated,424,1,168,42.25
ideas__idtrees__plot_train_MLBS_33_annotated,425,2,190,53.25
ideas__idtrees__plot_train_MLBS_33_annotated,426,3,28,7.0
ideas__idtrees__plot_train_MLBS_33_annotated,427,4,204,52.375
ideas__idtrees__plot_train_MLBS_33_annotated,428,5,131,43.625
ideas__idtrees__plot_train_MLBS_33_annotated,429,6,40,12.5
ideas__idtrees__plot_train_MLBS_33_annotated,430,7,70,19.25
ideas__idtrees__plot_train_MLBS_33_annotated,431,8,136,36.625
ideas__idtrees__plot_train_MLBS_33_annotated,432,9,139,43.75
ideas__idtrees__plot_train_MLBS_33_annotated,433,10,237,71.375
ideas__idtrees__plot_train_MLBS_33_annotated,434,11,9,2.75
ideas__idtrees__plot_train_MLBS_34_annotated,435,0,16,4.25
ideas__idtrees__plot_train_MLBS_34_annotated,436,1,256,70.0
ideas__idtrees__plot_train_MLBS_34_annotated,437,2,43,12.75
ideas__idtrees__plot_train_MLBS_34_annotated,438,3,123,36.375
ideas__idtrees__plot_train_MLBS_34_annotated,439,4,8,2.0
ideas__idtrees__plot_train_MLBS_34_annotated,440,5,222,63.875
ideas__idtrees__plot_train_MLBS_34_annotated,441,6,145,40.0
ideas__idtrees__plot_train_MLBS_34_annotated,442,7,47,14.75
ideas__idtrees__plot_train_MLBS_34_annotated,443,8,11,3.0
ideas__idtrees__plot_train_MLBS_34_annotated,444,9,41,12.625
ideas__idtrees__plot_train_MLBS_34_annotated,445,10,40,11.875
ideas__idtrees__plot_train_MLBS_34_annotated,446,11,58,18.125
ideas__idtrees__plot_train_MLBS_34_annotated,447,12,11,4.25
ideas__idtrees__plot_train_MLBS_34_annotated,448,13,54,17.375
ideas__idtrees__plot_train_MLBS_34_annotated,449,14,13,4.0
ideas__idtrees__plot_train_MLBS_34_annotated,450,15,113,34.25
ideas__idtrees__plot_train_MLBS_34_annotated,451,16,7,3.0
ideas__idtrees__plot_train_MLBS_34_annotated,452,17,39,14.125
ideas__idtrees__plot_train_MLBS_34_annotated,454,18,90,27.25
ideas__idtrees__plot_train_MLBS_34_annotated,455,19,22,6.375
ideas__idtrees__plot_train_MLBS_34_annotated,456,20,130,37.0
ideas__idtrees__plot_train_MLBS_34_annotated,457,21,36,10.625
ideas__idtrees__plot_train_MLBS_34_annotated,458,22,23,6.875
ideas__idtrees__plot_train_MLBS_35_annotated,459,0,24,6.0
ideas__idtrees__plot_train_MLBS_35_annotated,460,1,62,16.5
ideas__idtrees__plot_train_MLBS_35_annotated,461,2,260,65.75
ideas__idtrees__plot_train_MLBS_35_annotated,462,3,16,5.0
ideas__idtrees__plot_train_MLBS_35_annotated,463,4,194,51.5
ideas__idtrees__plot_train_MLBS_35_annotated,464,5,215,57.375
ideas__idtrees__plot_train_MLBS_35_annotated,465,6,171,46.75
ideas__idtrees__plot_train_MLBS_35_annotated,466,7,235,59.875
ideas__idtrees__plot_train_MLBS_35_annotated,467,8,91,28.5
ideas__idtrees__plot_train_MLBS_35_annotated,468,9,109,30.375
ideas__idtrees__plot_train_MLBS_35_annotated,470,10,60,20.375
ideas__idtrees__plot_train_MLBS_36_annotated,472,0,179,45.375
ideas__idtrees__plot_train_MLBS_36_annotated,473,1,89,24.5
ideas__idtrees__plot_train_MLBS_36_annotated,474,2,32,8.0
ideas__idtrees__plot_train_MLBS_36_annotated,475,3,65,16.625
ideas__idtrees__plot_train_MLBS_36_annotated,476,4,80,26.875
ideas__idtrees__plot_train_MLBS_36_annotated,477,5,27,8.0
ideas__idtrees__plot_train_MLBS_36_annotated,478,6,96,26.375
ideas__idtrees__plot_train_MLBS_36_annotated,479,7,77,19.75
ideas__idtrees__plot_train_MLBS_36_annotated,480,8,59,19.875
ideas__idtrees__plot_train_MLBS_36_annotated,481,9,334,89.125
ideas__idtrees__plot_train_MLBS_36_annotated,482,10,57,14.875
ideas__idtrees__plot_train_MLBS_36_annotated,483,11,63,17.0
ideas__idtrees__plot_train_MLBS_36_annotated,484,12,62,17.75
ideas__idtrees__plot_train_MLBS_36_annotated,485,13,225,68.125
ideas__idtrees__plot_train_MLBS_36_annotated,486,14,114,35.875
ideas__idtrees__plot_train_MLBS_36_annotated,487,15,60,18.375
ideas__idtrees__plot_train_MLBS_37_annotated,488,0,61,15.75
ideas__idtrees__plot_train_MLBS_37_annotated,489,1,141,36.0
ideas__idtrees__plot_train_MLBS_37_annotated,490,2,186,50.25
ideas__idtrees__plot_train_MLBS_37_annotated,491,3,17,5.125
ideas__idtrees__plot_train_MLBS_37_annotated,492,4,71,18.0
ideas__idtrees__plot_train_MLBS_37_annotated,493,5,72,18.0
ideas__idtrees__plot_train_MLBS_37_annotated,494,6,156,42.5
ideas__idtrees__plot_train_MLBS_37_annotated,495,7,131,40.375
ideas__idtrees__plot_train_MLBS_37_annotated,496,8,105,29.375
ideas__idtrees__plot_train_MLBS_37_annotated,497,9,241,71.5
ideas__idtrees__plot_train_MLBS_37_annotated,498,10,163,43.25
ideas__idtrees__plot_train_MLBS_37_annotated,499,11,82,22.0
ideas__idtrees__plot_train_MLBS_37_annotated,500,12,39,10.0
ideas__idtrees__plot_train_MLBS_37_annotated,501,13,161,53.5
ideas__idtrees__plot_train_MLBS_38_annotated,502,0,218,55.875
ideas__idtrees__plot_train_MLBS_38_annotated,503,1,50,14.875
ideas__idtrees__plot_train_MLBS_38_annotated,504,2,200,56.875
ideas__idtrees__plot_train_MLBS_38_annotated,505,3,87,23.75
ideas__idtrees__plot_train_MLBS_38_annotated,506,4,76,23.25
ideas__idtrees__plot_train_MLBS_38_annotated,507,5,67,20.0
ideas__idtrees__plot_train_MLBS_38_annotated,508,6,173,45.375
ideas__idtrees__plot_train_MLBS_38_annotated,509,7,92,24.25
ideas__idtrees__plot_train_MLBS_38_annotated,510,8,93,25.0
ideas__idtrees__plot_train_MLBS_38_annotated,511,9,112,34.0
ideas__idtrees__plot_train_MLBS_38_annotated,512,10,99,26.25
ideas__idtrees__plot_train_MLBS_38_annotated,513,11,84,21.0
ideas__idtrees__plot_train_MLBS_38_annotated,514,12,26,13.25
ideas__idtrees__plot_train_MLBS_38_annotated,515,13,4,1.0
ideas__idtrees__plot_train_MLBS_38_annotated,516,14,80,25.375
ideas__idtrees__plot_train_MLBS_39_annotated,517,0,86,23.75
ideas__idtrees__plot_train_MLBS_39_annotated,518,1,99,26.25
ideas__idtrees__plot_train_MLBS_39_annotated,519,2,82,25.25
ideas__idtrees__plot_train_MLBS_39_annotated,520,3,109,28.625
ideas__idtrees__plot_train_MLBS_39_annotated,521,4,58,18.125
ideas__idtrees__plot_train_MLBS_39_annotated,522,5,95,26.125
ideas__idtrees__plot_train_MLBS_39_annotated,523,6,78,22.75
ideas__idtrees__plot_train_MLBS_39_annotated,524,7,138,39.375
ideas__idtrees__plot_train_MLBS_39_annotated,525,8,63,18.125
ideas__idtrees__plot_train_MLBS_39_annotated,526,9,39,11.125
ideas__idtrees__plot_train_MLBS_39_annotated,527,10,42,11.375
ideas__idtrees__plot_train_MLBS_39_annotated,528,11,91,26.5
ideas__idtrees__plot_train_MLBS_39_annotated,529,12,262,74.25
ideas__idtrees__plot_train_MLBS_39_annotated,530,13,21,6.0
ideas__idtrees__plot_train_MLBS_39_annotated,531,14,22,5.875
ideas__idtrees__plot_train_MLBS_39_annotated,532,15,42,11.5
ideas__idtrees__plot_train_MLBS_3_annotated,359,0,68,19.75
ideas__idtrees__plot_train_MLBS_3_annotated,360,1,65,18.875
ideas__idtrees__plot_train_MLBS_3_annotated,361,2,106,31.5
ideas__idtrees__plot_train_MLBS_3_annotated,362,3,36,9.0
ideas__idtrees__plot_train_MLBS_3_annotated,363,4,42,12.75
ideas__idtrees__plot_train_MLBS_3_annotated,364,5,129,43.125
ideas__idtrees__plot_train_MLBS_3_annotated,365,6,20,6.0
ideas__idtrees__plot_train_MLBS_3_annotated,366,7,175,53.875
ideas__idtrees__plot_train_MLBS_3_annotated,367,8,45,15.25
ideas__idtrees__plot_train_MLBS_3_annotated,368,9,111,31.875
ideas__idtrees__plot_train_MLBS_3_annotated,369,10,33,9.75
ideas__idtrees__plot_train_MLBS_3_annotated,370,11,47,12.125
ideas__idtrees__plot_train_MLBS_3_annotated,371,12,165,44.0
ideas__idtrees__plot_train_MLBS_3_annotated,372,13,171,46.875
ideas__idtrees__plot_train_MLBS_3_annotated,373,14,85,23.625
ideas__idtrees__plot_train_MLBS_3_annotated,374,15,86,30.25
ideas__idtrees__plot_train_MLBS_40_annotated,550,0,11,2.75
ideas__idtrees__plot_train_MLBS_40_annotated,551,1,40,10.875
ideas__idtrees__plot_train_MLBS_40_annotated,552,2,214,55.875
ideas__idtrees__plot_train_MLBS_40_annotated,553,3,149,39.0
ideas__idtrees__plot_train_MLBS_40_annotated,554,4,100,34.875
ideas__idtrees__plot_train_MLBS_40_annotated,555,5,88,22.5
ideas__idtrees__plot_train_MLBS_40_annotated,556,6,92,25.625
ideas__idtrees__plot_train_MLBS_40_annotated,557,7,398,105.5
ideas__idtrees__plot_train_MLBS_40_annotated,558,8,70,22.875
ideas__idtrees__plot_train_MLBS_40_annotated,559,9,110,42.375
ideas__idtrees__plot_train_MLBS_40_annotated,560,10,46,16.375
ideas__idtrees__plot_train_MLBS_40_annotated,561,11,124,36.5
ideas__idtrees__plot_train_MLBS_41_annotated,562,0,219,58.25
ideas__idtrees__plot_train_MLBS_41_annotated,563,1,115,31.25
ideas__idtrees__plot_train_MLBS_41_annotated,564,2,216,67.875
ideas__idtrees__plot_train_MLBS_41_annotated,565,3,107,28.5
ideas__idtrees__plot_train_MLBS_41_annotated,566,4,111,32.625
ideas__idtrees__plot_train_MLBS_41_annotated,567,5,169,48.375
ideas__idtrees__plot_train_MLBS_41_annotated,568,6,24,6.75
ideas__idtrees__plot_train_MLBS_41_annotated,569,7,177,50.375
ideas__idtrees__plot_train_MLBS_41_annotated,570,8,102,35.125
ideas__idtrees__plot_train_MLBS_41_annotated,571,9,91,27.25
ideas__idtrees__plot_train_MLBS_41_annotated,572,10,57,19.0
ideas__idtrees__plot_train_MLBS_42_annotated,573,0,91,24.625
ideas__idtrees__plot_train_MLBS_42_annotated,574,1,90,24.375
ideas__idtrees__plot_train_MLBS_42_annotated,575,2,125,35.625
ideas__idtrees__plot_train_MLBS_42_annotated,576,3,174,52.375
ideas__idtrees__plot_train_MLBS_42_annotated,577,4,189,51.5
ideas__idtrees__plot_train_MLBS_42_annotated,578,5,17,4.625
ideas__idtrees__plot_train_MLBS_42_annotated,579,6,5,1.625
ideas__idtrees__plot_train_MLBS_42_annotated,580,7,68,17.875
ideas__idtrees__plot_train_MLBS_42_annotated,581,8,89,24.875
ideas__idtrees__plot_train_MLBS_42_annotated,582,9,215,66.375
ideas__idtrees__plot_train_MLBS_42_annotated,583,10,174,47.625
ideas__idtrees__plot_train_MLBS_42_annotated,584,11,46,12.75
ideas__idtrees__plot_train_MLBS_42_annotated,585,12,65,17.25
ideas__idtrees__plot_train_MLBS_42_annotated,586,13,103,34.25
ideas__idtrees__plot_train_MLBS_42_annotated,587,14,85,24.5
ideas__idtrees__plot_train_MLBS_43_annotated,588,0,132,36.875
ideas__idtrees__plot_train_MLBS_43_annotated,589,1,66,18.25
ideas__idtrees__plot_train_MLBS_43_annotated,590,2,28,7.5
ideas__idtrees__plot_train_MLBS_43_annotated,591,3,101,25.625
ideas__idtrees__plot_train_MLBS_43_annotated,592,4,114,30.25
ideas__idtrees__plot_train_MLBS_43_annotated,593,5,37,11.875
ideas__idtrees__plot_train_MLBS_43_annotated,594,6,110,29.75
ideas__idtrees__plot_train_MLBS_43_annotated,595,7,41,10.375
ideas__idtrees__plot_train_MLBS_43_annotated,596,8,140,40.25
ideas__idtrees__plot_train_MLBS_43_annotated,597,9,108,28.25
ideas__idtrees__plot_train_MLBS_43_annotated,599,10,13,3.625
ideas__idtrees__plot_train_MLBS_43_annotated,600,11,62,17.0
ideas__idtrees__plot_train_MLBS_43_annotated,601,12,184,49.25
ideas__idtrees__plot_train_MLBS_43_annotated,602,13,31,7.875
ideas__idtrees__plot_train_MLBS_43_annotated,603,14,126,33.75
ideas__idtrees__plot_train_MLBS_43_annotated,604,15,25,7.625
ideas__idtrees__plot_train_MLBS_43_annotated,605,16,220,60.75
ideas__idtrees__plot_train_MLBS_44_annotated,606,0,137,36.0
ideas__idtrees__plot_train_MLBS_44_annotated,607,1,210,55.75
ideas__idtrees__plot_train_MLBS_44_annotated,608,2,226,66.75
ideas__idtrees__plot_train_MLBS_44_annotated,609,3,58,14.875
ideas__idtrees__plot_train_MLBS_44_annotated,610,4,56,19.375
ideas__idtrees__plot_train_MLBS_44_annotated,611,5,67,18.0
ideas__idtrees__plot_train_MLBS_44_annotated,612,6,121,30.25
ideas__idtrees__plot_train_MLBS_44_annotated,613,7,36,9.5
ideas__idtrees__plot_train_MLBS_44_annotated,614,8,98,26.75
ideas__idtrees__plot_train_MLBS_44_annotated,615,9,46,19.125
ideas__idtrees__plot_train_MLBS_44_annotated,616,10,60,15.625
ideas__idtrees__plot_train_MLBS_44_annotated,617,11,92,24.875
ideas__idtrees__plot_train_MLBS_44_annotated,618,12,70,17.875
ideas__idtrees__plot_train_MLBS_44_annotated,619,13,104,29.875
ideas__idtrees__plot_train_MLBS_45_annotated,620,0,34,9.375
ideas__idtrees__plot_train_MLBS_45_annotated,621,1,111,29.75
ideas__idtrees__plot_train_MLBS_45_annotated,622,2,129,35.25
ideas__idtrees__plot_train_MLBS_45_annotated,623,3,87,22.0
ideas__idtrees__plot_train_MLBS_45_annotated,624,4,184,50.625
ideas__idtrees__plot_train_MLBS_45_annotated,625,5,207,55.5
ideas__idtrees__plot_train_MLBS_45_annotated,626,6,112,30.25
ideas__idtrees__plot_train_MLBS_45_annotated,627,7,121,32.25
ideas__idtrees__plot_train_MLBS_45_annotated,628,8,61,18.75
ideas__idtrees__plot_train_MLBS_45_annotated,629,9,13,5.0
ideas__idtrees__plot_train_MLBS_45_annotated,630,10,17,4.5
ideas__idtrees__plot_train_MLBS_45_annotated,631,11,99,27.25
ideas__idtrees__plot_train_MLBS_45_annotated,632,12,76,20.125
ideas__idtrees__plot_train_MLBS_45_annotated,633,13,49,12.625
ideas__idtrees__plot_train_MLBS_46_annotated,634,0,140,38.125
ideas__idtrees__plot_train_MLBS_46_annotated,635,1,59,17.0
ideas__idtrees__plot_train_MLBS_46_annotated,636,2,112,37.625
ideas__idtrees__plot_train_MLBS_46_annotated,637,3,41,10.625
ideas__idtrees__plot_train_MLBS_46_annotated,638,4,92,24.0
ideas__idtrees__plot_train_MLBS_46_annotated,639,5,17,4.75
ideas__idtrees__plot_train_MLBS_46_annotated,640,6,197,56.625
ideas__idtrees__plot_train_MLBS_46_annotated,641,7,95,25.0
ideas__idtrees__plot_train_MLBS_46_annotated,643,8,88,22.375
ideas__idtrees__plot_train_MLBS_46_annotated,644,9,93,26.375
ideas__idtrees__plot_train_MLBS_46_annotated,645,10,238,69.375
ideas__idtrees__plot_train_MLBS_46_annotated,646,11,26,7.375
ideas__idtrees__plot_train_MLBS_46_annotated,647,12,50,17.125
ideas__idtrees__plot_train_MLBS_46_annotated,648,13,149,48.375
ideas__idtrees__plot_train_MLBS_46_annotated,649,14,62,16.375
ideas__idtrees__plot_train_MLBS_4_annotated,533,0,113,31.375
ideas__idtrees__plot_train_MLBS_4_annotated,534,1,39,10.125
ideas__idtrees__plot_train_MLBS_4_annotated,535,2,179,47.375
ideas__idtrees__plot_train_MLBS_4_annotated,536,3,184,53.0
ideas__idtrees__plot_train_MLBS_4_annotated,537,4,48,13.625
ideas__idtrees__plot_train_MLBS_4_annotated,538,5,77,21.25
ideas__idtrees__plot_train_MLBS_4_annotated,539,6,36,10.5
ideas__idtrees__plot_train_MLBS_4_annotated,540,7,54,16.875
ideas__idtrees__plot_train_MLBS_4_annotated,541,8,73,20.125
ideas__idtrees__plot_train_MLBS_4_annotated,542,9,115,34.25
ideas__idtrees__plot_train_MLBS_4_annotated,543,10,192,56.125
ideas__idtrees__plot_train_MLBS_4_annotated,544,11,126,36.25
ideas__idtrees__plot_train_MLBS_4_annotated,545,12,93,28.25
ideas__idtrees__plot_train_MLBS_4_annotated,547,13,7,2.25
ideas__idtrees__plot_train_MLBS_4_annotated,548,14,64,17.25
ideas__idtrees__plot_train_MLBS_4_annotated,549,15,32,11.5
ideas__idtrees__plot_train_MLBS_5_annotated,650,0,30,8.25
ideas__idtrees__plot_train_MLBS_5_annotated,651,1,106,26.875
ideas__idtrees__plot_train_MLBS_5_annotated,652,2,69,17.875
ideas__idtrees__plot_train_MLBS_5_annotated,653,3,91,25.625
ideas__idtrees__plot_train_MLBS_5_annotated,654,4,103,27.0
ideas__idtrees__plot_train_MLBS_5_annotated,655,5,19,4.875
ideas__idtrees__plot_train_MLBS_5_annotated,656,6,18,4.75
ideas__idtrees__plot_train_MLBS_5_annotated,657,7,158,47.375
ideas__idtrees__plot_train_MLBS_5_annotated,658,8,64,17.75
ideas__idtrees__plot_train_MLBS_5_annotated,659,9,111,30.25
ideas__idtrees__plot_train_MLBS_5_annotated,660,10,38,10.625
ideas__idtrees__plot_train_MLBS_5_annotated,661,11,69,18.875
ideas__idtrees__plot_train_MLBS_5_annotated,662,12,102,26.5
ideas__idtrees__plot_train_MLBS_5_annotated,663,13,187,51.75
ideas__idtrees__plot_train_MLBS_6_annotated,664,0,96,24.0
ideas__idtrees__plot_train_MLBS_6_annotated,665,1,55,14.0
ideas__idtrees__plot_train_MLBS_6_annotated,666,2,210,55.0
ideas__idtrees__plot_train_MLBS_6_annotated,667,3,107,30.0
ideas__idtrees__plot_train_MLBS_6_annotated,668,4,52,13.375
ideas__idtrees__plot_train_MLBS_6_annotated,669,5,110,28.0
ideas__idtrees__plot_train_MLBS_6_annotated,670,6,75,21.375
ideas__idtrees__plot_train_MLBS_6_annotated,671,7,55,15.0
ideas__idtrees__plot_train_MLBS_6_annotated,672,8,32,9.5
ideas__idtrees__plot_train_MLBS_6_annotated,673,9,85,24.0
ideas__idtrees__plot_train_MLBS_6_annotated,674,10,80,22.5
ideas__idtrees__plot_train_MLBS_6_annotated,675,11,85,22.875
ideas__idtrees__plot_train_MLBS_6_annotated,676,12,50,15.375
ideas__idtrees__plot_train_MLBS_6_annotated,677,13,115,34.125
ideas__idtrees__plot_train_MLBS_6_annotated,678,14,66,22.125
ideas__idtrees__plot_train_MLBS_6_annotated,679,15,143,39.375
ideas__idtrees__plot_train_MLBS_6_annotated,680,16,104,29.25
ideas__idtrees__plot_train_MLBS_8_annotated,681,0,41,10.5
ideas__idtrees__plot_train_MLBS_8_annotated,682,1,309,84.0
ideas__idtrees__plot_train_MLBS_8_annotated,683,2,73,19.5
ideas__idtrees__plot_train_MLBS_8_annotated,684,3,208,52.5
ideas__idtrees__plot_train_MLBS_8_annotated,685,4,67,24.75
ideas__idtrees__plot_train_MLBS_8_annotated,686,5,243,76.25
ideas__idtrees__plot_train_MLBS_8_annotated,687,6,98,25.75
ideas__idtrees__plot_train_MLBS_8_annotated,688,7,76,19.25
ideas__idtrees__plot_train_MLBS_8_annotated,690,8,171,47.625
ideas__idtrees__plot_train_MLBS_8_annotated,691,9,76,21.5
ideas__idtrees__plot_train_MLBS_8_annotated,692,10,50,12.875
ideas__idtrees__plot_train_MLBS_8_annotated,693,11,87,31.375
ideas__idtrees__plot_train_MLBS_8_annotated,694,12,30,7.75
ideas__idtrees__plot_train_MLBS_8_annotated,695,13,90,23.875
ideas__idtrees__plot_train_MLBS_8_annotated,696,14,82,25.875
ideas__idtrees__plot_train_MLBS_9_annotated,697,0,73,19.625
ideas__idtrees__plot_train_MLBS_9_annotated,698,1,126,32.75
ideas__idtrees__plot_train_MLBS_9_annotated,699,2,104,27.5
ideas__idtrees__plot_train_MLBS_9_annotated,700,3,102,30.25
ideas__idtrees__plot_train_MLBS_9_annotated,701,4,250,67.625
ideas__idtrees__plot_train_MLBS_9_annotated,702,5,166,49.5
ideas__idtrees__plot_train_MLBS_9_annotated,703,6,163,45.625
ideas__idtrees__plot_train_MLBS_9_annotated,704,7,203,52.0
ideas__idtrees__plot_train_MLBS_9_annotated,705,8,100,34.75
ideas__idtrees__plot_train_MLBS_9_annotated,706,9,49,15.5
ideas__idtrees__plot_train_MLBS_9_annotated,707,10,121,40.0
ideas__idtrees__plot_train_MLBS_9_annotated,708,11,63,17.5
ideas__idtrees__plot_train_OSBS_10_annotated,11,0,65,21.75
ideas__idtrees__plot_train_OSBS_10_annotated,12,1,2,0.75
ideas__idtrees__plot_train_OSBS_10_annotated,13,2,5,1.875
ideas__idtrees__plot_train_OSBS_10_annotated,14,3,11,3.625
ideas__idtrees__plot_train_OSBS_10_annotated,15,4,220,75.0
ideas__idtrees__plot_train_OSBS_10_annotated,16,5,27,12.375
ideas__idtrees__plot_train_OSBS_10_annotated,17,6,57,22.0
ideas__idtrees__plot_train_OSBS_10_annotated,18,7,19,7.5
ideas__idtrees__plot_train_OSBS_11_annotated,19,0,9,4.125
ideas__idtrees__plot_train_OSBS_11_annotated,20,1,3,2.0
ideas__idtrees__plot_train_OSBS_11_annotated,21,2,3,0.75
ideas__idtrees__plot_train_OSBS_11_annotated,22,3,32,12.25
ideas__idtrees__plot_train_OSBS_11_annotated,23,4,5,1.75
ideas__idtrees__plot_train_OSBS_11_annotated,24,5,51,16.625
ideas__idtrees__plot_train_OSBS_11_annotated,25,6,22,8.625
ideas__idtrees__plot_train_OSBS_11_annotated,26,7,224,83.125
ideas__idtrees__plot_train_OSBS_11_annotated,27,8,31,12.0
ideas__idtrees__plot_train_OSBS_11_annotated,28,9,19,7.75
ideas__idtrees__plot_train_OSBS_11_annotated,29,10,21,8.75
ideas__idtrees__plot_train_OSBS_11_annotated,30,11,17,8.25
ideas__idtrees__plot_train_OSBS_11_annotated,31,12,16,4.875
ideas__idtrees__plot_train_OSBS_11_annotated,32,13,33,13.0
ideas__idtrees__plot_train_OSBS_11_annotated,33,14,39,14.75
ideas__idtrees__plot_train_OSBS_11_annotated,35,15,29,11.375
ideas__idtrees__plot_train_OSBS_11_annotated,36,16,19,8.125
ideas__idtrees__plot_train_OSBS_12_annotated,37,0,29,12.25
ideas__idtrees__plot_train_OSBS_12_annotated,38,1,14,6.125
ideas__idtrees__plot_train_OSBS_12_annotated,39,2,120,42.5
ideas__idtrees__plot_train_OSBS_12_annotated,40,3,22,8.0
ideas__idtrees__plot_train_OSBS_12_annotated,41,4,16,5.375
ideas__idtrees__plot_train_OSBS_12_annotated,42,5,60,19.75
ideas__idtrees__plot_train_OSBS_12_annotated,43,6,68,23.5
ideas__idtrees__plot_train_OSBS_12_annotated,44,7,29,10.25
ideas__idtrees__plot_train_OSBS_12_annotated,45,8,27,10.125
ideas__idtrees__plot_train_OSBS_12_annotated,46,9,53,18.625
ideas__idtrees__plot_train_OSBS_13_annotated,47,0,43,21.5
ideas__idtrees__plot_train_OSBS_13_annotated,48,1,73,31.875
ideas__idtrees__plot_train_OSBS_13_annotated,50,2,32,12.625
ideas__idtrees__plot_train_OSBS_13_annotated,51,3,15,7.5
ideas__idtrees__plot_train_OSBS_13_annotated,52,4,66,25.375
ideas__idtrees__plot_train_OSBS_13_annotated,53,5,29,10.25
ideas__idtrees__plot_train_OSBS_14_annotated,54,0,21,9.75
ideas__idtrees__plot_train_OSBS_14_annotated,55,1,8,4.875
ideas__idtrees__plot_train_OSBS_14_annotated,56,2,9,2.875
ideas__idtrees__plot_train_OSBS_14_annotated,57,3,19,8.375
ideas__idtrees__plot_train_OSBS_14_annotated,58,4,33,12.5
ideas__idtrees__plot_train_OSBS_14_annotated,59,5,7,2.0
ideas__idtrees__plot_train_OSBS_14_annotated,60,6,38,13.125
ideas__idtrees__plot_train_OSBS_14_annotated,62,7,20,11.25
ideas__idtrees__plot_train_OSBS_14_annotated,63,8,34,17.75
ideas__idtrees__plot_train_OSBS_14_annotated,64,9,14,4.75
ideas__idtrees__plot_train_OSBS_14_annotated,65,10,91,34.375
ideas__idtrees__plot_train_OSBS_14_annotated,66,11,28,10.25
ideas__idtrees__plot_train_OSBS_14_annotated,67,12,19,10.875
ideas__idtrees__plot_train_OSBS_15_annotated,68,0,159,68.5
ideas__idtrees__plot_train_OSBS_15_annotated,70,1,8,2.75
ideas__idtrees__plot_train_OSBS_15_annotated,72,2,14,6.375
ideas__idtrees__plot_train_OSBS_15_annotated,73,3,71,32.75
ideas__idtrees__plot_train_OSBS_15_annotated,74,4,13,4.5
ideas__idtrees__plot_train_OSBS_15_annotated,75,5,5,2.0
ideas__idtrees__plot_train_OSBS_15_annotated,76,6,15,6.0
ideas__idtrees__plot_train_OSBS_16_annotated,77,0,44,25.375
ideas__idtrees__plot_train_OSBS_16_annotated,79,1,144,101.5
ideas__idtrees__plot_train_OSBS_17_annotated,81,0,16,7.25
ideas__idtrees__plot_train_OSBS_17_annotated,83,1,12,6.25
ideas__idtrees__plot_train_OSBS_17_annotated,84,2,4,1.625
ideas__idtrees__plot_train_OSBS_17_annotated,85,3,11,5.375
ideas__idtrees__plot_train_OSBS_17_annotated,86,4,4,1.5
ideas__idtrees__plot_train_OSBS_17_annotated,87,5,9,3.375
ideas__idtrees__plot_train_OSBS_17_annotated,88,6,8,3.25
ideas__idtrees__plot_train_OSBS_17_annotated,89,7,3,0.75
ideas__idtrees__plot_train_OSBS_18_annotated,90,0,17,5.25
ideas__idtrees__plot_train_OSBS_18_annotated,92,1,47,15.5
ideas__idtrees__plot_train_OSBS_18_annotated,93,2,19,5.625
ideas__idtrees__plot_train_OSBS_18_annotated,94,3,38,10.75
ideas__idtrees__plot_train_OSBS_18_annotated,95,4,26,8.625
ideas__idtrees__plot_train_OSBS_18_annotated,96,5,43,13.375
ideas__idtrees__plot_train_OSBS_18_annotated,97,6,26,9.0
ideas__idtrees__plot_train_OSBS_18_annotated,98,7,13,4.0
ideas__idtrees__plot_train_OSBS_18_annotated,99,8,14,4.625
ideas__idtrees__plot_train_OSBS_18_annotated,100,9,9,2.75
ideas__idtrees__plot_train_OSBS_18_annotated,103,10,32,9.5
ideas__idtrees__plot_train_OSBS_18_annotated,104,11,23,6.25
ideas__idtrees__plot_train_OSBS_18_annotated,105,12,28,7.5
ideas__idtrees__plot_train_OSBS_18_annotated,106,13,4,2.25
ideas__idtrees__plot_train_OSBS_18_annotated,107,14,71,19.25
ideas__idtrees__plot_train_OSBS_18_annotated,108,15,23,8.0
ideas__idtrees__plot_train_OSBS_18_annotated,109,16,48,15.625
ideas__idtrees__plot_train_OSBS_18_annotated,110,17,34,11.375
ideas__idtrees__plot_train_OSBS_18_annotated,111,18,61,20.25
ideas__idtrees__plot_train_OSBS_18_annotated,112,19,35,16.0
ideas__idtrees__plot_train_OSBS_19_annotated,113,0,30,11.0
ideas__idtrees__plot_train_OSBS_19_annotated,114,1,8,2.75
ideas__idtrees__plot_train_OSBS_19_annotated,115,2,3,0.75
ideas__idtrees__plot_train_OSBS_19_annotated,116,3,28,8.75
ideas__idtrees__plot_train_OSBS_19_annotated,117,4,25,9.125
ideas__idtrees__plot_train_OSBS_19_annotated,118,5,6,2.25
ideas__idtrees__plot_train_OSBS_19_annotated,119,6,28,10.0
ideas__idtrees__plot_train_OSBS_19_annotated,120,7,38,19.0
ideas__idtrees__plot_train_OSBS_1_annotated,1,0,11,4.5
ideas__idtrees__plot_train_OSBS_1_annotated,2,1,114,47.375
ideas__idtrees__plot_train_OSBS_1_annotated,3,2,38,13.625
ideas__idtrees__plot_train_OSBS_1_annotated,4,3,93,34.375
ideas__idtrees__plot_train_OSBS_1_annotated,5,4,7,3.0
ideas__idtrees__plot_train_OSBS_1_annotated,6,5,21,7.0
ideas__idtrees__plot_train_OSBS_1_annotated,7,6,23,6.25
ideas__idtrees__plot_train_OSBS_1_annotated,8,7,118,46.125
ideas__idtrees__plot_train_OSBS_1_annotated,9,8,4,1.0
ideas__idtrees__plot_train_OSBS_1_annotated,10,9,8,2.125
ideas__idtrees__plot_train_OSBS_20_annotated,142,0,52,30.875
ideas__idtrees__plot_train_OSBS_20_annotated,143,1,10,3.5
ideas__idtrees__plot_train_OSBS_20_annotated,144,2,38,13.625
ideas__idtrees__plot_train_OSBS_20_annotated,145,3,9,3.875
ideas__idtrees__plot_train_OSBS_20_annotated,146,4,14,5.875
ideas__idtrees__plot_train_OSBS_20_annotated,147,5,5,1.75
ideas__idtrees__plot_train_OSBS_20_annotated,148,6,10,4.0
ideas__idtrees__plot_train_OSBS_20_annotated,149,7,2,0.75
ideas__idtrees__plot_train_OSBS_20_annotated,150,8,6,2.625
ideas__idtrees__plot_train_OSBS_20_annotated,151,9,11,4.375
ideas__idtrees__plot_train_OSBS_20_annotated,152,10,45,18.25
ideas__idtrees__plot_train_OSBS_20_annotated,153,11,6,2.0
ideas__idtrees__plot_train_OSBS_20_annotated,154,12,17,6.875
ideas__idtrees__plot_train_OSBS_20_annotated,155,13,7,2.625
ideas__idtrees__plot_train_OSBS_21_annotated,156,0,19,5.625
ideas__idtrees__plot_train_OSBS_21_annotated,157,1,28,9.75
ideas__idtrees__plot_train_OSBS_21_annotated,158,2,16,5.375
ideas__idtrees__plot_train_OSBS_21_annotated,159,3,21,7.375
ideas__idtrees__plot_train_OSBS_21_annotated,160,4,34,14.125
ideas__idtrees__plot_train_OSBS_21_annotated,161,5,67,22.5
ideas__idtrees__plot_train_OSBS_21_annotated,162,6,32,8.5
ideas__idtrees__plot_train_OSBS_21_annotated,163,7,70,23.625
ideas__idtrees__plot_train_OSBS_21_annotated,164,8,26,9.125
ideas__idtrees__plot_train_OSBS_21_annotated,165,9,14,5.0
ideas__idtrees__plot_train_OSBS_21_annotated,166,10,122,44.0
ideas__idtrees__plot_train_OSBS_21_annotated,167,11,19,6.625
ideas__idtrees__plot_train_OSBS_21_annotated,168,12,16,4.75
ideas__idtrees__plot_train_OSBS_21_annotated,169,13,35,11.0
ideas__idtrees__plot_train_OSBS_21_annotated,170,14,34,13.125
ideas__idtrees__plot_train_OSBS_21_annotated,171,15,42,12.125
ideas__idtrees__plot_train_OSBS_21_annotated,172,16,8,2.5
ideas__idtrees__plot_train_OSBS_21_annotated,173,17,15,4.625
ideas__idtrees__plot_train_OSBS_21_annotated,174,18,28,9.0
ideas__idtrees__plot_train_OSBS_21_annotated,175,19,4,1.25
ideas__idtrees__plot_train_OSBS_21_annotated,176,20,7,2.0
ideas__idtrees__plot_train_OSBS_21_annotated,177,21,15,5.875
ideas__idtrees__plot_train_OSBS_22_annotated,178,0,3,1.625
ideas__idtrees__plot_train_OSBS_22_annotated,180,1,3,1.75
ideas__idtrees__plot_train_OSBS_22_annotated,181,2,12,7.5
ideas__idtrees__plot_train_OSBS_22_annotated,182,3,36,17.875
ideas__idtrees__plot_train_OSBS_22_annotated,183,4,118,64.25
ideas__idtrees__plot_train_OSBS_22_annotated,184,5,67,31.875
ideas__idtrees__plot_train_OSBS_22_annotated,186,6,12,6.125
ideas__idtrees__plot_train_OSBS_22_annotated,187,7,7,3.75
ideas__idtrees__plot_train_OSBS_22_annotated,188,8,12,5.0
ideas__idtrees__plot_train_OSBS_22_annotated,189,9,28,12.125
ideas__idtrees__plot_train_OSBS_22_annotated,190,10,48,30.25
ideas__idtrees__plot_train_OSBS_23_annotated,191,0,172,53.25
ideas__idtrees__plot_train_OSBS_23_annotated,192,1,138,40.375
ideas__idtrees__plot_train_OSBS_23_annotated,193,2,84,27.5
ideas__idtrees__plot_train_OSBS_23_annotated,194,3,48,14.75
ideas__idtrees__plot_train_OSBS_23_annotated,195,4,129,39.75
ideas__idtrees__plot_train_OSBS_23_annotated,196,5,246,82.25
ideas__idtrees__plot_train_OSBS_23_annotated,197,6,13,3.625
ideas__idtrees__plot_train_OSBS_23_annotated,198,7,25,7.375
ideas__idtrees__plot_train_OSBS_23_annotated,199,8,33,11.75
ideas__idtrees__plot_train_OSBS_23_annotated,200,9,10,3.75
ideas__idtrees__plot_train_OSBS_23_annotated,201,10,49,16.0
ideas__idtrees__plot_train_OSBS_23_annotated,202,11,79,27.5
ideas__idtrees__plot_train_OSBS_24_annotated,203,0,170,50.375
ideas__idtrees__plot_train_OSBS_24_annotated,204,1,12,3.5
ideas__idtrees__plot_train_OSBS_24_annotated,205,2,11,3.875
ideas__idtrees__plot_train_OSBS_24_annotated,206,3,8,2.5
ideas__idtrees__plot_train_OSBS_24_annotated,207,4,21,6.5
ideas__idtrees__plot_train_OSBS_24_annotated,208,5,9,3.0
ideas__idtrees__plot_train_OSBS_24_annotated,209,6,48,17.125
ideas__idtrees__plot_train_OSBS_24_annotated,210,7,22,7.0
ideas__idtrees__plot_train_OSBS_24_annotated,211,8,10,3.25
ideas__idtrees__plot_train_OSBS_24_annotated,212,9,4,1.0
ideas__idtrees__plot_train_OSBS_24_annotated,213,10,39,12.125
ideas__idtrees__plot_train_OSBS_24_annotated,214,11,44,15.625
ideas__idtrees__plot_train_OSBS_24_annotated,215,12,19,7.5
ideas__idtrees__plot_train_OSBS_24_annotated,216,13,51,17.375
ideas__idtrees__plot_train_OSBS_24_annotated,217,14,15,5.25
ideas__idtrees__plot_train_OSBS_24_annotated,218,15,45,14.5
ideas__idtrees__plot_train_OSBS_24_annotated,219,16,18,5.75
ideas__idtrees__plot_train_OSBS_24_annotated,220,17,34,13.25
ideas__idtrees__plot_train_OSBS_24_annotated,221,18,14,3.75
ideas__idtrees__plot_train_OSBS_24_annotated,222,19,57,25.0
ideas__idtrees__plot_train_OSBS_24_annotated,223,20,28,10.25
ideas__idtrees__plot_train_OSBS_24_annotated,224,21,45,15.5
ideas__idtrees__plot_train_OSBS_25_annotated,226,0,69,26.125
ideas__idtrees__plot_train_OSBS_25_annotated,227,1,17,8.0
ideas__idtrees__plot_train_OSBS_25_annotated,228,2,17,6.375
ideas__idtrees__plot_train_OSBS_25_annotated,229,3,30,9.75
ideas__idtrees__plot_train_OSBS_25_annotated,230,4,23,9.5
ideas__idtrees__plot_train_OSBS_25_annotated,231,5,22,9.625
ideas__idtrees__plot_train_OSBS_25_annotated,232,6,20,8.0
ideas__idtrees__plot_train_OSBS_25_annotated,233,7,41,16.75
ideas__idtrees__plot_train_OSBS_25_annotated,234,8,54,20.125
ideas__idtrees__plot_train_OSBS_25_annotated,235,9,39,13.5
ideas__idtrees__plot_train_OSBS_25_annotated,236,10,25,10.5
ideas__idtrees__plot_train_OSBS_25_annotated,237,11,37,11.0
ideas__idtrees__plot_train_OSBS_25_annotated,238,12,23,7.125
ideas__idtrees__plot_train_OSBS_25_annotated,239,13,29,11.25
ideas__idtrees__plot_train_OSBS_25_annotated,240,14,62,22.875
ideas__idtrees__plot_train_OSBS_25_annotated,241,15,26,8.75
ideas__idtrees__plot_train_OSBS_25_annotated,242,16,49,21.625
ideas__idtrees__plot_train_OSBS_25_annotated,243,17,8,2.0
ideas__idtrees__plot_train_OSBS_25_annotated,244,18,30,12.875
ideas__idtrees__plot_train_OSBS_25_annotated,245,19,18,5.625
ideas__idtrees__plot_train_OSBS_26_annotated,246,0,37,13.625
ideas__idtrees__plot_train_OSBS_26_annotated,247,1,10,3.875
ideas__idtrees__plot_train_OSBS_26_annotated,248,2,15,4.625
ideas__idtrees__plot_train_OSBS_26_annotated,249,3,28,7.875
ideas__idtrees__plot_train_OSBS_26_annotated,250,4,41,13.5
ideas__idtrees__plot_train_OSBS_26_annotated,251,5,24,10.5
ideas__idtrees__plot_train_OSBS_26_annotated,252,6,58,20.0
ideas__idtrees__plot_train_OSBS_26_annotated,253,7,5,1.625
ideas__idtrees__plot_train_OSBS_26_annotated,254,8,49,17.375
ideas__idtrees__plot_train_OSBS_26_annotated,255,9,40,13.5
ideas__idtrees__plot_train_OSBS_26_annotated,256,10,61,24.0
ideas__idtrees__plot_train_OSBS_26_annotated,257,11,58,22.375
ideas__idtrees__plot_train_OSBS_26_annotated,258,12,4,1.25
ideas__idtrees__plot_train_OSBS_26_annotated,259,13,13,4.0
ideas__idtrees__plot_train_OSBS_26_annotated,260,14,13,5.0
ideas__idtrees__plot_train_OSBS_27_annotated,261,0,40,19.875
ideas__idtrees__plot_train_OSBS_27_annotated,262,1,13,8.5
ideas__idtrees__plot_train_OSBS_27_annotated,263,2,6,4.5
ideas__idtrees__plot_train_OSBS_27_annotated,264,3,15,7.875
ideas__idtrees__plot_train_OSBS_27_annotated,265,4,5,2.875
ideas__idtrees__plot_train_OSBS_28_annotated,266,0,377,137.75
ideas__idtrees__plot_train_OSBS_28_annotated,267,1,30,13.25
ideas__idtrees__plot_train_OSBS_28_annotated,268,2,10,4.5
ideas__idtrees__plot_train_OSBS_28_annotated,269,3,9,4.5
ideas__idtrees__plot_train_OSBS_28_annotated,270,4,7,2.75
ideas__idtrees__plot_train_OSBS_28_annotated,271,5,19,6.375
ideas__idtrees__plot_train_OSBS_28_annotated,274,6,13,6.0
ideas__idtrees__plot_train_OSBS_28_annotated,275,7,4,1.25
ideas__idtrees__plot_train_OSBS_28_annotated,276,8,18,6.125
ideas__idtrees__plot_train_OSBS_28_annotated,277,9,3,1.375
ideas__idtrees__plot_train_OSBS_28_annotated,278,10,87,26.5
ideas__idtrees__plot_train_OSBS_28_annotated,279,11,95,36.375
ideas__idtrees__plot_train_OSBS_29_annotated,280,0,5,2.25
ideas__idtrees__plot_train_OSBS_29_annotated,281,1,17,11.125
ideas__idtrees__plot_train_OSBS_29_annotated,282,2,33,22.75
ideas__idtrees__plot_train_OSBS_29_annotated,283,3,11,5.75
ideas__idtrees__plot_train_OSBS_29_annotated,285,4,10,4.75
ideas__idtrees__plot_train_OSBS_29_annotated,286,5,7,3.25
ideas__idtrees__plot_train_OSBS_29_annotated,287,6,3,1.25
ideas__idtrees__plot_train_OSBS_29_annotated,288,7,3,2.0
ideas__idtrees__plot_train_OSBS_29_annotated,289,8,15,12.75
ideas__idtrees__plot_train_OSBS_29_annotated,290,9,29,13.875
ideas__idtrees__plot_train_OSBS_29_annotated,291,10,9,2.75
ideas__idtrees__plot_train_OSBS_29_annotated,292,11,8,2.5
ideas__idtrees__plot_train_OSBS_29_annotated,294,12,5,2.25
ideas__idtrees__plot_train_OSBS_29_annotated,295,13,13,7.375
ideas__idtrees__plot_train_OSBS_29_annotated,296,14,6,2.375
ideas__idtrees__plot_train_OSBS_29_annotated,298,15,48,19.75
ideas__idtrees__plot_train_OSBS_2_annotated,121,0,10,4.75
ideas__idtrees__plot_train_OSBS_2_annotated,122,1,18,7.25
ideas__idtrees__plot_train_OSBS_2_annotated,123,2,125,42.75
ideas__idtrees__plot_train_OSBS_2_annotated,124,3,14,4.875
ideas__idtrees__plot_train_OSBS_2_annotated,125,4,10,4.0
ideas__idtrees__plot_train_OSBS_2_annotated,126,5,18,6.25
ideas__idtrees__plot_train_OSBS_2_annotated,127,6,6,1.5
ideas__idtrees__plot_train_OSBS_2_annotated,128,7,5,1.625
ideas__idtrees__plot_train_OSBS_2_annotated,129,8,55,28.5
ideas__idtrees__plot_train_OSBS_2_annotated,130,9,16,5.25
ideas__idtrees__plot_train_OSBS_2_annotated,131,10,17,6.125
ideas__idtrees__plot_train_OSBS_2_annotated,132,11,26,8.0
ideas__idtrees__plot_train_OSBS_2_annotated,133,12,34,10.25
ideas__idtrees__plot_train_OSBS_2_annotated,134,13,10,2.875
ideas__idtrees__plot_train_OSBS_2_annotated,136,14,25,11.875
ideas__idtrees__plot_train_OSBS_2_annotated,137,15,8,4.25
ideas__idtrees__plot_train_OSBS_2_annotated,138,16,4,1.75
ideas__idtrees__plot_train_OSBS_2_annotated,139,17,158,57.375
ideas__idtrees__plot_train_OSBS_2_annotated,140,18,16,4.75
ideas__idtrees__plot_train_OSBS_30_annotated,316,0,181,78.375
ideas__idtrees__plot_train_OSBS_30_annotated,317,1,95,45.0
ideas__idtrees__plot_train_OSBS_30_annotated,318,2,127,57.25
ideas__idtrees__plot_train_OSBS_30_annotated,319,3,122,61.875
ideas__idtrees__plot_train_OSBS_30_annotated,320,4,13,5.0
ideas__idtrees__plot_train_OSBS_30_annotated,321,5,28,12.5
ideas__idtrees__plot_train_OSBS_30_annotated,322,6,9,3.625
ideas__idtrees__plot_train_OSBS_30_annotated,323,7,35,17.5
ideas__idtrees__plot_train_OSBS_30_annotated,324,8,27,12.625
ideas__idtrees__plot_train_OSBS_31_annotated,325,0,174,75.75
ideas__idtrees__plot_train_OSBS_31_annotated,326,1,48,23.0
ideas__idtrees__plot_train_OSBS_31_annotated,327,2,40,14.625
ideas__idtrees__plot_train_OSBS_31_annotated,328,3,29,12.75
ideas__idtrees__plot_train_OSBS_31_annotated,329,4,127,52.0
ideas__idtrees__plot_train_OSBS_31_annotated,330,5,37,17.625
ideas__idtrees__plot_train_OSBS_31_annotated,331,6,24,8.75
ideas__idtrees__plot_train_OSBS_31_annotated,332,7,30,13.75
ideas__idtrees__plot_train_OSBS_31_annotated,333,8,15,8.125
ideas__idtrees__plot_train_OSBS_32_annotated,334,0,17,5.375
ideas__idtrees__plot_train_OSBS_32_annotated,335,1,39,17.375
ideas__idtrees__plot_train_OSBS_32_annotated,336,2,46,19.125
ideas__idtrees__plot_train_OSBS_32_annotated,337,3,9,3.5
ideas__idtrees__plot_train_OSBS_32_annotated,338,4,64,23.5
ideas__idtrees__plot_train_OSBS_32_annotated,339,5,11,4.375
ideas__idtrees__plot_train_OSBS_32_annotated,340,6,53,24.375
ideas__idtrees__plot_train_OSBS_32_annotated,341,7,131,54.125
ideas__idtrees__plot_train_OSBS_32_annotated,342,8,224,81.375
ideas__idtrees__plot_train_OSBS_32_annotated,343,9,57,22.5
ideas__idtrees__plot_train_OSBS_32_annotated,345,10,61,24.125
ideas__idtrees__plot_train_OSBS_33_annotated,346,0,34,14.125
ideas__idtrees__plot_train_OSBS_33_annotated,347,1,8,3.875
ideas__idtrees__plot_train_OSBS_33_annotated,348,2,6,2.75
ideas__idtrees__plot_train_OSBS_33_annotated,349,3,19,14.625
ideas__idtrees__plot_train_OSBS_33_annotated,350,4,3,1.625
ideas__idtrees__plot_train_OSBS_33_annotated,351,5,6,2.875
ideas__idtrees__plot_train_OSBS_33_annotated,352,6,20,16.375
ideas__idtrees__plot_train_OSBS_33_annotated,353,7,6,3.5
ideas__idtrees__plot_train_OSBS_33_annotated,354,8,11,4.5
ideas__idtrees__plot_train_OSBS_33_annotated,355,9,41,16.5
ideas__idtrees__plot_train_OSBS_34_annotated,356,0,30,9.875
ideas__idtrees__plot_train_OSBS_34_annotated,357,1,13,4.25
ideas__idtrees__plot_train_OSBS_34_annotated,358,2,32,11.0
ideas__idtrees__plot_train_OSBS_34_annotated,359,3,45,14.5
ideas__idtrees__plot_train_OSBS_34_annotated,360,4,31,11.125
ideas__idtrees__plot_train_OSBS_34_annotated,361,5,7,2.0
ideas__idtrees__plot_train_OSBS_34_annotated,362,6,42,15.5
ideas__idtrees__plot_train_OSBS_34_annotated,363,7,25,10.625
ideas__idtrees__plot_train_OSBS_34_annotated,365,8,19,10.0
ideas__idtrees__plot_train_OSBS_34_annotated,366,9,42,15.375
ideas__idtrees__plot_train_OSBS_34_annotated,367,10,23,8.125
ideas__idtrees__plot_train_OSBS_34_annotated,368,11,34,13.5
ideas__idtrees__plot_train_OSBS_34_annotated,369,12,9,4.25
ideas__idtrees__plot_train_OSBS_35_annotated,77,0,44,25.375
ideas__idtrees__plot_train_OSBS_35_annotated,79,1,144,101.5
ideas__idtrees__plot_train_OSBS_36_annotated,374,0,201,87.625
ideas__idtrees__plot_train_OSBS_36_annotated,375,1,145,65.875
ideas__idtrees__plot_train_OSBS_36_annotated,376,2,6,2.0
ideas__idtrees__plot_train_OSBS_36_annotated,377,3,112,38.125
ideas__idtrees__plot_train_OSBS_36_annotated,378,4,42,15.75
ideas__idtrees__plot_train_OSBS_36_annotated,379,5,33,10.625
ideas__idtrees__plot_train_OSBS_36_annotated,380,6,61,23.125
ideas__idtrees__plot_train_OSBS_37_annotated,381,0,144,49.0
ideas__idtrees__plot_train_OSBS_37_annotated,382,1,352,105.0
ideas__idtrees__plot_train_OSBS_37_annotated,383,2,38,16.125
ideas__idtrees__plot_train_OSBS_37_annotated,384,3,222,71.25
ideas__idtrees__plot_train_OSBS_37_annotated,385,4,63,19.625
ideas__idtrees__plot_train_OSBS_37_annotated,386,5,209,73.5
ideas__idtrees__plot_train_OSBS_38_annotated,388,0,6,2.875
ideas__idtrees__plot_train_OSBS_38_annotated,390,1,49,33.5
ideas__idtrees__plot_train_OSBS_38_annotated,391,2,48,33.875
ideas__idtrees__plot_train_OSBS_38_annotated,392,3,6,3.5
ideas__idtrees__plot_train_OSBS_38_annotated,394,4,2,0.75
ideas__idtrees__plot_train_OSBS_38_annotated,395,5,15,7.0
ideas__idtrees__plot_train_OSBS_39_annotated,396,0,19,11.625
ideas__idtrees__plot_train_OSBS_39_annotated,397,1,68,22.5
ideas__idtrees__plot_train_OSBS_39_annotated,398,2,28,9.875
ideas__idtrees__plot_train_OSBS_39_annotated,399,3,18,5.125
ideas__idtrees__plot_train_OSBS_39_annotated,400,4,93,29.25
ideas__idtrees__plot_train_OSBS_39_annotated,401,5,57,18.0
ideas__idtrees__plot_train_OSBS_39_annotated,402,6,56,19.25
ideas__idtrees__plot_train_OSBS_39_annotated,403,7,50,16.875
ideas__idtrees__plot_train_OSBS_39_annotated,404,8,40,20.375
ideas__idtrees__plot_train_OSBS_39_annotated,405,9,26,8.625
ideas__idtrees__plot_train_OSBS_39_annotated,406,10,44,14.25
ideas__idtrees__plot_train_OSBS_39_annotated,407,11,23,9.375
ideas__idtrees__plot_train_OSBS_39_annotated,408,12,4,1.625
ideas__idtrees__plot_train_OSBS_3_annotated,299,0,5,5.75
ideas__idtrees__plot_train_OSBS_3_annotated,300,1,9,5.25
ideas__idtrees__plot_train_OSBS_3_annotated,301,2,23,9.875
ideas__idtrees__plot_train_OSBS_3_annotated,302,3,11,3.625
ideas__idtrees__plot_train_OSBS_3_annotated,303,4,17,7.125
ideas__idtrees__plot_train_OSBS_3_annotated,304,5,38,21.125
ideas__idtrees__plot_train_OSBS_3_annotated,305,6,3,0.75
ideas__idtrees__plot_train_OSBS_3_annotated,306,7,12,4.25
ideas__idtrees__plot_train_OSBS_3_annotated,307,8,52,25.75
ideas__idtrees__plot_train_OSBS_3_annotated,308,9,4,1.875
ideas__idtrees__plot_train_OSBS_3_annotated,309,10,11,4.625
ideas__idtrees__plot_train_OSBS_3_annotated,310,11,16,6.5
ideas__idtrees__plot_train_OSBS_3_annotated,312,12,33,25.625
ideas__idtrees__plot_train_OSBS_3_annotated,313,13,9,3.625
ideas__idtrees__plot_train_OSBS_3_annotated,314,14,16,7.125
ideas__idtrees__plot_train_OSBS_4_annotated,409,0,25,9.375
ideas__idtrees__plot_train_OSBS_4_annotated,413,1,35,20.125
ideas__idtrees__plot_train_OSBS_4_annotated,414,2,11,7.75
ideas__idtrees__plot_train_OSBS_4_annotated,415,3,6,2.25
ideas__idtrees__plot_train_OSBS_4_annotated,416,4,16,6.125
ideas__idtrees__plot_train_OSBS_4_annotated,417,5,10,4.0
ideas__idtrees__plot_train_OSBS_4_annotated,418,6,19,7.375
ideas__idtrees__plot_train_OSBS_4_annotated,420,7,34,15.625
ideas__idtrees__plot_train_OSBS_4_annotated,422,8,12,8.375
ideas__idtrees__plot_train_OSBS_4_annotated,424,9,6,4.5
ideas__idtrees__plot_train_OSBS_4_annotated,425,10,11,4.75
ideas__idtrees__plot_train_OSBS_5_annotated,426,0,3,1.25
ideas__idtrees__plot_train_OSBS_5_annotated,427,1,139,51.5
ideas__idtrees__plot_train_OSBS_5_annotated,428,2,23,11.625
ideas__idtrees__plot_train_OSBS_5_annotated,429,3,12,4.625
ideas__idtrees__plot_train_OSBS_5_annotated,431,4,3,0.75
ideas__idtrees__plot_train_OSBS_5_annotated,432,5,43,17.875
ideas__idtrees__plot_train_OSBS_5_annotated,433,6,9,4.25
ideas__idtrees__plot_train_OSBS_6_annotated,436,0,77,35.375
ideas__idtrees__plot_train_OSBS_6_annotated,437,1,56,24.75
ideas__idtrees__plot_train_OSBS_6_annotated,438,2,81,39.75
ideas__idtrees__plot_train_OSBS_6_annotated,439,3,32,16.875
ideas__idtrees__plot_train_OSBS_7_annotated,440,0,4,2.375
ideas__idtrees__plot_train_OSBS_7_annotated,441,1,23,8.5
ideas__idtrees__plot_train_OSBS_7_annotated,442,2,8,3.75
ideas__idtrees__plot_train_OSBS_7_annotated,443,3,7,3.25
ideas__idtrees__plot_train_OSBS_7_annotated,444,4,12,5.125
ideas__idtrees__plot_train_OSBS_7_annotated,445,5,6,2.875
ideas__idtrees__plot_train_OSBS_7_annotated,446,6,28,11.5
ideas__idtrees__plot_train_OSBS_7_annotated,447,7,9,3.875
ideas__idtrees__plot_train_OSBS_7_annotated,448,8,81,34.125
ideas__idtrees__plot_train_OSBS_7_annotated,449,9,25,10.125
ideas__idtrees__plot_train_OSBS_7_annotated,450,10,29,11.5
ideas__idtrees__plot_train_OSBS_7_annotated,452,11,17,7.5
ideas__idtrees__plot_train_OSBS_7_annotated,453,12,43,17.125
ideas__idtrees__plot_train_OSBS_7_annotated,454,13,2,0.75
ideas__idtrees__plot_train_OSBS_7_annotated,455,14,30,10.875
ideas__idtrees__plot_train_OSBS_7_annotated,456,15,34,12.125
ideas__idtrees__plot_train_OSBS_7_annotated,457,16,47,24.625
ideas__idtrees__plot_train_OSBS_8_annotated,459,0,53,18.5
ideas__idtrees__plot_train_OSBS_8_annotated,460,1,57,19.0
ideas__idtrees__plot_train_OSBS_8_annotated,461,2,100,39.125
ideas__idtrees__plot_train_OSBS_8_annotated,462,3,7,5.0
ideas__idtrees__plot_train_OSBS_8_annotated,464,4,108,33.875
ideas__idtrees__plot_train_OSBS_8_annotated,465,5,25,8.0
ideas__idtrees__plot_train_OSBS_8_annotated,466,6,150,73.875
ideas__idtrees__plot_train_OSBS_8_annotated,467,7,97,33.125
ideas__idtrees__plot_train_OSBS_9_annotated,468,0,13,4.25
ideas__idtrees__plot_train_OSBS_9_annotated,469,1,141,51.625
ideas__idtrees__plot_train_OSBS_9_annotated,470,2,154,52.375
ideas__idtrees__plot_train_OSBS_9_annotated,471,3,88,32.0
ideas__idtrees__plot_train_OSBS_9_annotated,472,4,147,58.0
ideas__la_palma__plot_1_annotated,1,0,221,61.75
ideas__la_palma__plot_1_annotated,2,1,327,93.625
ideas__la_palma__plot_1_annotated,3,2,140,39.5
ideas__la_palma__plot_1_annotated,4,3,32,8.875
ideas__la_palma__plot_1_annotated,5,4,279,79.75
ideas__la_palma__plot_1_annotated,6,5,264,78.125
ideas__la_palma__plot_1_annotated,7,6,279,85.875
ideas__la_palma__plot_1_annotated,8,7,153,46.125
ideas__la_palma__plot_1_annotated,9,8,210,57.625
ideas__la_palma__plot_1_annotated,10,9,245,72.875
ideas__la_palma__plot_1_annotated,11,10,199,56.75
ideas__la_palma__plot_1_annotated,12,11,47,14.125
ideas__la_palma__plot_1_annotated,13,12,134,40.25
ideas__la_palma__plot_1_annotated,14,13,117,50.125
ideas__la_palma__plot_1_annotated,15,14,221,60.875
ideas__la_palma__plot_1_annotated,16,15,213,62.125
ideas__la_palma__plot_1_annotated,17,16,248,70.125
ideas__la_palma__plot_1_annotated,18,17,225,63.75
ideas__la_palma__plot_1_annotated,19,18,315,90.5
ideas__la_palma__plot_1_annotated,20,19,255,72.25
ideas__la_palma__plot_1_annotated,21,20,169,46.25
ideas__la_palma__plot_1_annotated,22,21,274,81.875
ideas__la_palma__plot_1_annotated,30,22,309,92.125
ideas__la_palma__plot_1_annotated,46,23,156,41.5
ideas__la_palma__plot_1_annotated,47,24,27,8.5
ideas__sepilok__plot_1_annotated,1,0,399,146.375
ideas__sepilok__plot_1_annotated,2,1,250,87.0
ideas__sepilok__plot_1_annotated,3,2,568,190.0
ideas__sepilok__plot_1_annotated,4,3,436,131.75
ideas__sepilok__plot_1_annotated,5,4,580,192.25
ideas__sepilok__plot_1_annotated,6,5,242,80.25
ideas__sepilok__plot_1_annotated,7,6,431,133.875
ideas__sepilok__plot_1_annotated,8,7,174,150.5
ideas__sepilok__plot_1_annotated,9,8,149,57.875
ideas__sepilok__plot_1_annotated,10,9,492,197.75
ideas__sepilok__plot_1_annotated,11,10,198,74.375
ideas__sepilok__plot_1_annotated,12,11,671,222.75
ideas__sepilok__plot_1_annotated,13,12,298,92.25
ideas__sepilok__plot_1_annotated,14,13,322,114.25
ideas__sepilok__plot_1_annotated,15,14,226,122.75
ideas__sepilok__plot_1_annotated,16,15,736,287.375
ideas__sepilok__plot_1_annotated,17,16,509,167.625
ideas__sepilok__plot_1_annotated,18,17,329,113.25
ideas__sepilok__plot_1_annotated,19,18,364,122.75
ideas__sepilok__plot_1_annotated,20,19,275,148.75
ideas__sepilok__plot_1_annotated,21,20,639,237.75
ideas__sepilok__plot_1_annotated,22,21,485,181.625
ideas__sepilok__plot_1_annotated,23,22,288,108.875
ideas__sepilok__plot_1_annotated,24,23,776,246.875
ideas__sepilok__plot_1_annotated,25,24,276,110.25
ideas__sepilok__plot_1_annotated,26,25,541,181.0
ideas__sepilok__plot_1_annotated,27,26,116,64.25
ideas__sepilok__plot_1_annotated,28,27,134,42.25
ideas__sepilok__plot_1_annotated,29,28,726,258.125
ideas__sepilok__plot_1_annotated,30,29,495,169.875
ideas__sepilok__plot_1_annotated,31,30,479,160.25
ideas__sepilok__plot_1_annotated,32,31,627,183.625
ideas__sepilok__plot_1_annotated,33,32,330,114.0
ideas__sepilok__plot_1_annotated,34,33,385,146.625
ideas__sepilok__plot_1_annotated,35,34,650,266.0
ideas__sepilok__plot_1_annotated,36,35,199,199.5
ideas__sepilok__plot_1_annotated,37,36,580,210.5
ideas__sepilok__plot_1_annotated,38,37,161,74.75
ideas__sepilok__plot_1_annotated,39,38,1185,343.75
ideas__sepilok__plot_1_annotated,40,39,249,76.625
ideas__sepilok__plot_1_annotated,41,40,833,244.375
ideas__sepilok__plot_1_annotated,42,41,390,127.0
ideas__sepilok__plot_1_annotated,43,42,388,140.0
ideas__sepilok__plot_1_annotated,44,43,240,125.75
ideas__sepilok__plot_1_annotated,45,44,342,97.75
ideas__sepilok__plot_1_annotated,46,45,190,62.875
ideas__sepilok__plot_1_annotated,47,46,251,118.375
ideas__sepilok__plot_1_annotated,48,47,246,107.0
ideas__sepilok__plot_1_annotated,49,48,208,66.25
ideas__sepilok__plot_1_annotated,50,49,179,69.375
ideas__sepilok__plot_1_annotated,51,50,421,189.375
ideas__sepilok__plot_1_annotated,52,51,342,119.0
ideas__sepilok__plot_1_annotated,53,52,243,80.75
ideas__sepilok__plot_1_annotated,54,53,145,54.125
ideas__sepilok__plot_1_annotated,55,54,1670,508.125
ideas__sepilok__plot_1_annotated,56,55,1096,341.375
ideas__sepilok__plot_1_annotated,57,56,1047,511.5
ideas__sepilok__plot_1_annotated,58,57,1377,398.875
ideas__sepilok__plot_1_annotated,59,58,1055,351.125
ideas__sepilok__plot_1_annotated,60,59,1131,354.125
ideas__sepilok__plot_1_annotated,61,60,1502,473.0
ideas__sepilok__plot_1_annotated,62,61,153,68.875
ideas__sepilok__plot_1_annotated,63,62,286,124.625
ideas__sepilok__plot_1_annotated,64,63,1280,401.5
ideas__sepilok__plot_1_annotated,65,64,214,96.75
ideas__sepilok__plot_1_annotated,66,65,1659,532.875
ideas__sepilok__plot_1_annotated,67,66,962,309.75
ideas__sepilok__plot_1_annotated,68,67,1412,514.5
ideas__sepilok__plot_1_annotated,69,68,291,151.375
ideas__sepilok__plot_1_annotated,70,69,155,60.625
ideas__sepilok__plot_1_annotated,71,70,2456,801.125
ideas__sepilok__plot_1_annotated,72,71,806,284.125
ideas__sepilok__plot_1_annotated,73,72,895,284.625
ideas__sepilok__plot_1_annotated,74,73,600,169.5
ideas__sepilok__plot_1_annotated,75,74,394,147.25
ideas__sepilok__plot_1_annotated,76,75,868,261.0
ideas__sepilok__plot_1_annotated,77,76,954,278.75
ideas__sepilok__plot_1_annotated,78,77,619,195.875
ideas__sepilok__plot_1_annotated,79,78,569,165.375
ideas__sepilok__plot_1_annotated,80,79,943,269.375
ideas__sepilok__plot_1_annotated,81,80,517,171.375
ideas__sepilok__plot_1_annotated,82,81,484,137.0
ideas__sepilok__plot_1_annotated,83,82,280,89.625
ideas__sepilok__plot_1_annotated,84,83,592,165.875
ideas__sepilok__plot_1_annotated,85,84,190,63.375
ideas__sepilok__plot_1_annotated,86,85,371,119.75
ideas__sepilok__plot_1_annotated,87,86,344,111.125
ideas__sepilok__plot_1_annotated,88,87,483,156.0
ideas__sepilok__plot_1_annotated,89,88,941,273.875
ideas__sepilok__plot_1_annotated,90,89,985,351.0
ideas__wildforest3d__plot_10_annotated,1,0,158,47.25
ideas__wildforest3d__plot_10_annotated,2,1,122,35.5
ideas__wildforest3d__plot_10_annotated,5,2,26,8.5
ideas__wildforest3d__plot_10_annotated,8,3,272,79.375
ideas__wildforest3d__plot_10_annotated,9,4,17,5.375
ideas__wildforest3d__plot_10_annotated,10,5,25,7.375
ideas__wildforest3d__plot_10_annotated,11,6,19,5.25
ideas__wildforest3d__plot_10_annotated,12,7,17,5.5
ideas__wildforest3d__plot_10_annotated,13,8,6,1.75
ideas__wildforest3d__plot_10_annotated,14,9,14,4.25
ideas__wildforest3d__plot_10_annotated,15,10,17,5.75
ideas__wildforest3d__plot_10_annotated,17,11,24,7.625
ideas__wildforest3d__plot_10_annotated,18,12,41,14.25
ideas__wildforest3d__plot_10_annotated,19,13,8,2.375
ideas__wildforest3d__plot_10_annotated,21,14,370,112.125
ideas__wildforest3d__plot_10_annotated,22,15,54,18.875
ideas__wildforest3d__plot_10_annotated,23,16,22,6.375
ideas__wildforest3d__plot_10_annotated,24,17,97,29.5
ideas__wildforest3d__plot_10_annotated,26,18,94,27.875
ideas__wildforest3d__plot_10_annotated,27,19,210,62.25
ideas__wildforest3d__plot_10_annotated,28,20,140,41.5
ideas__wildforest3d__plot_10_annotated,31,21,85,24.125
ideas__wildforest3d__plot_10_annotated,32,22,29,8.75
ideas__wildforest3d__plot_10_annotated,33,23,152,49.5
ideas__wildforest3d__plot_10_annotated,34,24,25,11.75
ideas__wildforest3d__plot_10_annotated,35,25,22,6.25
ideas__wildforest3d__plot_10_annotated,36,26,197,62.125
ideas__wildforest3d__plot_10_annotated,38,27,50,15.0
ideas__wildforest3d__plot_10_annotated,39,28,39,12.5
ideas__wildforest3d__plot_10_annotated,40,29,264,78.375
ideas__wildforest3d__plot_10_annotated,41,30,59,18.0
ideas__wildforest3d__plot_10_annotated,42,31,73,22.5
ideas__wildforest3d__plot_10_annotated,43,32,43,11.875
ideas__wildforest3d__plot_10_annotated,44,33,58,18.625
ideas__wildforest3d__plot_10_annotated,45,34,6,1.875
ideas__wildforest3d__plot_10_annotated,47,35,5,1.375
ideas__wildforest3d__plot_10_annotated,48,36,5,1.375
ideas__wildforest3d__plot_10_annotated,49,37,10,2.75
ideas__wildforest3d__plot_10_annotated,50,38,20,6.25
ideas__wildforest3d__plot_10_annotated,51,39,12,3.375
ideas__wildforest3d__plot_10_annotated,52,40,148,41.75
ideas__wildforest3d__plot_10_annotated,53,41,46,13.375
ideas__wildforest3d__plot_10_annotated,56,42,136,39.25
ideas__wildforest3d__plot_10_annotated,59,43,7,2.0
ideas__wildforest3d__plot_10_annotated,60,44,18,5.25
ideas__wildforest3d__plot_10_annotated,63,45,118,33.875
ideas__wildforest3d__plot_10_annotated,65,46,294,89.875
ideas__wildforest3d__plot_10_annotated,66,47,88,26.5
ideas__wildforest3d__plot_10_annotated,69,48,15,5.25
ideas__wildforest3d__plot_10_annotated,70,49,149,43.375
ideas__wildforest3d__plot_10_annotated,71,50,239,70.0
ideas__wildforest3d__plot_10_annotated,72,51,70,19.875
ideas__wildforest3d__plot_10_annotated,73,52,185,58.75
ideas__wildforest3d__plot_10_annotated,74,53,97,31.0
ideas__wildforest3d__plot_10_annotated,75,54,30,9.25
ideas__wildforest3d__plot_12_annotated,1,0,442,127.625
ideas__wildforest3d__plot_12_annotated,3,1,147,42.25
ideas__wildforest3d__plot_12_annotated,8,2,40,12.625
ideas__wildforest3d__plot_12_annotated,10,3,44,14.5
ideas__wildforest3d__plot_12_annotated,12,4,11,3.75
ideas__wildforest3d__plot_12_annotated,14,5,209,59.875
ideas__wildforest3d__plot_12_annotated,15,6,60,18.875
ideas__wildforest3d__plot_12_annotated,17,7,19,6.125
ideas__wildforest3d__plot_12_annotated,18,8,161,51.5
ideas__wildforest3d__plot_12_annotated,19,9,13,4.125
ideas__wildforest3d__plot_12_annotated,20,10,185,51.875
ideas__wildforest3d__plot_12_annotated,21,11,9,2.625
ideas__wildforest3d__plot_12_annotated,25,12,76,23.5
ideas__wildforest3d__plot_12_annotated,26,13,11,5.5
ideas__wildforest3d__plot_12_annotated,28,14,174,58.5
ideas__wildforest3d__plot_12_annotated,31,15,18,6.75
ideas__wildforest3d__plot_12_annotated,32,16,11,3.125
ideas__wildforest3d__plot_12_annotated,33,17,48,14.875
ideas__wildforest3d__plot_12_annotated,34,18,18,6.0
ideas__wildforest3d__plot_12_annotated,35,19,21,7.125
ideas__wildforest3d__plot_12_annotated,36,20,67,19.0
ideas__wildforest3d__plot_12_annotated,37,21,22,7.625
ideas__wildforest3d__plot_12_annotated,39,22,354,108.25
ideas__wildforest3d__plot_12_annotated,41,23,12,4.25
ideas__wildforest3d__plot_12_annotated,42,24,7,2.75
ideas__wildforest3d__plot_12_annotated,43,25,5,1.375
ideas__wildforest3d__plot_12_annotated,44,26,66,20.375
ideas__wildforest3d__plot_12_annotated,45,27,152,46.625
ideas__wildforest3d__plot_12_annotated,47,28,8,2.5
ideas__wildforest3d__plot_12_annotated,48,29,10,3.125
ideas__wildforest3d__plot_12_annotated,50,30,58,18.75
ideas__wildforest3d__plot_12_annotated,51,31,8,5.125
ideas__wildforest3d__plot_12_annotated,52,32,4,1.625
ideas__wildforest3d__plot_12_annotated,55,33,64,23.75
ideas__wildforest3d__plot_12_annotated,56,34,10,5.75
ideas__wildforest3d__plot_12_annotated,57,35,105,31.25
ideas__wildforest3d__plot_12_annotated,58,36,121,35.25
ideas__wildforest3d__plot_12_annotated,59,37,52,19.875
ideas__wildforest3d__plot_12_annotated,60,38,295,88.375
ideas__wildforest3d__plot_12_annotated,63,39,42,13.375
ideas__wildforest3d__plot_12_annotated,64,40,44,14.875
ideas__wildforest3d__plot_12_annotated,65,41,10,4.625
ideas__wildforest3d__plot_12_annotated,67,42,17,5.875
ideas__wildforest3d__plot_12_annotated,68,43,16,5.875
ideas__wildforest3d__plot_12_annotated,70,44,111,33.125
ideas__wildforest3d__plot_12_annotated,71,45,6,1.875
ideas__wildforest3d__plot_12_annotated,72,46,16,6.875
ideas__wildforest3d__plot_12_annotated,73,47,23,7.375
ideas__wildforest3d__plot_12_annotated,74,48,53,29.125
ideas__wildforest3d__plot_12_annotated,76,49,94,30.125
ideas__wildforest3d__plot_12_annotated,77,50,49,17.25
ideas__wildforest3d__plot_12_annotated,78,51,20,8.75
ideas__wildforest3d__plot_12_annotated,79,52,115,37.375
ideas__wildforest3d__plot_12_annotated,81,53,114,35.75
ideas__wildforest3d__plot_12_annotated,82,54,39,14.75
ideas__wildforest3d__plot_12_annotated,83,55,43,13.125
ideas__wildforest3d__plot_12_annotated,85,56,63,23.75
ideas__wildforest3d__plot_12_annotated,86,57,6,2.25
ideas__wildforest3d__plot_12_annotated,87,58,18,5.625
ideas__wildforest3d__plot_12_annotated,88,59,10,3.25
ideas__wildforest3d__plot_12_annotated,89,60,12,3.375
ideas__wildforest3d__plot_12_annotated,93,61,83,25.25
ideas__wildforest3d__plot_12_annotated,94,62,16,13.0
ideas__wildforest3d__plot_12_annotated,97,63,6,1.75
ideas__wildforest3d__plot_12_annotated,98,64,77,23.0
ideas__wildforest3d__plot_12_annotated,99,65,31,9.875
ideas__wildforest3d__plot_12_annotated,100,66,25,8.625
ideas__wildforest3d__plot_12_annotated,101,67,108,39.75
ideas__wildforest3d__plot_12_annotated,104,68,127,37.875
ideas__wildforest3d__plot_12_annotated,105,69,104,57.875
ideas__wildforest3d__plot_12_annotated,107,70,145,44.0
ideas__wildforest3d__plot_12_annotated,108,71,52,15.25
ideas__wildforest3d__plot_12_annotated,111,72,128,37.375
ideas__wildforest3d__plot_12_annotated,113,73,18,8.125
ideas__wildforest3d__plot_12_annotated,114,74,145,42.625
ideas__wildforest3d__plot_12_annotated,115,75,31,9.5
ideas__wildforest3d__plot_12_annotated,116,76,9,3.0
ideas__wildforest3d__plot_12_annotated,117,77,254,75.125
ideas__wildforest3d__plot_12_annotated,118,78,221,62.25
ideas__wildforest3d__plot_12_annotated,119,79,114,33.5
ideas__wildforest3d__plot_12_annotated,121,80,22,8.125
ideas__wildforest3d__plot_12_annotated,123,81,26,9.0
ideas__wildforest3d__plot_12_annotated,125,82,9,2.625
ideas__wildforest3d__plot_12_annotated,126,83,77,23.25
ideas__wildforest3d__plot_12_annotated,127,84,10,3.0
ideas__wildforest3d__plot_12_annotated,128,85,37,12.0
ideas__wildforest3d__plot_12_annotated,129,86,135,39.625
ideas__wildforest3d__plot_12_annotated,131,87,9,2.25
ideas__wildforest3d__plot_12_annotated,132,88,15,4.875
ideas__wildforest3d__plot_12_annotated,133,89,46,13.5
ideas__wildforest3d__plot_12_annotated,135,90,89,25.75
ideas__wildforest3d__plot_12_annotated,136,91,16,5.625
ideas__wildforest3d__plot_12_annotated,138,92,208,60.5
ideas__wildforest3d__plot_13_annotated,1,0,46,15.5
ideas__wildforest3d__plot_13_annotated,2,1,9,3.0
ideas__wildforest3d__plot_13_annotated,3,2,39,13.5
ideas__wildforest3d__plot_13_annotated,4,3,69,19.5
ideas__wildforest3d__plot_13_annotated,5,4,34,10.75
ideas__wildforest3d__plot_13_annotated,6,5,48,14.375
ideas__wildforest3d__plot_13_annotated,7,6,30,9.125
ideas__wildforest3d__plot_13_annotated,8,7,26,7.375
ideas__wildforest3d__plot_13_annotated,9,8,17,4.625
ideas__wildforest3d__plot_13_annotated,10,9,14,4.25
ideas__wildforest3d__plot_13_annotated,11,10,67,19.625
ideas__wildforest3d__plot_13_annotated,13,11,6,1.875
ideas__wildforest3d__plot_13_annotated,14,12,22,6.5
ideas__wildforest3d__plot_13_annotated,15,13,12,3.5
ideas__wildforest3d__plot_13_annotated,16,14,21,6.0
ideas__wildforest3d__plot_13_annotated,17,15,51,14.75
ideas__wildforest3d__plot_13_annotated,18,16,7,2.0
ideas__wildforest3d__plot_13_annotated,19,17,27,7.875
ideas__wildforest3d__plot_13_annotated,20,18,228,66.375
ideas__wildforest3d__plot_13_annotated,21,19,47,18.25
ideas__wildforest3d__plot_13_annotated,22,20,90,30.375
ideas__wildforest3d__plot_13_annotated,24,21,69,22.625
ideas__wildforest3d__plot_13_annotated,25,22,32,10.375
ideas__wildforest3d__plot_13_annotated,26,23,20,5.75
ideas__wildforest3d__plot_13_annotated,27,24,31,10.125
ideas__wildforest3d__plot_13_annotated,30,25,8,2.75
ideas__wildforest3d__plot_13_annotated,31,26,19,5.625
ideas__wildforest3d__plot_13_annotated,33,27,88,28.375
ideas__wildforest3d__plot_13_annotated,34,28,80,23.0
ideas__wildforest3d__plot_13_annotated,36,29,11,4.0
ideas__wildforest3d__plot_13_annotated,38,30,6,1.75
ideas__wildforest3d__plot_13_annotated,40,31,62,20.75
ideas__wildforest3d__plot_13_annotated,42,32,6,2.25
ideas__wildforest3d__plot_13_annotated,43,33,65,18.25
ideas__wildforest3d__plot_13_annotated,44,34,188,56.875
ideas__wildforest3d__plot_13_annotated,45,35,11,3.25
ideas__wildforest3d__plot_13_annotated,46,36,44,14.0
ideas__wildforest3d__plot_13_annotated,47,37,41,19.625
ideas__wildforest3d__plot_13_annotated,48,38,316,96.625
ideas__wildforest3d__plot_13_annotated,49,39,13,3.625
ideas__wildforest3d__plot_13_annotated,50,40,130,37.375
ideas__wildforest3d__plot_13_annotated,51,41,15,6.125
ideas__wildforest3d__plot_13_annotated,52,42,19,5.5
ideas__wildforest3d__plot_13_annotated,53,43,500,142.0
ideas__wildforest3d__plot_13_annotated,54,44,29,9.25
ideas__wildforest3d__plot_13_annotated,55,45,186,51.5
ideas__wildforest3d__plot_13_annotated,56,46,35,18.125
ideas__wildforest3d__plot_13_annotated,57,47,26,9.875
ideas__wildforest3d__plot_13_annotated,58,48,13,8.25
ideas__wildforest3d__plot_13_annotated,60,49,22,10.5
ideas__wildforest3d__plot_13_annotated,61,50,10,3.75
ideas__wildforest3d__plot_13_annotated,63,51,64,19.875
ideas__wildforest3d__plot_13_annotated,64,52,106,32.375
ideas__wildforest3d__plot_13_annotated,67,53,504,147.625
ideas__wildforest3d__plot_13_annotated,68,54,30,12.75
ideas__wildforest3d__plot_13_annotated,70,55,51,14.375
ideas__wildforest3d__plot_13_annotated,71,56,22,6.375
ideas__wildforest3d__plot_13_annotated,72,57,235,75.0
ideas__wildforest3d__plot_13_annotated,73,58,432,134.625
ideas__wildforest3d__plot_13_annotated,74,59,10,3.875
ideas__wildforest3d__plot_13_annotated,76,60,105,34.25
ideas__wildforest3d__plot_13_annotated,77,61,27,11.375
ideas__wildforest3d__plot_13_annotated,78,62,22,13.75
ideas__wildforest3d__plot_13_annotated,79,63,14,5.5
ideas__wildforest3d__plot_13_annotated,81,64,25,7.375
ideas__wildforest3d__plot_14_annotated,10,0,124,34.75
ideas__wildforest3d__plot_14_annotated,11,1,229,64.5
ideas__wildforest3d__plot_14_annotated,12,2,143,38.75
ideas__wildforest3d__plot_14_annotated,20,3,138,49.625
ideas__wildforest3d__plot_14_annotated,21,4,12,3.875
ideas__wildforest3d__plot_14_annotated,22,5,21,6.625
ideas__wildforest3d__plot_14_annotated,25,6,145,47.375
ideas__wildforest3d__plot_14_annotated,34,7,137,39.375
ideas__wildforest3d__plot_14_annotated,35,8,77,22.0
ideas__wildforest3d__plot_14_annotated,38,9,21,5.75
ideas__wildforest3d__plot_14_annotated,40,10,61,18.125
ideas__wildforest3d__plot_14_annotated,42,11,19,6.25
ideas__wildforest3d__plot_14_annotated,43,12,6,1.5
ideas__wildforest3d__plot_14_annotated,44,13,40,12.75
ideas__wildforest3d__plot_14_annotated,45,14,144,41.0
ideas__wildforest3d__plot_14_annotated,46,15,6,1.75
ideas__wildforest3d__plot_14_annotated,47,16,43,12.5
ideas__wildforest3d__plot_14_annotated,48,17,106,30.0
ideas__wildforest3d__plot_14_annotated,49,18,19,6.125
ideas__wildforest3d__plot_14_annotated,50,19,165,49.625
ideas__wildforest3d__plot_14_annotated,51,20,58,15.875
ideas__wildforest3d__plot_14_annotated,52,21,73,20.625
ideas__wildforest3d__plot_14_annotated,54,22,67,18.75
ideas__wildforest3d__plot_15_annotated,2,0,105,28.375
ideas__wildforest3d__plot_15_annotated,3,1,142,40.375
ideas__wildforest3d__plot_15_annotated,4,2,14,3.75
ideas__wildforest3d__plot_15_annotated,5,3,104,29.625
ideas__wildforest3d__plot_15_annotated,6,4,176,57.75
ideas__wildforest3d__plot_15_annotated,7,5,33,9.875
ideas__wildforest3d__plot_15_annotated,8,6,198,61.25
ideas__wildforest3d__plot_15_annotated,9,7,107,31.375
ideas__wildforest3d__plot_15_annotated,10,8,58,19.125
ideas__wildforest3d__plot_15_annotated,12,9,56,15.75
ideas__wildforest3d__plot_15_annotated,13,10,45,14.375
ideas__wildforest3d__plot_15_annotated,14,11,84,25.0
ideas__wildforest3d__plot_15_annotated,15,12,16,6.0
ideas__wildforest3d__plot_15_annotated,16,13,256,77.375
ideas__wildforest3d__plot_15_annotated,17,14,195,66.75
ideas__wildforest3d__plot_15_annotated,19,15,297,85.125
ideas__wildforest3d__plot_15_annotated,20,16,221,68.75
ideas__wildforest3d__plot_15_annotated,21,17,153,45.875
ideas__wildforest3d__plot_15_annotated,22,18,19,5.625
ideas__wildforest3d__plot_15_annotated,23,19,5,1.375
ideas__wildforest3d__plot_15_annotated,24,20,40,11.625
ideas__wildforest3d__plot_15_annotated,25,21,84,25.125
ideas__wildforest3d__plot_15_annotated,26,22,84,24.25
ideas__wildforest3d__plot_15_annotated,27,23,83,24.25
ideas__wildforest3d__plot_15_annotated,31,24,34,13.375
ideas__wildforest3d__plot_15_annotated,32,25,42,12.25
ideas__wildforest3d__plot_15_annotated,33,26,95,28.875
ideas__wildforest3d__plot_15_annotated,35,27,27,7.75
ideas__wildforest3d__plot_15_annotated,36,28,23,6.5
ideas__wildforest3d__plot_15_annotated,37,29,35,9.75
ideas__wildforest3d__plot_15_annotated,38,30,95,26.75
ideas__wildforest3d__plot_15_annotated,39,31,126,36.625
ideas__wildforest3d__plot_15_annotated,40,32,12,4.0
ideas__wildforest3d__plot_15_annotated,47,33,101,28.125
ideas__wildforest3d__plot_16_annotated,1,0,24,7.375
ideas__wildforest3d__plot_16_annotated,2,1,40,12.25
ideas__wildforest3d__plot_16_annotated,3,2,51,16.0
ideas__wildforest3d__plot_16_annotated,4,3,29,8.0
ideas__wildforest3d__plot_16_annotated,6,4,58,16.5
ideas__wildforest3d__plot_16_annotated,7,5,107,36.0
ideas__wildforest3d__plot_16_annotated,8,6,9,2.625
ideas__wildforest3d__plot_16_annotated,9,7,90,31.125
ideas__wildforest3d__plot_16_annotated,10,8,84,26.625
ideas__wildforest3d__plot_16_annotated,11,9,96,27.125
ideas__wildforest3d__plot_16_annotated,12,10,16,5.0
ideas__wildforest3d__plot_16_annotated,15,11,79,26.0
ideas__wildforest3d__plot_16_annotated,16,12,91,27.5
ideas__wildforest3d__plot_16_annotated,18,13,24,7.25
ideas__wildforest3d__plot_16_annotated,21,14,8,2.5
ideas__wildforest3d__plot_16_annotated,23,15,30,9.0
ideas__wildforest3d__plot_16_annotated,24,16,11,3.375
ideas__wildforest3d__plot_16_annotated,25,17,37,11.125
ideas__wildforest3d__plot_16_annotated,27,18,52,15.0
ideas__wildforest3d__plot_16_annotated,28,19,45,13.875
ideas__wildforest3d__plot_16_annotated,29,20,75,30.5
ideas__wildforest3d__plot_16_annotated,30,21,44,12.875
ideas__wildforest3d__plot_16_annotated,37,22,96,27.75
ideas__wildforest3d__plot_16_annotated,41,23,56,16.875
ideas__wildforest3d__plot_16_annotated,42,24,37,21.625
ideas__wildforest3d__plot_16_annotated,43,25,122,36.25
ideas__wildforest3d__plot_16_annotated,44,26,108,31.625
ideas__wildforest3d__plot_16_annotated,45,27,97,27.625
ideas__wildforest3d__plot_16_annotated,48,28,55,17.375
ideas__wildforest3d__plot_16_annotated,49,29,101,30.25
ideas__wildforest3d__plot_16_annotated,50,30,135,45.25
ideas__wildforest3d__plot_16_annotated,51,31,64,19.75
ideas__wildforest3d__plot_16_annotated,52,32,21,6.875
ideas__wildforest3d__plot_16_annotated,53,33,42,15.125
ideas__wildforest3d__plot_16_annotated,54,34,27,7.875
ideas__wildforest3d__plot_16_annotated,55,35,29,9.25
ideas__wildforest3d__plot_16_annotated,56,36,31,9.625
ideas__wildforest3d__plot_16_annotated,57,37,57,16.25
ideas__wildforest3d__plot_16_annotated,58,38,39,11.875
ideas__wildforest3d__plot_16_annotated,59,39,56,17.625
ideas__wildforest3d__plot_16_annotated,60,40,26,7.5
ideas__wildforest3d__plot_16_annotated,61,41,10,2.75
ideas__wildforest3d__plot_16_annotated,62,42,30,9.875
ideas__wildforest3d__plot_16_annotated,63,43,49,15.625
ideas__wildforest3d__plot_16_annotated,64,44,39,13.5
ideas__wildforest3d__plot_16_annotated,65,45,12,4.375
ideas__wildforest3d__plot_16_annotated,66,46,42,12.875
ideas__wildforest3d__plot_16_annotated,67,47,46,14.125
ideas__wildforest3d__plot_16_annotated,68,48,40,12.625
ideas__wildforest3d__plot_16_annotated,69,49,49,16.625
ideas__wildforest3d__plot_16_annotated,70,50,47,18.75
ideas__wildforest3d__plot_16_annotated,72,51,21,7.75
ideas__wildforest3d__plot_16_annotated,73,52,17,5.75
ideas__wildforest3d__plot_16_annotated,74,53,23,7.5
ideas__wildforest3d__plot_16_annotated,75,54,18,4.75
ideas__wildforest3d__plot_16_annotated,76,55,18,5.125
ideas__wildforest3d__plot_16_annotated,77,56,25,7.375
ideas__wildforest3d__plot_16_annotated,78,57,17,5.0
ideas__wildforest3d__plot_16_annotated,79,58,42,12.125
ideas__wildforest3d__plot_16_annotated,80,59,27,8.0
ideas__wildforest3d__plot_16_annotated,81,60,93,28.5
ideas__wildforest3d__plot_16_annotated,82,61,19,5.75
ideas__wildforest3d__plot_16_annotated,83,62,35,11.875
ideas__wildforest3d__plot_16_annotated,84,63,218,61.5
ideas__wildforest3d__plot_16_annotated,85,64,7,2.375
ideas__wildforest3d__plot_16_annotated,87,65,65,18.625
ideas__wildforest3d__plot_16_annotated,88,66,16,5.0
ideas__wildforest3d__plot_16_annotated,89,67,23,6.75
ideas__wildforest3d__plot_16_annotated,90,68,96,28.125
ideas__wildforest3d__plot_16_annotated,91,69,96,28.625
ideas__wildforest3d__plot_16_annotated,92,70,83,26.5
ideas__wildforest3d__plot_16_annotated,93,71,41,13.0
ideas__wildforest3d__plot_16_annotated,94,72,35,9.875
ideas__wildforest3d__plot_16_annotated,95,73,124,36.25
ideas__wildforest3d__plot_16_annotated,96,74,4,1.25
ideas__wildforest3d__plot_16_annotated,97,75,57,24.5
ideas__wildforest3d__plot_16_annotated,98,76,41,11.75
ideas__wildforest3d__plot_16_annotated,99,77,18,5.25
ideas__wildforest3d__plot_16_annotated,100,78,230,69.875
ideas__wildforest3d__plot_16_annotated,101,79,192,59.75
ideas__wildforest3d__plot_16_annotated,102,80,17,6.75
ideas__wildforest3d__plot_16_annotated,104,81,34,10.5
ideas__wildforest3d__plot_16_annotated,106,82,99,29.125
ideas__wildforest3d__plot_16_annotated,107,83,78,25.875
ideas__wildforest3d__plot_16_annotated,108,84,72,26.125
ideas__wildforest3d__plot_16_annotated,109,85,33,11.5
ideas__wildforest3d__plot_16_annotated,110,86,9,2.625
ideas__wildforest3d__plot_16_annotated,111,87,5,1.375
ideas__wildforest3d__plot_16_annotated,113,88,40,11.5
ideas__wildforest3d__plot_16_annotated,114,89,66,22.0
ideas__wildforest3d__plot_16_annotated,115,90,56,18.0
ideas__wildforest3d__plot_16_annotated,117,91,64,21.375
ideas__wildforest3d__plot_16_annotated,118,92,78,24.75
ideas__wildforest3d__plot_17_annotated,1,0,18,5.375
ideas__wildforest3d__plot_17_annotated,2,1,59,18.625
ideas__wildforest3d__plot_17_annotated,3,2,4,1.25
ideas__wildforest3d__plot_17_annotated,4,3,20,6.375
ideas__wildforest3d__plot_17_annotated,5,4,30,8.625
ideas__wildforest3d__plot_17_annotated,6,5,19,5.375
ideas__wildforest3d__plot_17_annotated,8,6,200,60.5
ideas__wildforest3d__plot_17_annotated,9,7,138,44.5
ideas__wildforest3d__plot_17_annotated,10,8,33,10.625
ideas__wildforest3d__plot_17_annotated,12,9,60,18.375
ideas__wildforest3d__plot_17_annotated,13,10,331,113.0
ideas__wildforest3d__plot_17_annotated,14,11,334,93.75
ideas__wildforest3d__plot_17_annotated,15,12,119,41.375
ideas__wildforest3d__plot_17_annotated,16,13,157,65.5
ideas__wildforest3d__plot_17_annotated,18,14,59,18.375
ideas__wildforest3d__plot_17_annotated,19,15,40,12.375
ideas__wildforest3d__plot_17_annotated,20,16,49,15.5
ideas__wildforest3d__plot_17_annotated,22,17,68,21.875
ideas__wildforest3d__plot_17_annotated,23,18,62,18.125
ideas__wildforest3d__plot_17_annotated,25,19,22,7.75
ideas__wildforest3d__plot_17_annotated,26,20,82,23.875
ideas__wildforest3d__plot_17_annotated,27,21,23,7.875
ideas__wildforest3d__plot_17_annotated,28,22,26,7.375
ideas__wildforest3d__plot_17_annotated,29,23,57,18.25
ideas__wildforest3d__plot_17_annotated,30,24,98,36.0
ideas__wildforest3d__plot_17_annotated,31,25,22,6.75
ideas__wildforest3d__plot_17_annotated,32,26,29,10.375
ideas__wildforest3d__plot_17_annotated,33,27,39,12.375
ideas__wildforest3d__plot_17_annotated,34,28,96,29.25
ideas__wildforest3d__plot_17_annotated,36,29,100,33.25
ideas__wildforest3d__plot_17_annotated,37,30,150,46.0
ideas__wildforest3d__plot_17_annotated,38,31,162,47.25
ideas__wildforest3d__plot_17_annotated,39,32,70,20.0
ideas__wildforest3d__plot_17_annotated,40,33,5,1.375
ideas__wildforest3d__plot_17_annotated,42,34,96,31.5
ideas__wildforest3d__plot_17_annotated,43,35,129,40.25
ideas__wildforest3d__plot_17_annotated,44,36,16,5.25
ideas__wildforest3d__plot_17_annotated,46,37,17,5.375
ideas__wildforest3d__plot_17_annotated,47,38,45,15.0
ideas__wildforest3d__plot_17_annotated,48,39,325,90.375
ideas__wildforest3d__plot_17_annotated,50,40,15,4.75
ideas__wildforest3d__plot_17_annotated,51,41,129,38.875
ideas__wildforest3d__plot_17_annotated,52,42,147,49.125
ideas__wildforest3d__plot_17_annotated,53,43,15,4.375
ideas__wildforest3d__plot_17_annotated,55,44,28,12.375
ideas__wildforest3d__plot_17_annotated,57,45,31,9.125
ideas__wildforest3d__plot_17_annotated,58,46,156,50.125
ideas__wildforest3d__plot_17_annotated,59,47,17,6.5
ideas__wildforest3d__plot_17_annotated,60,48,18,6.5
ideas__wildforest3d__plot_17_annotated,62,49,29,9.0
ideas__wildforest3d__plot_17_annotated,63,50,515,167.625
ideas__wildforest3d__plot_17_annotated,64,51,18,4.75
ideas__wildforest3d__plot_17_annotated,65,52,32,9.75
ideas__wildforest3d__plot_18_annotated,1,0,93,27.625
ideas__wildforest3d__plot_18_annotated,2,1,19,6.125
ideas__wildforest3d__plot_18_annotated,3,2,82,23.5
ideas__wildforest3d__plot_18_annotated,5,3,86,26.125
ideas__wildforest3d__plot_18_annotated,6,4,43,14.375
ideas__wildforest3d__plot_18_annotated,7,5,111,36.5
ideas__wildforest3d__plot_18_annotated,8,6,79,28.5
ideas__wildforest3d__plot_18_annotated,9,7,55,16.75
ideas__wildforest3d__plot_18_annotated,10,8,78,25.0
ideas__wildforest3d__plot_18_annotated,12,9,48,14.0
ideas__wildforest3d__plot_18_annotated,16,10,123,36.625
ideas__wildforest3d__plot_18_annotated,17,11,71,21.25
ideas__wildforest3d__plot_18_annotated,18,12,71,20.75
ideas__wildforest3d__plot_18_annotated,19,13,57,15.875
ideas__wildforest3d__plot_18_annotated,20,14,78,22.375
ideas__wildforest3d__plot_18_annotated,21,15,61,17.875
ideas__wildforest3d__plot_18_annotated,22,16,57,16.5
ideas__wildforest3d__plot_18_annotated,24,17,16,4.5
ideas__wildforest3d__plot_18_annotated,26,18,121,35.25
ideas__wildforest3d__plot_18_annotated,27,19,70,19.75
ideas__wildforest3d__plot_18_annotated,28,20,69,19.625
ideas__wildforest3d__plot_18_annotated,29,21,64,18.375
ideas__wildforest3d__plot_18_annotated,30,22,58,17.375
ideas__wildforest3d__plot_18_annotated,31,23,24,7.75
ideas__wildforest3d__plot_18_annotated,32,24,82,26.875
ideas__wildforest3d__plot_18_annotated,33,25,9,2.625
ideas__wildforest3d__plot_18_annotated,34,26,41,11.875
ideas__wildforest3d__plot_18_annotated,36,27,32,9.875
ideas__wildforest3d__plot_18_annotated,37,28,42,12.5
ideas__wildforest3d__plot_19_annotated,1,0,143,42.375
ideas__wildforest3d__plot_19_annotated,2,1,95,28.25
ideas__wildforest3d__plot_19_annotated,3,2,20,6.0
ideas__wildforest3d__plot_19_annotated,4,3,44,13.75
ideas__wildforest3d__plot_19_annotated,5,4,24,7.375
ideas__wildforest3d__plot_19_annotated,6,5,45,13.25
ideas__wildforest3d__plot_19_annotated,7,6,136,39.5
ideas__wildforest3d__plot_19_annotated,9,7,165,49.125
ideas__wildforest3d__plot_19_annotated,10,8,136,42.375
ideas__wildforest3d__plot_19_annotated,13,9,132,38.875
ideas__wildforest3d__plot_19_annotated,14,10,15,4.375
ideas__wildforest3d__plot_19_annotated,15,11,179,53.125
ideas__wildforest3d__plot_19_annotated,16,12,8,2.125
ideas__wildforest3d__plot_19_annotated,17,13,13,4.0
ideas__wildforest3d__plot_19_annotated,19,14,12,3.875
ideas__wildforest3d__plot_19_annotated,20,15,109,34.375
ideas__wildforest3d__plot_19_annotated,21,16,134,40.625
ideas__wildforest3d__plot_19_annotated,22,17,417,137.625
ideas__wildforest3d__plot_19_annotated,23,18,63,19.25
ideas__wildforest3d__plot_19_annotated,24,19,33,10.375
ideas__wildforest3d__plot_19_annotated,25,20,16,4.5
ideas__wildforest3d__plot_19_annotated,28,21,141,44.75
ideas__wildforest3d__plot_19_annotated,29,22,120,35.375
ideas__wildforest3d__plot_19_annotated,31,23,66,18.625
ideas__wildforest3d__plot_19_annotated,32,24,11,3.375
ideas__wildforest3d__plot_19_annotated,33,25,21,6.125
ideas__wildforest3d__plot_19_annotated,34,26,115,35.5
ideas__wildforest3d__plot_19_annotated,36,27,22,6.375
ideas__wildforest3d__plot_19_annotated,37,28,22,6.375
ideas__wildforest3d__plot_1_annotated,1,0,111,31.25
ideas__wildforest3d__plot_1_annotated,2,1,25,9.125
ideas__wildforest3d__plot_1_annotated,3,2,113,32.25
ideas__wildforest3d__plot_1_annotated,4,3,22,6.625
ideas__wildforest3d__plot_1_annotated,5,4,82,23.625
ideas__wildforest3d__plot_1_annotated,6,5,68,21.5
ideas__wildforest3d__plot_1_annotated,7,6,18,5.375
ideas__wildforest3d__plot_1_annotated,8,7,151,45.875
ideas__wildforest3d__plot_1_annotated,9,8,10,3.5
ideas__wildforest3d__plot_1_annotated,10,9,23,9.125
ideas__wildforest3d__plot_1_annotated,11,10,79,26.75
ideas__wildforest3d__plot_1_annotated,12,11,46,13.375
ideas__wildforest3d__plot_1_annotated,13,12,38,12.25
ideas__wildforest3d__plot_1_annotated,14,13,40,13.75
ideas__wildforest3d__plot_1_annotated,15,14,10,3.125
ideas__wildforest3d__plot_1_annotated,17,15,37,12.75
ideas__wildforest3d__plot_1_annotated,18,16,47,13.25
ideas__wildforest3d__plot_1_annotated,19,17,39,16.0
ideas__wildforest3d__plot_1_annotated,20,18,66,19.375
ideas__wildforest3d__plot_1_annotated,21,19,70,21.875
ideas__wildforest3d__plot_1_annotated,22,20,7,1.875
ideas__wildforest3d__plot_1_annotated,23,21,6,1.75
ideas__wildforest3d__plot_1_annotated,24,22,8,2.625
ideas__wildforest3d__plot_1_annotated,25,23,13,4.5
ideas__wildforest3d__plot_1_annotated,26,24,27,7.875
ideas__wildforest3d__plot_1_annotated,27,25,122,37.625
ideas__wildforest3d__plot_1_annotated,28,26,34,11.0
ideas__wildforest3d__plot_1_annotated,31,27,23,6.0
ideas__wildforest3d__plot_1_annotated,32,28,112,32.75
ideas__wildforest3d__plot_1_annotated,33,29,77,22.625
ideas__wildforest3d__plot_1_annotated,34,30,22,6.875
ideas__wildforest3d__plot_1_annotated,35,31,90,25.875
ideas__wildforest3d__plot_1_annotated,36,32,61,19.375
ideas__wildforest3d__plot_1_annotated,37,33,29,11.875
ideas__wildforest3d__plot_1_annotated,39,34,39,11.0
ideas__wildforest3d__plot_1_annotated,40,35,51,15.25
ideas__wildforest3d__plot_1_annotated,41,36,58,19.375
ideas__wildforest3d__plot_1_annotated,44,37,13,4.25
ideas__wildforest3d__plot_1_annotated,45,38,27,7.75
ideas__wildforest3d__plot_1_annotated,49,39,13,4.0
ideas__wildforest3d__plot_1_annotated,51,40,69,20.875
ideas__wildforest3d__plot_1_annotated,53,41,44,12.875
ideas__wildforest3d__plot_1_annotated,54,42,48,14.125
ideas__wildforest3d__plot_1_annotated,55,43,39,11.125
ideas__wildforest3d__plot_1_annotated,62,44,13,3.625
ideas__wildforest3d__plot_1_annotated,63,45,73,24.25
ideas__wildforest3d__plot_1_annotated,64,46,74,22.25
ideas__wildforest3d__plot_1_annotated,65,47,180,53.5
ideas__wildforest3d__plot_1_annotated,67,48,164,46.875
ideas__wildforest3d__plot_1_annotated,68,49,22,6.75
ideas__wildforest3d__plot_1_annotated,70,50,6,1.875
ideas__wildforest3d__plot_1_annotated,71,51,44,13.125
ideas__wildforest3d__plot_1_annotated,72,52,167,49.875
ideas__wildforest3d__plot_1_annotated,73,53,6,1.875
ideas__wildforest3d__plot_1_annotated,74,54,15,5.375
ideas__wildforest3d__plot_1_annotated,75,55,23,7.25
ideas__wildforest3d__plot_1_annotated,76,56,50,15.625
ideas__wildforest3d__plot_1_annotated,78,57,55,16.0
ideas__wildforest3d__plot_1_annotated,79,58,12,3.5
ideas__wildforest3d__plot_1_annotated,80,59,14,4.875
ideas__wildforest3d__plot_1_annotated,81,60,8,3.125
ideas__wildforest3d__plot_1_annotated,83,61,20,6.375
ideas__wildforest3d__plot_1_annotated,84,62,12,3.75
ideas__wildforest3d__plot_1_annotated,85,63,29,8.375
ideas__wildforest3d__plot_1_annotated,86,64,9,2.875
ideas__wildforest3d__plot_1_annotated,89,65,8,3.25
ideas__wildforest3d__plot_1_annotated,90,66,30,10.0
ideas__wildforest3d__plot_1_annotated,91,67,83,24.125
ideas__wildforest3d__plot_1_annotated,95,68,39,20.5
ideas__wildforest3d__plot_1_annotated,96,69,161,47.625
ideas__wildforest3d__plot_1_annotated,97,70,64,19.875
ideas__wildforest3d__plot_1_annotated,100,71,63,19.375
ideas__wildforest3d__plot_1_annotated,101,72,51,15.25
ideas__wildforest3d__plot_1_annotated,104,73,175,53.0
ideas__wildforest3d__plot_1_annotated,105,74,53,19.25
ideas__wildforest3d__plot_1_annotated,106,75,181,52.5
ideas__wildforest3d__plot_1_annotated,109,76,35,11.125
ideas__wildforest3d__plot_1_annotated,110,77,6,1.875
ideas__wildforest3d__plot_1_annotated,111,78,83,22.625
ideas__wildforest3d__plot_1_annotated,113,79,101,29.0
ideas__wildforest3d__plot_1_annotated,114,80,3,0.875
ideas__wildforest3d__plot_1_annotated,116,81,62,28.625
ideas__wildforest3d__plot_1_annotated,118,82,124,35.375
ideas__wildforest3d__plot_1_annotated,119,83,23,6.25
ideas__wildforest3d__plot_1_annotated,120,84,44,13.375
ideas__wildforest3d__plot_1_annotated,122,85,54,16.125
ideas__wildforest3d__plot_1_annotated,123,86,4,1.375
ideas__wildforest3d__plot_1_annotated,125,87,73,20.25
ideas__wildforest3d__plot_1_annotated,128,88,5,1.5
ideas__wildforest3d__plot_1_annotated,129,89,13,4.0
ideas__wildforest3d__plot_1_annotated,130,90,85,25.0
ideas__wildforest3d__plot_1_annotated,132,91,36,10.5
ideas__wildforest3d__plot_20_annotated,2,0,14,5.25
ideas__wildforest3d__plot_20_annotated,3,1,20,9.375
ideas__wildforest3d__plot_20_annotated,4,2,20,7.0
ideas__wildforest3d__plot_20_annotated,5,3,17,5.125
ideas__wildforest3d__plot_20_annotated,6,4,92,31.625
ideas__wildforest3d__plot_20_annotated,7,5,164,45.375
ideas__wildforest3d__plot_20_annotated,8,6,93,26.625
ideas__wildforest3d__plot_20_annotated,9,7,10,5.5
ideas__wildforest3d__plot_20_annotated,12,8,85,27.125
ideas__wildforest3d__plot_20_annotated,15,9,97,29.5
ideas__wildforest3d__plot_20_annotated,16,10,60,16.875
ideas__wildforest3d__plot_20_annotated,17,11,104,31.25
ideas__wildforest3d__plot_20_annotated,20,12,96,28.375
ideas__wildforest3d__plot_20_annotated,21,13,98,29.25
ideas__wildforest3d__plot_20_annotated,26,14,160,46.5
ideas__wildforest3d__plot_20_annotated,29,15,101,35.25
ideas__wildforest3d__plot_20_annotated,32,16,91,28.625
ideas__wildforest3d__plot_20_annotated,34,17,4,1.25
ideas__wildforest3d__plot_20_annotated,36,18,72,40.375
ideas__wildforest3d__plot_20_annotated,38,19,91,31.625
ideas__wildforest3d__plot_20_annotated,39,20,67,22.375
ideas__wildforest3d__plot_20_annotated,42,21,172,55.25
ideas__wildforest3d__plot_20_annotated,43,22,123,35.875
ideas__wildforest3d__plot_20_annotated,44,23,139,44.25
ideas__wildforest3d__plot_20_annotated,45,24,24,11.875
ideas__wildforest3d__plot_20_annotated,48,25,56,17.75
ideas__wildforest3d__plot_20_annotated,49,26,99,28.375
ideas__wildforest3d__plot_20_annotated,50,27,12,4.0
ideas__wildforest3d__plot_20_annotated,51,28,110,35.5
ideas__wildforest3d__plot_20_annotated,52,29,115,34.0
ideas__wildforest3d__plot_20_annotated,53,30,116,33.875
ideas__wildforest3d__plot_20_annotated,59,31,57,27.125
ideas__wildforest3d__plot_20_annotated,63,32,42,22.0
ideas__wildforest3d__plot_20_annotated,65,33,69,28.125
ideas__wildforest3d__plot_20_annotated,75,34,84,27.5
ideas__wildforest3d__plot_20_annotated,77,35,25,44.125
ideas__wildforest3d__plot_20_annotated,80,36,639,180.75
ideas__wildforest3d__plot_20_annotated,81,37,44,18.375
ideas__wildforest3d__plot_20_annotated,82,38,19,7.875
ideas__wildforest3d__plot_20_annotated,87,39,20,10.0
ideas__wildforest3d__plot_20_annotated,88,40,23,8.375
ideas__wildforest3d__plot_20_annotated,91,41,7,2.75
ideas__wildforest3d__plot_20_annotated,93,42,79,24.625
ideas__wildforest3d__plot_20_annotated,94,43,25,12.25
ideas__wildforest3d__plot_20_annotated,97,44,90,31.25
ideas__wildforest3d__plot_20_annotated,103,45,157,47.875
ideas__wildforest3d__plot_21_annotated,1,0,511,158.125
ideas__wildforest3d__plot_21_annotated,2,1,64,18.75
ideas__wildforest3d__plot_21_annotated,3,2,12,4.125
ideas__wildforest3d__plot_21_annotated,5,3,70,19.875
ideas__wildforest3d__plot_21_annotated,6,4,22,6.375
ideas__wildforest3d__plot_21_annotated,7,5,108,33.75
ideas__wildforest3d__plot_21_annotated,8,6,76,22.5
ideas__wildforest3d__plot_21_annotated,9,7,12,3.75
ideas__wildforest3d__plot_21_annotated,10,8,56,16.375
ideas__wildforest3d__plot_21_annotated,11,9,140,39.125
ideas__wildforest3d__plot_21_annotated,12,10,80,25.25
ideas__wildforest3d__plot_21_annotated,13,11,16,5.5
ideas__wildforest3d__plot_21_annotated,14,12,49,15.0
ideas__wildforest3d__plot_21_annotated,15,13,10,3.25
ideas__wildforest3d__plot_21_annotated,16,14,152,46.75
ideas__wildforest3d__plot_21_annotated,17,15,207,64.875
ideas__wildforest3d__plot_21_annotated,20,16,23,8.875
ideas__wildforest3d__plot_21_annotated,22,17,46,17.375
ideas__wildforest3d__plot_21_annotated,23,18,26,10.75
ideas__wildforest3d__plot_21_annotated,24,19,70,20.5
ideas__wildforest3d__plot_21_annotated,25,20,9,2.5
ideas__wildforest3d__plot_21_annotated,26,21,20,7.75
ideas__wildforest3d__plot_21_annotated,27,22,65,19.5
ideas__wildforest3d__plot_21_annotated,28,23,14,3.875
ideas__wildforest3d__plot_21_annotated,29,24,23,7.375
ideas__wildforest3d__plot_21_annotated,31,25,167,51.875
ideas__wildforest3d__plot_21_annotated,34,26,89,28.375
ideas__wildforest3d__plot_21_annotated,37,27,28,8.125
ideas__wildforest3d__plot_21_annotated,39,28,19,6.5
ideas__wildforest3d__plot_21_annotated,43,29,8,2.625
ideas__wildforest3d__plot_21_annotated,44,30,21,6.25
ideas__wildforest3d__plot_21_annotated,46,31,75,21.0
ideas__wildforest3d__plot_21_annotated,47,32,35,19.0
ideas__wildforest3d__plot_21_annotated,48,33,50,14.5
ideas__wildforest3d__plot_21_annotated,51,34,37,12.625
ideas__wildforest3d__plot_21_annotated,52,35,209,65.5
ideas__wildforest3d__plot_21_annotated,55,36,82,30.5
ideas__wildforest3d__plot_21_annotated,57,37,183,53.125
ideas__wildforest3d__plot_22_annotated,1,0,272,74.625
ideas__wildforest3d__plot_22_annotated,2,1,28,9.25
ideas__wildforest3d__plot_22_annotated,4,2,233,66.25
ideas__wildforest3d__plot_22_annotated,5,3,110,32.5
ideas__wildforest3d__plot_22_annotated,6,4,126,35.75
ideas__wildforest3d__plot_22_annotated,8,5,133,37.375
ideas__wildforest3d__plot_22_annotated,10,6,42,13.75
ideas__wildforest3d__plot_22_annotated,11,7,103,31.75
ideas__wildforest3d__plot_22_annotated,12,8,207,65.75
ideas__wildforest3d__plot_22_annotated,13,9,212,59.125
ideas__wildforest3d__plot_22_annotated,15,10,15,4.25
ideas__wildforest3d__plot_22_annotated,17,11,134,38.875
ideas__wildforest3d__plot_22_annotated,18,12,287,81.25
ideas__wildforest3d__plot_22_annotated,19,13,5,1.375
ideas__wildforest3d__plot_22_annotated,20,14,264,77.5
ideas__wildforest3d__plot_22_annotated,22,15,18,5.375
ideas__wildforest3d__plot_22_annotated,23,16,334,96.25
ideas__wildforest3d__plot_22_annotated,26,17,85,27.0
ideas__wildforest3d__plot_22_annotated,27,18,13,4.375
ideas__wildforest3d__plot_22_annotated,32,19,82,25.5
ideas__wildforest3d__plot_22_annotated,34,20,110,36.5
ideas__wildforest3d__plot_22_annotated,35,21,95,29.875
ideas__wildforest3d__plot_22_annotated,38,22,95,31.375
ideas__wildforest3d__plot_22_annotated,40,23,221,64.375
ideas__wildforest3d__plot_22_annotated,42,24,276,79.125
ideas__wildforest3d__plot_22_annotated,45,25,115,33.375
ideas__wildforest3d__plot_22_annotated,47,26,126,34.875
ideas__wildforest3d__plot_22_annotated,49,27,67,19.375
ideas__wildforest3d__plot_22_annotated,51,28,225,62.875
ideas__wildforest3d__plot_22_annotated,52,29,192,57.625
ideas__wildforest3d__plot_22_annotated,53,30,17,5.625
ideas__wildforest3d__plot_23_annotated,1,0,15,6.375
ideas__wildforest3d__plot_23_annotated,2,1,277,80.375
ideas__wildforest3d__plot_23_annotated,3,2,27,8.5
ideas__wildforest3d__plot_23_annotated,4,3,258,78.375
ideas__wildforest3d__plot_23_annotated,5,4,207,63.125
ideas__wildforest3d__plot_23_annotated,6,5,260,70.375
ideas__wildforest3d__plot_23_annotated,7,6,17,5.125
ideas__wildforest3d__plot_23_annotated,8,7,11,2.875
ideas__wildforest3d__plot_23_annotated,9,8,125,37.375
ideas__wildforest3d__plot_23_annotated,10,9,18,4.75
ideas__wildforest3d__plot_23_annotated,11,10,51,15.0
ideas__wildforest3d__plot_23_annotated,12,11,67,20.625
ideas__wildforest3d__plot_23_annotated,13,12,6,1.875
ideas__wildforest3d__plot_23_annotated,14,13,195,53.25
ideas__wildforest3d__plot_23_annotated,15,14,64,21.625
ideas__wildforest3d__plot_23_annotated,16,15,17,5.375
ideas__wildforest3d__plot_23_annotated,17,16,24,7.5
ideas__wildforest3d__plot_23_annotated,18,17,20,6.0
ideas__wildforest3d__plot_23_annotated,19,18,28,9.75
ideas__wildforest3d__plot_23_annotated,20,19,21,7.0
ideas__wildforest3d__plot_23_annotated,21,20,11,2.875
ideas__wildforest3d__plot_23_annotated,22,21,17,4.75
ideas__wildforest3d__plot_23_annotated,23,22,42,12.375
ideas__wildforest3d__plot_23_annotated,24,23,288,83.0
ideas__wildforest3d__plot_23_annotated,25,24,9,3.625
ideas__wildforest3d__plot_23_annotated,26,25,309,85.375
ideas__wildforest3d__plot_23_annotated,28,26,191,55.5
ideas__wildforest3d__plot_23_annotated,29,27,13,4.0
ideas__wildforest3d__plot_23_annotated,30,28,33,11.0
ideas__wildforest3d__plot_23_annotated,31,29,8,2.5
ideas__wildforest3d__plot_23_annotated,32,30,22,7.5
ideas__wildforest3d__plot_23_annotated,33,31,37,12.75
ideas__wildforest3d__plot_23_annotated,35,32,6,2.375
ideas__wildforest3d__plot_23_annotated,36,33,9,2.75
ideas__wildforest3d__plot_23_annotated,37,34,237,70.25
ideas__wildforest3d__plot_23_annotated,38,35,100,31.375
ideas__wildforest3d__plot_23_annotated,39,36,8,3.375
ideas__wildforest3d__plot_23_annotated,41,37,212,60.375
ideas__wildforest3d__plot_23_annotated,42,38,87,27.75
ideas__wildforest3d__plot_23_annotated,43,39,19,6.375
ideas__wildforest3d__plot_23_annotated,44,40,28,8.625
ideas__wildforest3d__plot_23_annotated,45,41,197,59.25
ideas__wildforest3d__plot_24_annotated,1,0,180,69.875
ideas__wildforest3d__plot_24_annotated,2,1,70,24.125
ideas__wildforest3d__plot_24_annotated,3,2,62,19.375
ideas__wildforest3d__plot_24_annotated,4,3,56,19.125
ideas__wildforest3d__plot_24_annotated,5,4,25,9.125
ideas__wildforest3d__plot_24_annotated,6,5,82,25.25
ideas__wildforest3d__plot_24_annotated,10,6,37,12.375
ideas__wildforest3d__plot_24_annotated,11,7,114,47.75
ideas__wildforest3d__plot_24_annotated,12,8,68,22.25
ideas__wildforest3d__plot_24_annotated,13,9,53,15.875
ideas__wildforest3d__plot_24_annotated,14,10,110,33.5
ideas__wildforest3d__plot_24_annotated,17,11,123,37.375
ideas__wildforest3d__plot_24_annotated,18,12,66,19.125
ideas__wildforest3d__plot_24_annotated,23,13,16,5.0
ideas__wildforest3d__plot_24_annotated,24,14,75,26.75
ideas__wildforest3d__plot_24_annotated,25,15,100,33.875
ideas__wildforest3d__plot_24_annotated,26,16,13,4.375
ideas__wildforest3d__plot_24_annotated,27,17,67,19.25
ideas__wildforest3d__plot_24_annotated,29,18,9,2.625
ideas__wildforest3d__plot_24_annotated,30,19,42,12.75
ideas__wildforest3d__plot_24_annotated,32,20,59,22.125
ideas__wildforest3d__plot_24_annotated,35,21,35,10.625
ideas__wildforest3d__plot_24_annotated,36,22,24,9.5
ideas__wildforest3d__plot_24_annotated,37,23,45,13.375
ideas__wildforest3d__plot_24_annotated,38,24,74,22.625
ideas__wildforest3d__plot_24_annotated,40,25,31,10.125
ideas__wildforest3d__plot_24_annotated,41,26,111,33.25
ideas__wildforest3d__plot_24_annotated,42,27,22,6.125
ideas__wildforest3d__plot_24_annotated,43,28,21,6.875
ideas__wildforest3d__plot_24_annotated,44,29,12,3.625
ideas__wildforest3d__plot_24_annotated,46,30,21,7.625
ideas__wildforest3d__plot_24_annotated,47,31,17,5.0
ideas__wildforest3d__plot_24_annotated,49,32,19,5.875
ideas__wildforest3d__plot_24_annotated,50,33,25,11.125
ideas__wildforest3d__plot_24_annotated,52,34,6,2.25
ideas__wildforest3d__plot_24_annotated,53,35,3,0.875
ideas__wildforest3d__plot_24_annotated,54,36,156,54.0
ideas__wildforest3d__plot_24_annotated,56,37,85,29.75
ideas__wildforest3d__plot_24_annotated,62,38,16,4.5
ideas__wildforest3d__plot_24_annotated,63,39,110,32.375
ideas__wildforest3d__plot_24_annotated,64,40,12,3.375
ideas__wildforest3d__plot_24_annotated,65,41,7,2.5
ideas__wildforest3d__plot_24_annotated,66,42,59,18.0
ideas__wildforest3d__plot_24_annotated,67,43,62,19.5
ideas__wildforest3d__plot_24_annotated,69,44,49,14.625
ideas__wildforest3d__plot_24_annotated,70,45,33,11.875
ideas__wildforest3d__plot_24_annotated,74,46,7,2.0
ideas__wildforest3d__plot_24_annotated,80,47,28,8.5
ideas__wildforest3d__plot_24_annotated,81,48,15,4.875
ideas__wildforest3d__plot_24_annotated,82,49,72,22.875
ideas__wildforest3d__plot_24_annotated,83,50,14,4.25
ideas__wildforest3d__plot_24_annotated,84,51,79,30.0
ideas__wildforest3d__plot_24_annotated,85,52,17,5.0
ideas__wildforest3d__plot_24_annotated,86,53,6,1.875
ideas__wildforest3d__plot_24_annotated,89,54,61,19.5
ideas__wildforest3d__plot_24_annotated,90,55,4,1.0
ideas__wildforest3d__plot_24_annotated,91,56,116,33.875
ideas__wildforest3d__plot_24_annotated,92,57,12,3.75
ideas__wildforest3d__plot_24_annotated,93,58,6,1.875
ideas__wildforest3d__plot_24_annotated,94,59,45,13.625
ideas__wildforest3d__plot_24_annotated,95,60,54,16.375
ideas__wildforest3d__plot_24_annotated,96,61,111,33.5
ideas__wildforest3d__plot_24_annotated,97,62,21,9.0
ideas__wildforest3d__plot_24_annotated,99,63,25,9.875
ideas__wildforest3d__plot_24_annotated,100,64,7,2.5
ideas__wildforest3d__plot_24_annotated,101,65,91,33.0
ideas__wildforest3d__plot_24_annotated,102,66,165,47.125
ideas__wildforest3d__plot_24_annotated,103,67,24,6.75
ideas__wildforest3d__plot_24_annotated,105,68,41,12.25
ideas__wildforest3d__plot_24_annotated,106,69,30,9.25
ideas__wildforest3d__plot_24_annotated,107,70,3,0.875
ideas__wildforest3d__plot_24_annotated,108,71,71,20.625
ideas__wildforest3d__plot_24_annotated,109,72,23,7.625
ideas__wildforest3d__plot_24_annotated,110,73,23,9.375
ideas__wildforest3d__plot_24_annotated,112,74,87,31.875
ideas__wildforest3d__plot_24_annotated,113,75,138,45.75
ideas__wildforest3d__plot_24_annotated,114,76,144,45.0
ideas__wildforest3d__plot_24_annotated,115,77,70,20.625
ideas__wildforest3d__plot_24_annotated,116,78,20,5.5
ideas__wildforest3d__plot_24_annotated,117,79,72,21.0
ideas__wildforest3d__plot_24_annotated,120,80,106,34.75
ideas__wildforest3d__plot_24_annotated,121,81,43,14.375
ideas__wildforest3d__plot_24_annotated,123,82,93,29.875
ideas__wildforest3d__plot_24_annotated,127,83,17,5.25
ideas__wildforest3d__plot_24_annotated,128,84,26,7.75
ideas__wildforest3d__plot_24_annotated,130,85,82,27.875
ideas__wildforest3d__plot_24_annotated,132,86,65,20.625
ideas__wildforest3d__plot_24_annotated,133,87,43,13.0
ideas__wildforest3d__plot_24_annotated,135,88,57,17.625
ideas__wildforest3d__plot_24_annotated,136,89,63,20.375
ideas__wildforest3d__plot_24_annotated,137,90,14,4.125
ideas__wildforest3d__plot_24_annotated,140,91,100,30.375
ideas__wildforest3d__plot_24_annotated,141,92,27,8.75
ideas__wildforest3d__plot_24_annotated,143,93,63,22.875
ideas__wildforest3d__plot_24_annotated,144,94,19,6.75
ideas__wildforest3d__plot_24_annotated,145,95,90,27.125
ideas__wildforest3d__plot_24_annotated,146,96,12,3.875
ideas__wildforest3d__plot_24_annotated,147,97,14,4.125
ideas__wildforest3d__plot_25_annotated,1,0,21,6.25
ideas__wildforest3d__plot_25_annotated,2,1,103,30.25
ideas__wildforest3d__plot_25_annotated,3,2,47,14.125
ideas__wildforest3d__plot_25_annotated,5,3,27,8.25
ideas__wildforest3d__plot_25_annotated,7,4,9,2.75
ideas__wildforest3d__plot_25_annotated,8,5,29,8.75
ideas__wildforest3d__plot_25_annotated,10,6,288,98.75
ideas__wildforest3d__plot_25_annotated,11,7,62,18.0
ideas__wildforest3d__plot_25_annotated,12,8,224,67.625
ideas__wildforest3d__plot_25_annotated,13,9,293,91.375
ideas__wildforest3d__plot_25_annotated,14,10,71,22.0
ideas__wildforest3d__plot_25_annotated,15,11,365,108.625
ideas__wildforest3d__plot_25_annotated,16,12,275,82.5
ideas__wildforest3d__plot_25_annotated,17,13,123,37.875
ideas__wildforest3d__plot_25_annotated,18,14,17,5.5
ideas__wildforest3d__plot_25_annotated,19,15,125,37.0
ideas__wildforest3d__plot_25_annotated,20,16,125,40.375
ideas__wildforest3d__plot_25_annotated,21,17,134,39.625
ideas__wildforest3d__plot_25_annotated,22,18,36,11.375
ideas__wildforest3d__plot_25_annotated,23,19,24,7.375
ideas__wildforest3d__plot_25_annotated,24,20,247,122.125
ideas__wildforest3d__plot_25_annotated,25,21,38,12.0
ideas__wildforest3d__plot_25_annotated,26,22,40,12.5
ideas__wildforest3d__plot_25_annotated,27,23,25,8.75
ideas__wildforest3d__plot_25_annotated,28,24,25,7.0
ideas__wildforest3d__plot_25_annotated,29,25,43,13.5
ideas__wildforest3d__plot_25_annotated,31,26,423,126.5
ideas__wildforest3d__plot_25_annotated,32,27,37,11.375
ideas__wildforest3d__plot_25_annotated,33,28,28,8.25
ideas__wildforest3d__plot_26_annotated,1,0,188,51.5
ideas__wildforest3d__plot_26_annotated,3,1,94,29.125
ideas__wildforest3d__plot_26_annotated,4,2,154,45.25
ideas__wildforest3d__plot_26_annotated,6,3,26,7.5
ideas__wildforest3d__plot_26_annotated,7,4,12,4.0
ideas__wildforest3d__plot_26_annotated,8,5,98,28.875
ideas__wildforest3d__plot_26_annotated,9,6,24,9.125
ideas__wildforest3d__plot_26_annotated,10,7,19,7.0
ideas__wildforest3d__plot_26_annotated,11,8,146,42.0
ideas__wildforest3d__plot_26_annotated,12,9,91,25.5
ideas__wildforest3d__plot_26_annotated,13,10,232,67.5
ideas__wildforest3d__plot_26_annotated,14,11,96,29.875
ideas__wildforest3d__plot_26_annotated,15,12,124,38.625
ideas__wildforest3d__plot_26_annotated,16,13,138,39.75
ideas__wildforest3d__plot_26_annotated,17,14,217,75.375
ideas__wildforest3d__plot_26_annotated,18,15,145,41.625
ideas__wildforest3d__plot_26_annotated,19,16,131,37.75
ideas__wildforest3d__plot_26_annotated,20,17,87,26.25
ideas__wildforest3d__plot_26_annotated,21,18,215,68.0
ideas__wildforest3d__plot_26_annotated,22,19,108,32.625
ideas__wildforest3d__plot_26_annotated,23,20,100,29.875
ideas__wildforest3d__plot_26_annotated,24,21,108,31.375
ideas__wildforest3d__plot_26_annotated,25,22,129,37.625
ideas__wildforest3d__plot_26_annotated,26,23,29,8.0
ideas__wildforest3d__plot_26_annotated,27,24,195,59.875
ideas__wildforest3d__plot_26_annotated,28,25,125,35.875
ideas__wildforest3d__plot_26_annotated,29,26,187,56.375
ideas__wildforest3d__plot_26_annotated,30,27,62,18.125
ideas__wildforest3d__plot_26_annotated,31,28,190,58.5
ideas__wildforest3d__plot_27_annotated,1,0,257,76.625
ideas__wildforest3d__plot_27_annotated,2,1,24,7.75
ideas__wildforest3d__plot_27_annotated,3,2,144,40.875
ideas__wildforest3d__plot_27_annotated,4,3,101,28.875
ideas__wildforest3d__plot_27_annotated,5,4,128,38.0
ideas__wildforest3d__plot_27_annotated,6,5,77,22.5
ideas__wildforest3d__plot_27_annotated,10,6,70,20.75
ideas__wildforest3d__plot_27_annotated,11,7,39,12.5
ideas__wildforest3d__plot_27_annotated,12,8,45,14.75
ideas__wildforest3d__plot_27_annotated,13,9,76,22.25
ideas__wildforest3d__plot_27_annotated,14,10,58,19.0
ideas__wildforest3d__plot_27_annotated,15,11,84,25.25
ideas__wildforest3d__plot_27_annotated,16,12,114,33.875
ideas__wildforest3d__plot_27_annotated,17,13,74,21.5
ideas__wildforest3d__plot_27_annotated,18,14,165,52.25
ideas__wildforest3d__plot_27_annotated,19,15,158,45.25
ideas__wildforest3d__plot_27_annotated,20,16,317,96.5
ideas__wildforest3d__plot_27_annotated,21,17,77,23.5
ideas__wildforest3d__plot_27_annotated,22,18,125,35.375
ideas__wildforest3d__plot_27_annotated,23,19,115,35.5
ideas__wildforest3d__plot_27_annotated,24,20,273,83.375
ideas__wildforest3d__plot_27_annotated,25,21,20,6.0
ideas__wildforest3d__plot_27_annotated,26,22,195,61.25
ideas__wildforest3d__plot_27_annotated,27,23,262,73.25
ideas__wildforest3d__plot_27_annotated,29,24,88,26.75
ideas__wildforest3d__plot_27_annotated,30,25,125,38.125
ideas__wildforest3d__plot_27_annotated,31,26,84,25.25
ideas__wildforest3d__plot_27_annotated,32,27,162,49.375
ideas__wildforest3d__plot_27_annotated,33,28,157,44.875
ideas__wildforest3d__plot_27_annotated,34,29,12,4.5
ideas__wildforest3d__plot_27_annotated,36,30,76,23.0
ideas__wildforest3d__plot_27_annotated,37,31,130,41.375
ideas__wildforest3d__plot_27_annotated,38,32,8,2.5
ideas__wildforest3d__plot_28_annotated,1,0,57,17.125
ideas__wildforest3d__plot_28_annotated,3,1,23,6.875
ideas__wildforest3d__plot_28_annotated,5,2,58,16.875
ideas__wildforest3d__plot_28_annotated,6,3,53,19.875
ideas__wildforest3d__plot_28_annotated,8,4,284,87.125
ideas__wildforest3d__plot_28_annotated,9,5,82,27.25
ideas__wildforest3d__plot_28_annotated,10,6,71,23.875
ideas__wildforest3d__plot_28_annotated,11,7,12,4.125
ideas__wildforest3d__plot_28_annotated,12,8,303,86.875
ideas__wildforest3d__plot_28_annotated,13,9,254,77.5
ideas__wildforest3d__plot_28_annotated,14,10,71,22.875
ideas__wildforest3d__plot_28_annotated,15,11,113,34.125
ideas__wildforest3d__plot_28_annotated,16,12,84,24.375
ideas__wildforest3d__plot_28_annotated,17,13,28,8.625
ideas__wildforest3d__plot_28_annotated,18,14,31,9.875
ideas__wildforest3d__plot_28_annotated,19,15,125,37.625
ideas__wildforest3d__plot_28_annotated,20,16,105,29.0
ideas__wildforest3d__plot_28_annotated,21,17,136,38.625
ideas__wildforest3d__plot_28_annotated,23,18,43,13.25
ideas__wildforest3d__plot_28_annotated,24,19,14,5.0
ideas__wildforest3d__plot_28_annotated,25,20,110,31.125
ideas__wildforest3d__plot_28_annotated,27,21,16,4.5
ideas__wildforest3d__plot_28_annotated,29,22,16,5.0
ideas__wildforest3d__plot_28_annotated,30,23,10,2.75
ideas__wildforest3d__plot_28_annotated,31,24,14,5.125
ideas__wildforest3d__plot_28_annotated,32,25,9,2.5
ideas__wildforest3d__plot_28_annotated,34,26,14,4.125
ideas__wildforest3d__plot_28_annotated,35,27,16,4.625
ideas__wildforest3d__plot_28_annotated,36,28,10,3.25
ideas__wildforest3d__plot_28_annotated,37,29,6,1.5
ideas__wildforest3d__plot_28_annotated,38,30,11,2.875
ideas__wildforest3d__plot_28_annotated,39,31,73,19.875
ideas__wildforest3d__plot_28_annotated,40,32,19,5.5
ideas__wildforest3d__plot_28_annotated,41,33,114,34.75
ideas__wildforest3d__plot_28_annotated,42,34,25,7.5
ideas__wildforest3d__plot_28_annotated,43,35,131,37.0
ideas__wildforest3d__plot_28_annotated,44,36,23,6.625
ideas__wildforest3d__plot_28_annotated,45,37,169,47.375
ideas__wildforest3d__plot_28_annotated,47,38,158,46.5
ideas__wildforest3d__plot_28_annotated,48,39,48,13.375
ideas__wildforest3d__plot_28_annotated,49,40,82,24.0
ideas__wildforest3d__plot_28_annotated,50,41,12,4.125
ideas__wildforest3d__plot_28_annotated,51,42,18,6.25
ideas__wildforest3d__plot_28_annotated,53,43,22,6.75
ideas__wildforest3d__plot_28_annotated,54,44,18,5.5
ideas__wildforest3d__plot_28_annotated,56,45,25,7.25
ideas__wildforest3d__plot_28_annotated,58,46,9,3.125
ideas__wildforest3d__plot_28_annotated,59,47,13,3.625
ideas__wildforest3d__plot_28_annotated,60,48,38,11.75
ideas__wildforest3d__plot_28_annotated,61,49,8,2.125
ideas__wildforest3d__plot_28_annotated,62,50,43,13.25
ideas__wildforest3d__plot_28_annotated,63,51,24,6.875
ideas__wildforest3d__plot_28_annotated,64,52,45,11.75
ideas__wildforest3d__plot_28_annotated,66,53,62,18.875
ideas__wildforest3d__plot_29_annotated,1,0,136,48.25
ideas__wildforest3d__plot_29_annotated,2,1,21,6.375
ideas__wildforest3d__plot_29_annotated,3,2,6,1.875
ideas__wildforest3d__plot_29_annotated,4,3,8,2.75
ideas__wildforest3d__plot_29_annotated,5,4,49,16.5
ideas__wildforest3d__plot_29_annotated,6,5,40,11.0
ideas__wildforest3d__plot_29_annotated,7,6,112,34.0
ideas__wildforest3d__plot_29_annotated,8,7,119,34.5
ideas__wildforest3d__plot_29_annotated,10,8,20,5.625
ideas__wildforest3d__plot_29_annotated,12,9,87,24.75
ideas__wildforest3d__plot_29_annotated,14,10,84,27.125
ideas__wildforest3d__plot_29_annotated,15,11,63,19.5
ideas__wildforest3d__plot_29_annotated,17,12,5,1.375
ideas__wildforest3d__plot_29_annotated,18,13,15,6.5
ideas__wildforest3d__plot_29_annotated,19,14,25,8.0
ideas__wildforest3d__plot_29_annotated,20,15,45,14.625
ideas__wildforest3d__plot_29_annotated,21,16,91,27.75
ideas__wildforest3d__plot_29_annotated,22,17,37,12.125
ideas__wildforest3d__plot_29_annotated,23,18,12,4.625
ideas__wildforest3d__plot_29_annotated,25,19,11,4.25
ideas__wildforest3d__plot_29_annotated,26,20,15,4.75
ideas__wildforest3d__plot_29_annotated,27,21,6,1.875
ideas__wildforest3d__plot_29_annotated,29,22,8,2.5
ideas__wildforest3d__plot_29_annotated,30,23,75,24.25
ideas__wildforest3d__plot_29_annotated,32,24,83,26.75
ideas__wildforest3d__plot_29_annotated,33,25,161,46.625
ideas__wildforest3d__plot_29_annotated,34,26,131,42.875
ideas__wildforest3d__plot_29_annotated,35,27,179,50.375
ideas__wildforest3d__plot_29_annotated,36,28,12,4.0
ideas__wildforest3d__plot_29_annotated,37,29,89,27.625
ideas__wildforest3d__plot_29_annotated,38,30,95,27.875
ideas__wildforest3d__plot_29_annotated,39,31,129,36.5
ideas__wildforest3d__plot_29_annotated,40,32,52,18.625
ideas__wildforest3d__plot_29_annotated,41,33,45,13.5
ideas__wildforest3d__plot_29_annotated,42,34,20,6.75
ideas__wildforest3d__plot_29_annotated,44,35,22,6.875
ideas__wildforest3d__plot_29_annotated,45,36,10,2.75
ideas__wildforest3d__plot_29_annotated,46,37,51,14.625
ideas__wildforest3d__plot_29_annotated,47,38,69,21.75
ideas__wildforest3d__plot_29_annotated,48,39,20,6.625
ideas__wildforest3d__plot_29_annotated,49,40,13,3.625
ideas__wildforest3d__plot_29_annotated,50,41,15,4.875
ideas__wildforest3d__plot_29_annotated,51,42,32,9.0
ideas__wildforest3d__plot_29_annotated,52,43,73,20.75
ideas__wildforest3d__plot_29_annotated,54,44,7,2.0
ideas__wildforest3d__plot_29_annotated,55,45,21,6.25
ideas__wildforest3d__plot_29_annotated,56,46,8,2.5
ideas__wildforest3d__plot_29_annotated,57,47,20,6.0
ideas__wildforest3d__plot_29_annotated,58,48,98,28.875
ideas__wildforest3d__plot_29_annotated,59,49,149,45.5
ideas__wildforest3d__plot_29_annotated,60,50,90,26.375
ideas__wildforest3d__plot_29_annotated,61,51,11,3.75
ideas__wildforest3d__plot_29_annotated,62,52,11,3.375
ideas__wildforest3d__plot_29_annotated,63,53,30,12.625
ideas__wildforest3d__plot_29_annotated,64,54,39,12.25
ideas__wildforest3d__plot_29_annotated,65,55,23,7.25
ideas__wildforest3d__plot_29_annotated,66,56,13,4.75
ideas__wildforest3d__plot_29_annotated,67,57,171,50.875
ideas__wildforest3d__plot_29_annotated,68,58,15,4.625
ideas__wildforest3d__plot_29_annotated,69,59,11,2.875
ideas__wildforest3d__plot_29_annotated,70,60,12,3.375
ideas__wildforest3d__plot_29_annotated,72,61,55,15.5
ideas__wildforest3d__plot_29_annotated,73,62,14,4.625
ideas__wildforest3d__plot_29_annotated,74,63,10,3.375
ideas__wildforest3d__plot_29_annotated,75,64,27,10.875
ideas__wildforest3d__plot_29_annotated,76,65,11,3.875
ideas__wildforest3d__plot_29_annotated,77,66,10,2.75
ideas__wildforest3d__plot_29_annotated,79,67,44,13.25
ideas__wildforest3d__plot_29_annotated,80,68,6,2.0
ideas__wildforest3d__plot_29_annotated,81,69,13,5.375
ideas__wildforest3d__plot_29_annotated,82,70,8,2.5
ideas__wildforest3d__plot_29_annotated,83,71,72,21.625
ideas__wildforest3d__plot_29_annotated,85,72,13,4.0
ideas__wildforest3d__plot_29_annotated,86,73,103,31.25
ideas__wildforest3d__plot_29_annotated,87,74,242,67.0
ideas__wildforest3d__plot_29_annotated,88,75,10,2.75
ideas__wildforest3d__plot_29_annotated,89,76,12,3.5
ideas__wildforest3d__plot_29_annotated,90,77,85,28.375
ideas__wildforest3d__plot_29_annotated,91,78,171,49.875
ideas__wildforest3d__plot_29_annotated,92,79,8,2.75
ideas__wildforest3d__plot_29_annotated,93,80,69,21.125
ideas__wildforest3d__plot_29_annotated,94,81,132,39.75
ideas__wildforest3d__plot_29_annotated,95,82,111,34.25
ideas__wildforest3d__plot_29_annotated,96,83,234,71.875
ideas__wildforest3d__plot_29_annotated,97,84,95,34.0
ideas__wildforest3d__plot_29_annotated,98,85,5,1.375
ideas__wildforest3d__plot_29_annotated,99,86,4,1.0
ideas__wildforest3d__plot_29_annotated,100,87,46,14.75
ideas__wildforest3d__plot_29_annotated,101,88,18,5.75
ideas__wildforest3d__plot_29_annotated,102,89,4,1.25
ideas__wildforest3d__plot_29_annotated,103,90,24,7.375
ideas__wildforest3d__plot_29_annotated,104,91,114,31.875
ideas__wildforest3d__plot_29_annotated,105,92,91,36.25
ideas__wildforest3d__plot_29_annotated,106,93,101,29.75
ideas__wildforest3d__plot_29_annotated,107,94,91,29.75
ideas__wildforest3d__plot_29_annotated,108,95,69,23.125
ideas__wildforest3d__plot_29_annotated,109,96,3,0.875
ideas__wildforest3d__plot_2_annotated,1,0,50,17.25
ideas__wildforest3d__plot_2_annotated,2,1,31,8.75
ideas__wildforest3d__plot_2_annotated,3,2,54,16.75
ideas__wildforest3d__plot_2_annotated,4,3,44,13.75
ideas__wildforest3d__plot_2_annotated,5,4,32,9.25
ideas__wildforest3d__plot_2_annotated,6,5,181,52.0
ideas__wildforest3d__plot_2_annotated,7,6,52,19.0
ideas__wildforest3d__plot_2_annotated,8,7,6,1.5
ideas__wildforest3d__plot_2_annotated,9,8,17,9.5
ideas__wildforest3d__plot_2_annotated,10,9,97,26.875
ideas__wildforest3d__plot_2_annotated,12,10,94,27.5
ideas__wildforest3d__plot_2_annotated,13,11,133,43.25
ideas__wildforest3d__plot_2_annotated,14,12,34,11.75
ideas__wildforest3d__plot_2_annotated,16,13,11,4.25
ideas__wildforest3d__plot_2_annotated,18,14,7,2.875
ideas__wildforest3d__plot_2_annotated,19,15,282,80.375
ideas__wildforest3d__plot_2_annotated,20,16,152,43.375
ideas__wildforest3d__plot_2_annotated,21,17,9,2.625
ideas__wildforest3d__plot_2_annotated,22,18,10,2.75
ideas__wildforest3d__plot_2_annotated,23,19,168,48.0
ideas__wildforest3d__plot_2_annotated,24,20,74,21.375
ideas__wildforest3d__plot_2_annotated,25,21,65,19.75
ideas__wildforest3d__plot_2_annotated,26,22,11,2.875
ideas__wildforest3d__plot_2_annotated,27,23,112,32.875
ideas__wildforest3d__plot_2_annotated,28,24,135,42.0
ideas__wildforest3d__plot_2_annotated,29,25,221,63.25
ideas__wildforest3d__plot_2_annotated,30,26,130,46.25
ideas__wildforest3d__plot_2_annotated,31,27,132,40.25
ideas__wildforest3d__plot_2_annotated,32,28,57,16.5
ideas__wildforest3d__plot_2_annotated,33,29,167,49.0
ideas__wildforest3d__plot_2_annotated,34,30,140,41.875
ideas__wildforest3d__plot_2_annotated,35,31,254,75.375
ideas__wildforest3d__plot_2_annotated,36,32,139,39.25
ideas__wildforest3d__plot_2_annotated,38,33,85,24.75
ideas__wildforest3d__plot_2_annotated,40,34,83,29.0
ideas__wildforest3d__plot_2_annotated,41,35,156,44.75
ideas__wildforest3d__plot_2_annotated,42,36,52,15.625
ideas__wildforest3d__plot_2_annotated,43,37,61,18.125
ideas__wildforest3d__plot_2_annotated,44,38,88,28.5
ideas__wildforest3d__plot_2_annotated,45,39,68,22.625
ideas__wildforest3d__plot_2_annotated,46,40,6,1.875
ideas__wildforest3d__plot_2_annotated,47,41,67,21.0
ideas__wildforest3d__plot_2_annotated,48,42,70,23.125
ideas__wildforest3d__plot_2_annotated,49,43,84,25.375
ideas__wildforest3d__plot_2_annotated,50,44,105,32.625
ideas__wildforest3d__plot_2_annotated,51,45,96,30.625
ideas__wildforest3d__plot_2_annotated,52,46,35,10.375
ideas__wildforest3d__plot_3_annotated,1,0,63,20.125
ideas__wildforest3d__plot_3_annotated,2,1,29,8.625
ideas__wildforest3d__plot_3_annotated,3,2,39,12.75
ideas__wildforest3d__plot_3_annotated,5,3,168,51.0
ideas__wildforest3d__plot_3_annotated,6,4,42,12.0
ideas__wildforest3d__plot_3_annotated,7,5,52,14.625
ideas__wildforest3d__plot_3_annotated,8,6,26,7.375
ideas__wildforest3d__plot_3_annotated,9,7,33,10.5
ideas__wildforest3d__plot_3_annotated,11,8,78,24.75
ideas__wildforest3d__plot_3_annotated,12,9,26,9.125
ideas__wildforest3d__plot_3_annotated,13,10,42,11.75
ideas__wildforest3d__plot_3_annotated,16,11,24,7.625
ideas__wildforest3d__plot_3_annotated,17,12,48,14.375
ideas__wildforest3d__plot_3_annotated,19,13,95,28.625
ideas__wildforest3d__plot_3_annotated,20,14,69,20.625
ideas__wildforest3d__plot_3_annotated,21,15,139,43.25
ideas__wildforest3d__plot_3_annotated,22,16,32,11.375
ideas__wildforest3d__plot_3_annotated,23,17,24,7.0
ideas__wildforest3d__plot_3_annotated,24,18,300,93.75
ideas__wildforest3d__plot_3_annotated,25,19,84,24.25
ideas__wildforest3d__plot_3_annotated,26,20,154,48.5
ideas__wildforest3d__plot_3_annotated,27,21,23,7.375
ideas__wildforest3d__plot_3_annotated,28,22,117,36.875
ideas__wildforest3d__plot_3_annotated,29,23,113,39.0
ideas__wildforest3d__plot_3_annotated,30,24,5,1.75
ideas__wildforest3d__plot_3_annotated,31,25,61,18.875
ideas__wildforest3d__plot_3_annotated,34,26,10,3.125
ideas__wildforest3d__plot_3_annotated,35,27,19,5.5
ideas__wildforest3d__plot_3_annotated,37,28,212,59.625
ideas__wildforest3d__plot_3_annotated,39,29,107,30.875
ideas__wildforest3d__plot_3_annotated,40,30,27,8.625
ideas__wildforest3d__plot_3_annotated,41,31,47,13.75
ideas__wildforest3d__plot_3_annotated,43,32,83,24.75
ideas__wildforest3d__plot_3_annotated,44,33,104,33.375
ideas__wildforest3d__plot_3_annotated,45,34,211,59.75
ideas__wildforest3d__plot_3_annotated,46,35,59,19.625
ideas__wildforest3d__plot_3_annotated,47,36,312,92.875
ideas__wildforest3d__plot_3_annotated,49,37,26,8.625
ideas__wildforest3d__plot_3_annotated,50,38,35,11.625
ideas__wildforest3d__plot_3_annotated,51,39,31,10.625
ideas__wildforest3d__plot_3_annotated,52,40,34,10.75
ideas__wildforest3d__plot_3_annotated,53,41,47,15.75
ideas__wildforest3d__plot_3_annotated,54,42,32,9.375
ideas__wildforest3d__plot_3_annotated,55,43,848,231.125
ideas__wildforest3d__plot_3_annotated,56,44,30,9.25
ideas__wildforest3d__plot_3_annotated,58,45,47,12.875
ideas__wildforest3d__plot_3_annotated,59,46,24,6.75
ideas__wildforest3d__plot_3_annotated,60,47,19,6.0
ideas__wildforest3d__plot_3_annotated,61,48,24,8.25
ideas__wildforest3d__plot_3_annotated,62,49,19,6.0
ideas__wildforest3d__plot_3_annotated,63,50,140,60.0
ideas__wildforest3d__plot_3_annotated,64,51,24,7.25
ideas__wildforest3d__plot_3_annotated,65,52,59,16.625
ideas__wildforest3d__plot_3_annotated,66,53,47,13.5
ideas__wildforest3d__plot_3_annotated,67,54,15,4.375
ideas__wildforest3d__plot_3_annotated,68,55,298,88.625
ideas__wildforest3d__plot_3_annotated,69,56,30,8.625
ideas__wildforest3d__plot_3_annotated,70,57,198,56.0
ideas__wildforest3d__plot_3_annotated,71,58,172,49.875
ideas__wildforest3d__plot_3_annotated,72,59,71,20.25
ideas__wildforest3d__plot_3_annotated,73,60,42,12.375
ideas__wildforest3d__plot_3_annotated,74,61,50,14.5
ideas__wildforest3d__plot_3_annotated,76,62,30,8.875
ideas__wildforest3d__plot_3_annotated,78,63,34,10.125
ideas__wildforest3d__plot_4_annotated,1,0,165,54.125
ideas__wildforest3d__plot_4_annotated,2,1,118,54.25
ideas__wildforest3d__plot_4_annotated,3,2,69,24.375
ideas__wildforest3d__plot_4_annotated,4,3,16,11.75
ideas__wildforest3d__plot_4_annotated,9,4,31,11.5
ideas__wildforest3d__plot_4_annotated,10,5,367,101.625
ideas__wildforest3d__plot_4_annotated,11,6,146,49.0
ideas__wildforest3d__plot_4_annotated,14,7,27,8.5
ideas__wildforest3d__plot_4_annotated,15,8,22,7.125
ideas__wildforest3d__plot_4_annotated,16,9,211,61.25
ideas__wildforest3d__plot_4_annotated,17,10,65,20.25
ideas__wildforest3d__plot_4_annotated,18,11,171,50.75
ideas__wildforest3d__plot_4_annotated,19,12,38,12.5
ideas__wildforest3d__plot_4_annotated,22,13,12,4.25
ideas__wildforest3d__plot_4_annotated,23,14,10,2.75
ideas__wildforest3d__plot_4_annotated,24,15,10,2.75
ideas__wildforest3d__plot_4_annotated,25,16,10,3.125
ideas__wildforest3d__plot_4_annotated,26,17,15,4.375
ideas__wildforest3d__plot_4_annotated,27,18,12,3.5
ideas__wildforest3d__plot_4_annotated,28,19,9,2.625
ideas__wildforest3d__plot_4_annotated,29,20,528,154.5
ideas__wildforest3d__plot_4_annotated,30,21,11,3.375
ideas__wildforest3d__plot_4_annotated,31,22,147,44.0
ideas__wildforest3d__plot_4_annotated,32,23,103,30.25
ideas__wildforest3d__plot_4_annotated,33,24,15,4.875
ideas__wildforest3d__plot_4_annotated,34,25,29,8.5
ideas__wildforest3d__plot_4_annotated,35,26,278,86.875
ideas__wildforest3d__plot_4_annotated,36,27,251,77.75
ideas__wildforest3d__plot_4_annotated,37,28,483,142.0
ideas__wildforest3d__plot_4_annotated,38,29,20,7.375
ideas__wildforest3d__plot_4_annotated,39,30,110,32.875
ideas__wildforest3d__plot_4_annotated,40,31,76,24.5
ideas__wildforest3d__plot_4_annotated,41,32,36,10.25
ideas__wildforest3d__plot_4_annotated,42,33,114,33.5
ideas__wildforest3d__plot_4_annotated,43,34,36,11.0
ideas__wildforest3d__plot_4_annotated,44,35,162,48.125
ideas__wildforest3d__plot_4_annotated,45,36,223,64.0
ideas__wildforest3d__plot_4_annotated,47,37,293,82.875
ideas__wildforest3d__plot_4_annotated,48,38,8,2.125
ideas__wildforest3d__plot_4_annotated,49,39,228,63.25
ideas__wildforest3d__plot_4_annotated,50,40,27,8.75
ideas__wildforest3d__plot_4_annotated,51,41,170,50.0
ideas__wildforest3d__plot_4_annotated,52,42,194,68.25
ideas__wildforest3d__plot_5_annotated,1,0,16,6.625
ideas__wildforest3d__plot_5_annotated,3,1,123,35.375
ideas__wildforest3d__plot_5_annotated,9,2,173,60.5
ideas__wildforest3d__plot_5_annotated,11,3,165,46.625
ideas__wildforest3d__plot_5_annotated,12,4,314,97.375
ideas__wildforest3d__plot_5_annotated,15,5,137,47.875
ideas__wildforest3d__plot_5_annotated,19,6,15,4.375
ideas__wildforest3d__plot_5_annotated,20,7,9,3.125
ideas__wildforest3d__plot_5_annotated,21,8,69,22.25
ideas__wildforest3d__plot_5_annotated,22,9,97,29.25
ideas__wildforest3d__plot_5_annotated,23,10,14,4.125
ideas__wildforest3d__plot_5_annotated,25,11,57,17.375
ideas__wildforest3d__plot_5_annotated,26,12,44,13.125
ideas__wildforest3d__plot_5_annotated,28,13,27,8.5
ideas__wildforest3d__plot_5_annotated,31,14,178,55.125
ideas__wildforest3d__plot_5_annotated,32,15,245,72.375
ideas__wildforest3d__plot_5_annotated,33,16,24,7.375
ideas__wildforest3d__plot_5_annotated,34,17,8,3.375
ideas__wildforest3d__plot_5_annotated,35,18,174,49.0
ideas__wildforest3d__plot_5_annotated,36,19,27,7.125
ideas__wildforest3d__plot_5_annotated,37,20,17,5.375
ideas__wildforest3d__plot_5_annotated,38,21,85,24.75
ideas__wildforest3d__plot_5_annotated,39,22,191,62.0
ideas__wildforest3d__plot_5_annotated,40,23,92,31.875
ideas__wildforest3d__plot_5_annotated,41,24,164,47.75
ideas__wildforest3d__plot_5_annotated,43,25,13,3.625
ideas__wildforest3d__plot_5_annotated,44,26,267,78.25
ideas__wildforest3d__plot_5_annotated,45,27,138,39.875
ideas__wildforest3d__plot_5_annotated,49,28,100,29.375
ideas__wildforest3d__plot_5_annotated,50,29,95,30.5
ideas__wildforest3d__plot_5_annotated,52,30,93,26.5
ideas__wildforest3d__plot_5_annotated,53,31,393,113.125
ideas__wildforest3d__plot_5_annotated,55,32,10,3.0
ideas__wildforest3d__plot_5_annotated,56,33,72,20.625
ideas__wildforest3d__plot_5_annotated,57,34,40,11.75
ideas__wildforest3d__plot_5_annotated,58,35,13,4.125
ideas__wildforest3d__plot_5_annotated,60,36,130,39.875
ideas__wildforest3d__plot_5_annotated,61,37,121,38.125
ideas__wildforest3d__plot_5_annotated,62,38,9,2.625
ideas__wildforest3d__plot_5_annotated,63,39,15,5.0
ideas__wildforest3d__plot_6_annotated,1,0,50,14.5
ideas__wildforest3d__plot_6_annotated,3,1,27,7.875
ideas__wildforest3d__plot_6_annotated,4,2,96,33.25
ideas__wildforest3d__plot_6_annotated,5,3,109,42.25
ideas__wildforest3d__plot_6_annotated,7,4,39,12.75
ideas__wildforest3d__plot_6_annotated,9,5,89,30.75
ideas__wildforest3d__plot_6_annotated,10,6,45,14.125
ideas__wildforest3d__plot_6_annotated,11,7,64,21.375
ideas__wildforest3d__plot_6_annotated,13,8,21,6.625
ideas__wildforest3d__plot_6_annotated,14,9,90,28.75
ideas__wildforest3d__plot_6_annotated,16,10,78,23.375
ideas__wildforest3d__plot_6_annotated,18,11,243,76.625
ideas__wildforest3d__plot_6_annotated,20,12,122,37.0
ideas__wildforest3d__plot_6_annotated,21,13,92,27.25
ideas__wildforest3d__plot_6_annotated,22,14,251,77.375
ideas__wildforest3d__plot_6_annotated,23,15,87,28.125
ideas__wildforest3d__plot_6_annotated,25,16,10,2.75
ideas__wildforest3d__plot_6_annotated,26,17,22,7.125
ideas__wildforest3d__plot_6_annotated,29,18,24,6.625
ideas__wildforest3d__plot_6_annotated,31,19,25,8.625
ideas__wildforest3d__plot_6_annotated,32,20,148,44.625
ideas__wildforest3d__plot_6_annotated,33,21,20,6.75
ideas__wildforest3d__plot_6_annotated,34,22,17,4.75
ideas__wildforest3d__plot_6_annotated,35,23,44,13.875
ideas__wildforest3d__plot_6_annotated,36,24,13,3.625
ideas__wildforest3d__plot_6_annotated,37,25,20,5.875
ideas__wildforest3d__plot_6_annotated,38,26,79,26.375
ideas__wildforest3d__plot_6_annotated,39,27,144,41.625
ideas__wildforest3d__plot_6_annotated,40,28,9,2.875
ideas__wildforest3d__plot_6_annotated,41,29,8,2.5
ideas__wildforest3d__plot_6_annotated,42,30,7,2.25
ideas__wildforest3d__plot_6_annotated,43,31,39,11.375
ideas__wildforest3d__plot_6_annotated,44,32,28,10.125
ideas__wildforest3d__plot_6_annotated,45,33,22,6.5
ideas__wildforest3d__plot_6_annotated,46,34,86,25.0
ideas__wildforest3d__plot_6_annotated,47,35,27,8.375
ideas__wildforest3d__plot_6_annotated,51,36,27,8.125
ideas__wildforest3d__plot_6_annotated,53,37,144,107.375
ideas__wildforest3d__plot_6_annotated,57,38,170,47.625
ideas__wildforest3d__plot_6_annotated,59,39,86,25.875
ideas__wildforest3d__plot_6_annotated,60,40,46,14.25
ideas__wildforest3d__plot_6_annotated,61,41,56,15.5
ideas__wildforest3d__plot_6_annotated,62,42,174,50.25
ideas__wildforest3d__plot_6_annotated,64,43,15,4.5
ideas__wildforest3d__plot_6_annotated,66,44,21,6.875
ideas__wildforest3d__plot_6_annotated,67,45,259,74.625
ideas__wildforest3d__plot_6_annotated,69,46,78,23.625
ideas__wildforest3d__plot_6_annotated,70,47,7,2.125
ideas__wildforest3d__plot_6_annotated,72,48,22,9.75
ideas__wildforest3d__plot_6_annotated,73,49,15,5.0
ideas__wildforest3d__plot_6_annotated,74,50,44,16.625
ideas__wildforest3d__plot_6_annotated,75,51,6,1.875
ideas__wildforest3d__plot_6_annotated,76,52,112,35.0
ideas__wildforest3d__plot_6_annotated,77,53,9,3.375
ideas__wildforest3d__plot_6_annotated,78,54,33,11.125
ideas__wildforest3d__plot_6_annotated,79,55,18,5.5
ideas__wildforest3d__plot_6_annotated,80,56,6,1.5
ideas__wildforest3d__plot_6_annotated,81,57,51,15.125
ideas__wildforest3d__plot_6_annotated,82,58,147,43.875
ideas__wildforest3d__plot_6_annotated,83,59,82,32.0
ideas__wildforest3d__plot_6_annotated,84,60,85,27.125
ideas__wildforest3d__plot_6_annotated,85,61,134,40.5
ideas__wildforest3d__plot_6_annotated,86,62,55,17.375
ideas__wildforest3d__plot_6_annotated,87,63,62,18.875
ideas__wildforest3d__plot_6_annotated,89,64,63,18.875
ideas__wildforest3d__plot_6_annotated,90,65,52,14.5
ideas__wildforest3d__plot_6_annotated,94,66,131,54.25
ideas__wildforest3d__plot_6_annotated,96,67,66,19.75
ideas__wildforest3d__plot_6_annotated,97,68,72,22.375
ideas__wildforest3d__plot_6_annotated,98,69,167,67.5
ideas__wildforest3d__plot_7_annotated,1,0,121,43.0
ideas__wildforest3d__plot_7_annotated,2,1,196,55.25
ideas__wildforest3d__plot_7_annotated,3,2,104,29.75
ideas__wildforest3d__plot_7_annotated,4,3,8,2.625
ideas__wildforest3d__plot_7_annotated,5,4,160,54.5
ideas__wildforest3d__plot_7_annotated,6,5,298,120.125
ideas__wildforest3d__plot_7_annotated,7,6,69,18.75
ideas__wildforest3d__plot_7_annotated,8,7,36,10.75
ideas__wildforest3d__plot_7_annotated,10,8,103,32.5
ideas__wildforest3d__plot_7_annotated,11,9,163,54.0
ideas__wildforest3d__plot_7_annotated,12,10,11,3.75
ideas__wildforest3d__plot_7_annotated,13,11,37,12.75
ideas__wildforest3d__plot_7_annotated,14,12,38,12.5
ideas__wildforest3d__plot_7_annotated,15,13,36,12.375
ideas__wildforest3d__plot_7_annotated,16,14,85,26.75
ideas__wildforest3d__plot_7_annotated,17,15,91,27.875
ideas__wildforest3d__plot_7_annotated,19,16,156,88.375
ideas__wildforest3d__plot_7_annotated,20,17,60,17.5
ideas__wildforest3d__plot_7_annotated,21,18,92,30.375
ideas__wildforest3d__plot_7_annotated,22,19,296,91.25
ideas__wildforest3d__plot_7_annotated,25,20,11,3.375
ideas__wildforest3d__plot_7_annotated,26,21,22,7.25
ideas__wildforest3d__plot_7_annotated,28,22,129,35.125
ideas__wildforest3d__plot_7_annotated,36,23,245,74.875
ideas__wildforest3d__plot_7_annotated,38,24,26,8.25
ideas__wildforest3d__plot_7_annotated,39,25,127,37.125
ideas__wildforest3d__plot_7_annotated,40,26,40,12.125
ideas__wildforest3d__plot_7_annotated,41,27,5,1.375
ideas__wildforest3d__plot_7_annotated,42,28,171,54.0
ideas__wildforest3d__plot_7_annotated,43,29,119,33.25
ideas__wildforest3d__plot_7_annotated,44,30,180,50.375
ideas__wildforest3d__plot_7_annotated,47,31,28,8.625
ideas__wildforest3d__plot_7_annotated,51,32,8,3.0
ideas__wildforest3d__plot_7_annotated,58,33,27,10.0
ideas__wildforest3d__plot_7_annotated,61,34,88,27.5
ideas__wildforest3d__plot_7_annotated,62,35,72,22.375
ideas__wildforest3d__plot_7_annotated,63,36,8,2.5
ideas__wildforest3d__plot_7_annotated,65,37,10,3.25
ideas__wildforest3d__plot_7_annotated,66,38,158,44.875
ideas__wildforest3d__plot_7_annotated,67,39,19,5.375
ideas__wildforest3d__plot_7_annotated,69,40,23,7.375
ideas__wildforest3d__plot_7_annotated,70,41,90,31.25
ideas__wildforest3d__plot_7_annotated,71,42,24,7.625
ideas__wildforest3d__plot_7_annotated,72,43,39,12.125
ideas__wildforest3d__plot_7_annotated,73,44,105,29.875
ideas__wildforest3d__plot_7_annotated,74,45,141,41.0
ideas__wildforest3d__plot_7_annotated,75,46,15,4.875
ideas__wildforest3d__plot_7_annotated,77,47,9,2.75
ideas__wildforest3d__plot_7_annotated,78,48,15,4.875
ideas__wildforest3d__plot_7_annotated,79,49,106,29.5
ideas__wildforest3d__plot_7_annotated,81,50,33,12.25
ideas__wildforest3d__plot_7_annotated,84,51,87,24.5
ideas__wildforest3d__plot_7_annotated,85,52,98,32.125
ideas__wildforest3d__plot_7_annotated,86,53,57,17.25
ideas__wildforest3d__plot_7_annotated,88,54,78,23.875
ideas__wildforest3d__plot_7_annotated,90,55,63,19.5
ideas__wildforest3d__plot_7_annotated,91,56,94,34.375
ideas__wildforest3d__plot_7_annotated,96,57,8,3.625
ideas__wildforest3d__plot_7_annotated,97,58,46,14.75
ideas__wildforest3d__plot_8_annotated,1,0,274,76.875
ideas__wildforest3d__plot_8_annotated,2,1,14,4.875
ideas__wildforest3d__plot_8_annotated,3,2,13,4.625
ideas__wildforest3d__plot_8_annotated,4,3,17,4.625
ideas__wildforest3d__plot_8_annotated,6,4,199,54.875
ideas__wildforest3d__plot_8_annotated,7,5,14,4.125
ideas__wildforest3d__plot_8_annotated,8,6,13,4.375
ideas__wildforest3d__plot_8_annotated,9,7,19,5.375
ideas__wildforest3d__plot_8_annotated,10,8,7,2.0
ideas__wildforest3d__plot_8_annotated,11,9,26,7.625
ideas__wildforest3d__plot_8_annotated,13,10,14,4.375
ideas__wildforest3d__plot_8_annotated,14,11,35,10.125
ideas__wildforest3d__plot_8_annotated,15,12,168,57.25
ideas__wildforest3d__plot_8_annotated,16,13,221,71.125
ideas__wildforest3d__plot_8_annotated,17,14,86,24.875
ideas__wildforest3d__plot_8_annotated,18,15,368,102.25
ideas__wildforest3d__plot_8_annotated,19,16,10,2.75
ideas__wildforest3d__plot_8_annotated,20,17,27,8.125
ideas__wildforest3d__plot_8_annotated,21,18,16,5.0
ideas__wildforest3d__plot_8_annotated,22,19,13,4.25
ideas__wildforest3d__plot_8_annotated,24,20,12,3.5
ideas__wildforest3d__plot_8_annotated,26,21,64,20.0
ideas__wildforest3d__plot_8_annotated,27,22,25,9.25
ideas__wildforest3d__plot_8_annotated,28,23,26,7.875
ideas__wildforest3d__plot_8_annotated,29,24,308,90.5
ideas__wildforest3d__plot_8_annotated,30,25,5,2.375
ideas__wildforest3d__plot_8_annotated,31,26,9,2.625
ideas__wildforest3d__plot_8_annotated,32,27,19,6.375
ideas__wildforest3d__plot_8_annotated,33,28,16,4.5
ideas__wildforest3d__plot_8_annotated,34,29,16,5.125
ideas__wildforest3d__plot_8_annotated,35,30,3,1.125
ideas__wildforest3d__plot_8_annotated,37,31,10,3.5
ideas__wildforest3d__plot_8_annotated,38,32,58,21.75
ideas__wildforest3d__plot_8_annotated,41,33,6,1.875
ideas__wildforest3d__plot_8_annotated,42,34,18,5.125
ideas__wildforest3d__plot_8_annotated,44,35,28,8.375
ideas__wildforest3d__plot_8_annotated,46,36,26,8.375
ideas__wildforest3d__plot_8_annotated,47,37,24,7.25
ideas__wildforest3d__plot_8_annotated,48,38,23,8.0
ideas__wildforest3d__plot_8_annotated,49,39,15,4.75
ideas__wildforest3d__plot_8_annotated,50,40,25,9.5
ideas__wildforest3d__plot_8_annotated,52,41,12,5.125
ideas__wildforest3d__plot_8_annotated,53,42,7,1.875
ideas__wildforest3d__plot_8_annotated,54,43,6,2.25
ideas__wildforest3d__plot_8_annotated,55,44,28,8.625
ideas__wildforest3d__plot_8_annotated,56,45,7,2.375
ideas__wildforest3d__plot_8_annotated,57,46,100,30.5
ideas__wildforest3d__plot_8_annotated,58,47,10,3.25
ideas__wildforest3d__plot_8_annotated,59,48,123,36.0
ideas__wildforest3d__plot_8_annotated,60,49,462,131.0
ideas__wildforest3d__plot_8_annotated,61,50,12,3.875
ideas__wildforest3d__plot_8_annotated,62,51,27,8.375
ideas__wildforest3d__plot_8_annotated,63,52,9,2.5
ideas__wildforest3d__plot_8_annotated,65,53,67,20.75
ideas__wildforest3d__plot_8_annotated,66,54,23,7.0
ideas__wildforest3d__plot_8_annotated,69,55,83,24.625
ideas__wildforest3d__plot_8_annotated,70,56,23,7.625
ideas__wildforest3d__plot_8_annotated,71,57,189,54.75
ideas__wildforest3d__plot_8_annotated,72,58,8,3.0
ideas__wildforest3d__plot_8_annotated,73,59,110,31.0
ideas__wildforest3d__plot_8_annotated,75,60,10,3.25
ideas__wildforest3d__plot_8_annotated,76,61,32,10.5
ideas__wildforest3d__plot_8_annotated,77,62,102,29.375
ideas__wildforest3d__plot_8_annotated,78,63,28,8.875
ideas__wildforest3d__plot_8_annotated,79,64,19,4.875
ideas__wildforest3d__plot_8_annotated,82,65,477,135.125
ideas__wildforest3d__plot_8_annotated,84,66,19,5.5
ideas__wildforest3d__plot_8_annotated,85,67,28,8.5
ideas__wildforest3d__plot_8_annotated,86,68,578,164.5
ideas__wildforest3d__plot_8_annotated,88,69,12,3.5
ideas__wildforest3d__plot_8_annotated,89,70,37,10.375
ideas__wildforest3d__plot_8_annotated,90,71,81,25.25
ideas__wildforest3d__plot_8_annotated,91,72,14,3.625
ideas__wildforest3d__plot_8_annotated,92,73,8,2.125
ideas__wildforest3d__plot_8_annotated,93,74,27,9.125
ideas__wildforest3d__plot_8_annotated,95,75,13,3.625
ideas__wildforest3d__plot_8_annotated,96,76,10,3.25
ideas__wildforest3d__plot_8_annotated,97,77,8,2.375
ideas__wildforest3d__plot_8_annotated,98,78,13,4.75
ideas__wildforest3d__plot_92_annotated,1,0,210,58.375
ideas__wildforest3d__plot_92_annotated,2,1,68,20.625
ideas__wildforest3d__plot_92_annotated,3,2,176,77.625
ideas__wildforest3d__plot_92_annotated,7,3,42,12.25
ideas__wildforest3d__plot_92_annotated,8,4,35,12.625
ideas__wildforest3d__plot_92_annotated,9,5,36,14.0
ideas__wildforest3d__plot_92_annotated,10,6,24,8.0
ideas__wildforest3d__plot_92_annotated,11,7,9,2.625
ideas__wildforest3d__plot_92_annotated,12,8,135,39.625
ideas__wildforest3d__plot_92_annotated,13,9,227,67.5
ideas__wildforest3d__plot_92_annotated,14,10,256,72.25
ideas__wildforest3d__plot_92_annotated,15,11,34,11.75
ideas__wildforest3d__plot_92_annotated,16,12,113,34.75
ideas__wildforest3d__plot_92_annotated,17,13,17,5.375
ideas__wildforest3d__plot_92_annotated,18,14,217,62.25
ideas__wildforest3d__plot_92_annotated,19,15,19,5.625
ideas__wildforest3d__plot_92_annotated,21,16,51,16.75
ideas__wildforest3d__plot_92_annotated,24,17,62,22.5
ideas__wildforest3d__plot_92_annotated,25,18,30,10.0
ideas__wildforest3d__plot_92_annotated,26,19,53,14.0
ideas__wildforest3d__plot_92_annotated,27,20,107,34.625
ideas__wildforest3d__plot_92_annotated,28,21,92,30.0
ideas__wildforest3d__plot_92_annotated,29,22,21,6.125
ideas__wildforest3d__plot_92_annotated,30,23,48,17.25
ideas__wildforest3d__plot_92_annotated,31,24,40,11.875
ideas__wildforest3d__plot_92_annotated,32,25,24,7.125
ideas__wildforest3d__plot_92_annotated,33,26,39,11.875
ideas__wildforest3d__plot_92_annotated,34,27,34,10.625
ideas__wildforest3d__plot_92_annotated,35,28,20,5.875
ideas__wildforest3d__plot_92_annotated,36,29,102,28.5
ideas__wildforest3d__plot_92_annotated,46,30,6,1.75
ideas__wildforest3d__plot_92_annotated,54,31,69,20.125
ideas__wildforest3d__plot_92_annotated,56,32,67,24.5
ideas__wildforest3d__plot_92_annotated,57,33,108,36.625
ideas__wildforest3d__plot_92_annotated,58,34,145,41.25
ideas__wildforest3d__plot_92_annotated,59,35,62,18.0
ideas__wildforest3d__plot_92_annotated,60,36,74,21.75
ideas__wildforest3d__plot_92_annotated,61,37,9,3.0
ideas__wildforest3d__plot_92_annotated,62,38,12,3.5
ideas__wildforest3d__plot_92_annotated,63,39,15,3.875
ideas__wildforest3d__plot_92_annotated,64,40,17,5.75
ideas__wildforest3d__plot_92_annotated,65,41,13,4.0
ideas__wildforest3d__plot_92_annotated,66,42,105,30.5
ideas__wildforest3d__plot_92_annotated,68,43,71,20.25
ideas__wildforest3d__plot_92_annotated,69,44,67,23.0
ideas__wildforest3d__plot_92_annotated,70,45,51,14.125
ideas__wildforest3d__plot_92_annotated,71,46,21,5.875
ideas__wildforest3d__plot_92_annotated,72,47,28,9.0
ideas__wildforest3d__plot_92_annotated,73,48,63,19.375
ideas__wildforest3d__plot_92_annotated,75,49,5,1.375
ideas__wildforest3d__plot_92_annotated,76,50,101,32.875
ideas__wildforest3d__plot_92_annotated,77,51,48,13.375
ideas__wildforest3d__plot_92_annotated,79,52,42,12.625
ideas__wildforest3d__plot_92_annotated,81,53,71,21.125
ideas__wildforest3d__plot_92_annotated,82,54,60,19.0
ideas__wildforest3d__plot_92_annotated,83,55,73,22.625
ideas__wildforest3d__plot_92_annotated,84,56,39,11.25
ideas__wildforest3d__plot_92_annotated,86,57,124,35.25
ideas__wildforest3d__plot_92_annotated,88,58,70,18.75
ideas__wildforest3d__plot_92_annotated,89,59,34,9.875
ideas__wildforest3d__plot_9_annotated,1,0,35,11.0
ideas__wildforest3d__plot_9_annotated,4,1,39,12.0
ideas__wildforest3d__plot_9_annotated,6,2,34,9.375
ideas__wildforest3d__plot_9_annotated,10,3,84,25.875
ideas__wildforest3d__plot_9_annotated,11,4,66,22.5
ideas__wildforest3d__plot_9_annotated,12,5,111,34.5
ideas__wildforest3d__plot_9_annotated,13,6,63,18.875
ideas__wildforest3d__plot_9_annotated,14,7,144,40.875
ideas__wildforest3d__plot_9_annotated,15,8,76,23.75
ideas__wildforest3d__plot_9_annotated,16,9,65,23.625
ideas__wildforest3d__plot_9_annotated,17,10,101,30.75
ideas__wildforest3d__plot_9_annotated,18,11,117,35.0
ideas__wildforest3d__plot_9_annotated,19,12,69,19.25
ideas__wildforest3d__plot_9_annotated,20,13,385,109.75
ideas__wildforest3d__plot_9_annotated,21,14,6,1.5
ideas__wildforest3d__plot_9_annotated,23,15,26,9.5
ideas__wildforest3d__plot_9_annotated,24,16,307,93.75
ideas__wildforest3d__plot_9_annotated,27,17,19,5.375
ideas__wildforest3d__plot_9_annotated,28,18,28,7.25
ideas__wildforest3d__plot_9_annotated,29,19,32,9.5
ideas__wildforest3d__plot_9_annotated,30,20,42,12.375
ideas__wildforest3d__plot_9_annotated,32,21,38,10.625
ideas__wildforest3d__plot_9_annotated,34,22,27,7.375
ideas__wildforest3d__plot_9_annotated,35,23,29,8.125
ideas__wildforest3d__plot_9_annotated,36,24,49,14.125
ideas__wildforest3d__plot_9_annotated,37,25,26,7.5
ideas__wildforest3d__plot_9_annotated,38,26,160,44.375
ideas__wildforest3d__plot_9_annotated,40,27,29,8.0
ideas__wildforest3d__plot_9_annotated,41,28,30,9.375
ideas__wildforest3d__plot_9_annotated,42,29,47,12.625
ideas__wildforest3d__plot_9_annotated,43,30,35,10.625
ideas__wildforest3d__plot_9_annotated,44,31,31,8.25
ideas__wildforest3d__plot_9_annotated,45,32,21,5.625
ideas__wildforest3d__plot_9_annotated,46,33,25,6.875
ideas__wildforest3d__plot_9_annotated,47,34,32,10.0
ideas__wildforest3d__plot_9_annotated,48,35,28,7.875
ideas__wildforest3d__plot_9_annotated,49,36,48,14.0
ideas__wildforest3d__plot_9_annotated,50,37,267,75.625
ideas__wildforest3d__plot_9_annotated,51,38,5,1.75
ideas__wildforest3d__plot_9_annotated,52,39,36,10.625
ideas__wildforest3d__plot_9_annotated,53,40,30,9.5
ideas__wytham__plot_1_annotated,1,0,589,319.875
ideas__wytham__plot_1_annotated,2,1,22,11.875
ideas__wytham__plot_1_annotated,3,2,25,15.75
ideas__wytham__plot_1_annotated,4,3,31,10.125
ideas__wytham__plot_1_annotated,5,4,144,50.25
ideas__wytham__plot_1_annotated,6,5,180,72.125
ideas__wytham__plot_1_annotated,7,6,94,41.0
ideas__wytham__plot_1_annotated,8,7,41,16.25
ideas__wytham__plot_1_annotated,9,8,315,125.625
ideas__wytham__plot_1_annotated,10,9,74,34.0
ideas__wytham__plot_1_annotated,11,10,39,19.0
ideas__wytham__plot_1_annotated,12,11,34,18.25
ideas__wytham__plot_1_annotated,13,12,17,19.375
ideas__wytham__plot_1_annotated,14,13,86,36.625
ideas__wytham__plot_1_annotated,15,14,49,40.75
ideas__wytham__plot_1_annotated,16,15,24,13.375
ideas__wytham__plot_1_annotated,17,16,48,24.0
ideas__wytham__plot_1_annotated,18,17,42,23.0
ideas__wytham__plot_1_annotated,19,18,47,18.75
ideas__wytham__plot_1_annotated,20,19,24,21.375
ideas__wytham__plot_1_annotated,21,20,9,9.125
ideas__wytham__plot_1_annotated,22,21,77,36.625
ideas__wytham__plot_1_annotated,23,22,27,12.5
ideas__wytham__plot_1_annotated,24,23,133,56.875
ideas__wytham__plot_1_annotated,25,24,48,25.5
ideas__wytham__plot_1_annotated,26,25,170,76.125
ideas__wytham__plot_1_annotated,27,26,69,25.75
ideas__wytham__plot_1_annotated,29,27,2,1.0
ideas__wytham__plot_1_annotated,30,28,13,14.0
ideas__wytham__plot_1_annotated,31,29,11,13.5
ideas__wytham__plot_1_annotated,32,30,39,14.375
ideas__wytham__plot_1_annotated,33,31,111,38.375
ideas__wytham__plot_1_annotated,34,32,208,69.0
ideas__wytham__plot_1_annotated,35,33,8,3.875
ideas__wytham__plot_1_annotated,36,34,8,6.0
ideas__wytham__plot_1_annotated,37,35,27,32.75
ideas__wytham__plot_1_annotated,39,36,79,44.125
ideas__wytham__plot_1_annotated,40,37,231,83.875
ideas__wytham__plot_1_annotated,41,38,11,11.125
ideas__wytham__plot_1_annotated,42,39,15,9.125
ideas__wytham__plot_1_annotated,43,40,122,45.125
ideas__wytham__plot_1_annotated,44,41,2,1.25
ideas__wytham__plot_1_annotated,45,42,19,13.0
ideas__wytham__plot_1_annotated,46,43,209,94.5
ideas__wytham__plot_1_annotated,47,44,45,46.75
ideas__wytham__plot_1_annotated,48,45,132,56.25
ideas__wytham__plot_1_annotated,49,46,4,4.5
ideas__wytham__plot_1_annotated,50,47,76,26.125
ideas__wytham__plot_1_annotated,51,48,156,53.125
ideas__wytham__plot_1_annotated,52,49,265,122.5
ideas__wytham__plot_1_annotated,53,50,46,22.0
ideas__wytham__plot_1_annotated,54,51,74,32.125
ideas__wytham__plot_1_annotated,55,52,133,50.625
ideas__wytham__plot_1_annotated,56,53,199,70.0
ideas__wytham__plot_1_annotated,57,54,14,5.375
ideas__wytham__plot_1_annotated,58,55,54,20.0
ideas__wytham__plot_1_annotated,59,56,172,67.625
ideas__wytham__plot_1_annotated,61,57,20,35.375
ideas__wytham__plot_1_annotated,62,58,17,9.875
ideas__wytham__plot_1_annotated,63,59,21,17.75
ideas__wytham__plot_1_annotated,64,60,231,88.375
ideas__wytham__plot_1_annotated,65,61,3,1.75
ideas__wytham__plot_1_annotated,66,62,6,4.5
ideas__wytham__plot_1_annotated,67,63,14,10.375
ideas__wytham__plot_1_annotated,68,64,26,29.0
ideas__wytham__plot_1_annotated,69,65,9,13.75
ideas__wytham__plot_1_annotated,70,66,15,15.0
ideas__wytham__plot_1_annotated,71,67,127,60.625
ideas__wytham__plot_1_annotated,72,68,26,11.625
ideas__wytham__plot_1_annotated,73,69,7,3.25
ideas__wytham__plot_1_annotated,74,70,58,25.25
ideas__wytham__plot_1_annotated,75,71,165,63.125
ideas__wytham__plot_1_annotated,76,72,48,27.875
ideas__wytham__plot_1_annotated,77,73,65,29.75
ideas__wytham__plot_1_annotated,79,74,23,8.625
ideas__wytham__plot_1_annotated,80,75,53,28.75
ideas__wytham__plot_1_annotated,83,76,22,25.75
ideas__wytham__plot_1_annotated,84,77,2,1.0
ideas__wytham__plot_1_annotated,85,78,119,63.875
ideas__wytham__plot_1_annotated,86,79,30,24.5
ideas__wytham__plot_1_annotated,87,80,238,82.75
ideas__wytham__plot_1_annotated,88,81,162,74.125
ideas__wytham__plot_1_annotated,89,82,79,27.875
ideas__wytham__plot_1_annotated,90,83,10,4.625
ideas__wytham__plot_1_annotated,91,84,40,24.0
ideas__wytham__plot_1_annotated,93,85,38,14.75
ideas__wytham__plot_1_annotated,94,86,59,31.5
ideas__wytham__plot_1_annotated,95,87,28,18.125
ideas__wytham__plot_1_annotated,96,88,51,28.625
ideas__wytham__plot_1_annotated,97,89,12,8.875
ideas__wytham__plot_1_annotated,98,90,60,21.0
ideas__wytham__plot_1_annotated,99,91,19,10.25
ideas__wytham__plot_1_annotated,100,92,183,71.625
ideas__wytham__plot_1_annotated,102,93,280,106.25
ideas__wytham__plot_1_annotated,103,94,9,5.0
ideas__wytham__plot_1_annotated,105,95,27,34.125
ideas__wytham__plot_1_annotated,106,96,3,4.75
ideas__wytham__plot_1_annotated,107,97,24,14.5
ideas__wytham__plot_1_annotated,108,98,68,38.25
ideas__wytham__plot_1_annotated,109,99,258,101.125
ideas__wytham__plot_1_annotated,111,100,75,33.5
ideas__wytham__plot_1_annotated,112,101,15,17.125
ideas__wytham__plot_1_annotated,113,102,40,21.25
ideas__wytham__plot_1_annotated,114,103,247,86.5
ideas__wytham__plot_1_annotated,115,104,4,3.25
ideas__wytham__plot_1_annotated,116,105,15,8.5
ideas__wytham__plot_1_annotated,117,106,20,13.125
ideas__wytham__plot_1_annotated,118,107,6,2.375
ideas__wytham__plot_1_annotated,119,108,12,5.125
ideas__wytham__plot_1_annotated,120,109,5,7.5
ideas__wytham__plot_1_annotated,121,110,146,60.75
ideas__wytham__plot_1_annotated,123,111,20,14.875
ideas__wytham__plot_1_annotated,124,112,6,11.25
ideas__wytham__plot_1_annotated,125,113,9,7.625
ideas__wytham__plot_1_annotated,126,114,12,7.0
ideas__wytham__plot_1_annotated,128,115,14,15.25
ideas__wytham__plot_1_annotated,129,116,27,11.5
ideas__wytham__plot_1_annotated,130,117,104,43.875
ideas__wytham__plot_1_annotated,132,118,6,3.75
ideas__wytham__plot_1_annotated,133,119,112,39.875
ideas__wytham__plot_1_annotated,134,120,59,28.0
ideas__wytham__plot_1_annotated,135,121,204,70.5
ideas__wytham__plot_1_annotated,136,122,16,12.5
ideas__wytham__plot_1_annotated,137,123,7,4.375
ideas__wytham__plot_1_annotated,138,124,10,8.0
ideas__wytham__plot_1_annotated,139,125,21,16.625
ideas__wytham__plot_1_annotated,140,126,71,25.25
ideas__wytham__plot_1_annotated,141,127,25,10.375
ideas__wytham__plot_1_annotated,143,128,55,23.375
ideas__wytham__plot_1_annotated,144,129,8,8.75
ideas__wytham__plot_1_annotated,146,130,45,19.125
ideas__wytham__plot_1_annotated,147,131,15,8.5
ideas__wytham__plot_1_annotated,148,132,576,266.125
ideas__wytham__plot_1_annotated,149,133,25,8.5
ideas__wytham__plot_1_annotated,150,134,59,37.25
ideas__wytham__plot_1_annotated,151,135,83,61.25
ideas__wytham__plot_1_annotated,153,136,3,0.875
ideas__wytham__plot_1_annotated,154,137,126,59.875
ideas__wytham__plot_1_annotated,155,138,75,35.25
ideas__wytham__plot_1_annotated,156,139,324,146.125
ideas__wytham__plot_1_annotated,157,140,13,5.5
ideas__wytham__plot_1_annotated,160,141,274,107.75
ideas__wytham__plot_1_annotated,161,142,15,18.625
ideas__wytham__plot_1_annotated,162,143,16,15.375
ideas__wytham__plot_1_annotated,163,144,44,28.875
ideas__wytham__plot_1_annotated,164,145,2,1.75
ideas__wytham__plot_1_annotated,165,146,4,2.25
ideas__wytham__plot_1_annotated,166,147,286,138.25
ideas__wytham__plot_1_annotated,167,148,11,15.5
ideas__wytham__plot_1_annotated,170,149,11,5.125
ideas__wytham__plot_1_annotated,171,150,7,8.125
ideas__wytham__plot_1_annotated,172,151,7,6.25
ideas__wytham__plot_1_annotated,173,152,11,8.375
ideas__wytham__plot_1_annotated,174,153,51,21.5
ideas__wytham__plot_1_annotated,175,154,120,53.25
ideas__wytham__plot_1_annotated,177,155,162,71.125
ideas__wytham__plot_1_annotated,178,156,3,2.0
ideas__wytham__plot_1_annotated,179,157,11,16.375
ideas__wytham__plot_1_annotated,181,158,16,8.75
ideas__wytham__plot_1_annotated,182,159,270,123.25
ideas__wytham__plot_1_annotated,183,160,294,111.25
ideas__wytham__plot_1_annotated,185,161,2,0.75
ideas__wytham__plot_1_annotated,186,162,21,18.25
ideas__wytham__plot_1_annotated,187,163,143,57.0
ideas__wytham__plot_1_annotated,188,164,2,1.5
ideas__wytham__plot_1_annotated,191,165,67,31.75
ideas__wytham__plot_1_annotated,192,166,39,16.875
ideas__wytham__plot_1_annotated,193,167,138,64.0
ideas__wytham__plot_1_annotated,194,168,16,20.25
ideas__wytham__plot_1_annotated,195,169,4,2.625
ideas__wytham__plot_1_annotated,196,170,143,48.0
ideas__wytham__plot_1_annotated,197,171,34,18.0
ideas__wytham__plot_1_annotated,198,172,27,16.0
ideas__wytham__plot_1_annotated,199,173,16,12.125
ideas__wytham__plot_1_annotated,200,174,22,10.625
ideas__wytham__plot_1_annotated,201,175,4,5.625
ideas__wytham__plot_1_annotated,203,176,17,11.25
ideas__wytham__plot_1_annotated,204,177,37,19.5
ideas__wytham__plot_1_annotated,205,178,178,73.875
ideas__wytham__plot_1_annotated,206,179,166,72.5
ideas__wytham__plot_1_annotated,207,180,89,38.375
ideas__wytham__plot_1_annotated,208,181,77,35.625
ideas__wytham__plot_1_annotated,210,182,7,6.5
ideas__wytham__plot_1_annotated,211,183,132,49.75
ideas__wytham__plot_1_annotated,212,184,94,42.75
ideas__wytham__plot_1_annotated,213,185,99,67.75
ideas__wytham__plot_1_annotated,214,186,182,80.125
ideas__wytham__plot_1_annotated,215,187,166,64.875
ideas__wytham__plot_1_annotated,216,188,431,164.75
ideas__wytham__plot_1_annotated,217,189,219,77.75
ideas__wytham__plot_1_annotated,218,190,123,46.0
ideas__wytham__plot_1_annotated,219,191,541,211.0
ideas__wytham__plot_1_annotated,220,192,123,48.875
ideas__wytham__plot_1_annotated,221,193,152,65.5
ideas__wytham__plot_1_annotated,222,194,128,70.75
ideas__wytham__plot_1_annotated,223,195,307,159.0
ideas__wytham__plot_1_annotated,225,196,28,17.25
ideas__wytham__plot_1_annotated,226,197,175,64.625
ideas__wytham__plot_1_annotated,229,198,87,35.5
ideas__wytham__plot_1_annotated,230,199,67,23.875
ideas__wytham__plot_1_annotated,231,200,395,152.125
ideas__wytham__plot_1_annotated,232,201,290,108.5
ideas__wytham__plot_1_annotated,233,202,60,28.875
ideas__wytham__plot_1_annotated,234,203,110,51.5
ideas__wytham__plot_1_annotated,235,204,649,266.375
ideas__wytham__plot_1_annotated,236,205,81,45.0
ideas__wytham__plot_1_annotated,237,206,90,63.875
ideas__wytham__plot_1_annotated,238,207,63,32.75
ideas__wytham__plot_1_annotated,239,208,716,275.625
ideas__wytham__plot_1_annotated,240,209,162,61.375
ideas__wytham__plot_1_annotated,241,210,89,43.625
ideas__wytham__plot_1_annotated,242,211,141,62.875
ideas__wytham__plot_1_annotated,243,212,16,29.875
ideas__wytham__plot_1_annotated,245,213,56,39.0
ideas__wytham__plot_1_annotated,246,214,69,32.75
ideas__wytham__plot_1_annotated,247,215,99,39.0
ideas__wytham__plot_1_annotated,248,216,34,16.25
ideas__wytham__plot_1_annotated,249,217,62,27.25
ideas__wytham__plot_1_annotated,250,218,4,1.5
ideas__wytham__plot_1_annotated,251,219,101,43.125
ideas__wytham__plot_1_annotated,252,220,116,42.75
ideas__wytham__plot_1_annotated,253,221,128,49.5
ideas__wytham__plot_1_annotated,254,222,1590,555.375
ideas__wytham__plot_1_annotated,255,223,547,209.75
ideas__wytham__plot_1_annotated,256,224,123,40.875
ideas__wytham__plot_1_annotated,257,225,159,67.5
ideas__wytham__plot_1_annotated,258,226,97,61.875
ideas__wytham__plot_1_annotated,259,227,114,43.875
ideas__wytham__plot_1_annotated,260,228,108,40.25
ideas__wytham__plot_1_annotated,261,229,428,164.25
ideas__wytham__plot_1_annotated,262,230,168,72.875
ideas__wytham__plot_1_annotated,264,231,97,43.625
ideas__wytham__plot_1_annotated,265,232,80,40.625
ideas__wytham__plot_1_annotated,266,233,289,125.375
ideas__wytham__plot_1_annotated,267,234,63,30.625
ideas__wytham__plot_1_annotated,268,235,84,31.875
ideas__wytham__plot_1_annotated,269,236,60,33.125
ideas__wytham__plot_1_annotated,270,237,174,70.625
ideas__wytham__plot_1_annotated,271,238,85,29.875
ideas__wytham__plot_1_annotated,273,239,99,45.125
ideas__wytham__plot_1_annotated,274,240,55,54.0
ideas__wytham__plot_1_annotated,275,241,55,26.5
ideas__wytham__plot_1_annotated,276,242,125,51.5
ideas__wytham__plot_1_annotated,277,243,52,31.0
ideas__wytham__plot_1_annotated,279,244,10,3.5
ideas__wytham__plot_1_annotated,280,245,41,30.625
ideas__wytham__plot_1_annotated,281,246,171,64.25
ideas__wytham__plot_1_annotated,282,247,171,72.875
ideas__wytham__plot_1_annotated,283,248,396,155.0
ideas__wytham__plot_1_annotated,284,249,313,113.125
ideas__wytham__plot_1_annotated,285,250,24,16.125
ideas__wytham__plot_1_annotated,286,251,79,41.375
ideas__wytham__plot_1_annotated,287,252,90,36.625
ideas__wytham__plot_1_annotated,288,253,17,16.375
ideas__wytham__plot_1_annotated,289,254,17,10.875
ideas__wytham__plot_1_annotated,290,255,189,73.375
ideas__wytham__plot_1_annotated,291,256,90,33.0
ideas__wytham__plot_1_annotated,292,257,78,33.125
ideas__wytham__plot_1_annotated,293,258,340,126.0
ideas__wytham__plot_1_annotated,294,259,80,29.875
ideas__wytham__plot_1_annotated,295,260,49,15.25
ideas__wytham__plot_1_annotated,296,261,65,30.375
ideas__wytham__plot_1_annotated,297,262,50,23.25
ideas__wytham__plot_1_annotated,298,263,79,54.5
ideas__wytham__plot_1_annotated,299,264,39,39.125
ideas__wytham__plot_1_annotated,300,265,95,38.25
ideas__wytham__plot_1_annotated,301,266,524,202.625
ideas__wytham__plot_1_annotated,302,267,74,50.75
ideas__wytham__plot_1_annotated,303,268,124,42.625
ideas__wytham__plot_1_annotated,304,269,187,78.75
ideas__wytham__plot_1_annotated,305,270,324,116.625
ideas__wytham__plot_1_annotated,306,271,89,36.875
ideas__wytham__plot_1_annotated,307,272,2,1.5
ideas__wytham__plot_1_annotated,308,273,4,2.25
ideas__wytham__plot_1_annotated,309,274,3,3.5
ideas__wytham__plot_1_annotated,310,275,8,9.0
ideas__wytham__plot_1_annotated,311,276,9,7.375
ideas__wytham__plot_1_annotated,312,277,27,27.375
ideas__wytham__plot_1_annotated,314,278,5,2.75
ideas__wytham__plot_1_annotated,316,279,24,16.0
ideas__wytham__plot_1_annotated,317,280,5,3.25
ideas__wytham__plot_1_annotated,318,281,6,6.375
ideas__wytham__plot_1_annotated,319,282,8,8.625
ideas__wytham__plot_1_annotated,324,283,92,31.375
ideas__wytham__plot_1_annotated,325,284,6,4.125
ideas__wytham__plot_1_annotated,326,285,4,1.875
ideas__wytham__plot_1_annotated,330,286,5,1.75
ideas__wytham__plot_1_annotated,331,287,2,1.0
ideas__wytham__plot_1_annotated,332,288,4,2.25
ideas__wytham__plot_1_annotated,333,289,7,8.25
ideas__wytham__plot_1_annotated,335,290,10,8.25
ideas__wytham__plot_1_annotated,344,291,2,0.75
ideas__wytham__plot_1_annotated,345,292,6,8.0
ideas__wytham__plot_1_annotated,346,293,91,42.5
ideas__wytham__plot_1_annotated,347,294,51,32.875
ideas__wytham__plot_1_annotated,349,295,13,18.375
ideas__wytham__plot_1_annotated,351,296,9,5.0
ideas__wytham__plot_1_annotated,352,297,3,1.875
ideas__wytham__plot_1_annotated,354,298,4,6.5
ideas__wytham__plot_1_annotated,355,299,16,18.375
ideas__wytham__plot_1_annotated,356,300,6,5.875
ideas__wytham__plot_1_annotated,357,301,2,2.0
ideas__wytham__plot_1_annotated,358,302,19,31.5
ideas__wytham__plot_1_annotated,359,303,11,10.75
ideas__wytham__plot_1_annotated,360,304,13,13.875
ideas__wytham__plot_1_annotated,361,305,2,1.25
ideas__wytham__plot_1_annotated,363,306,3,1.125
ideas__wytham__plot_1_annotated,364,307,4,2.25
ideas__wytham__plot_1_annotated,365,308,35,17.625
ideas__wytham__plot_1_annotated,367,309,9,11.375
ideas__wytham__plot_1_annotated,374,310,3,0.875
ideas__wytham__plot_1_annotated,376,311,516,194.125
ideas__wytham__plot_1_annotated,382,312,12,5.75
ideas__wytham__plot_1_annotated,384,313,8,4.25
ideas__wytham__plot_1_annotated,389,314,3,0.875
ideas__wytham__plot_1_annotated,392,315,3,5.375
ideas__wytham__plot_1_annotated,394,316,14,13.875
ideas__wytham__plot_1_annotated,395,317,19,14.875
ideas__wytham__plot_1_annotated,397,318,2,1.75
ideas__wytham__plot_1_annotated,398,319,21,11.5
ideas__wytham__plot_1_annotated,401,320,5,6.5
ideas__wytham__plot_1_annotated,402,321,16,8.625
ideas__wytham__plot_1_annotated,403,322,36,16.0
ideas__wytham__plot_1_annotated,404,323,3,5.5
ideas__wytham__plot_1_annotated,405,324,17,29.375
ideas__wytham__plot_1_annotated,406,325,19,16.25
ideas__wytham__plot_1_annotated,412,326,5,2.625
ideas__wytham__plot_1_annotated,415,327,12,7.875
ideas__wytham__plot_1_annotated,423,328,5,8.625
ideas__wytham__plot_1_annotated,426,329,35,17.75
ideas__wytham__plot_1_annotated,427,330,4,2.0
ideas__wytham__plot_1_annotated,428,331,3,2.0
ideas__wytham__plot_1_annotated,440,332,19,8.5
ideas__wytham__plot_1_annotated,443,333,5,6.75
ideas__wytham__plot_1_annotated,446,334,102,38.125
ideas__wytham__plot_1_annotated,448,335,6,5.125
ideas__wytham__plot_1_annotated,449,336,6,4.125
ideas__wytham__plot_1_annotated,450,337,14,7.0
ideas__wytham__plot_1_annotated,451,338,6,3.375
ideas__wytham__plot_1_annotated,452,339,21,13.25
ideas__wytham__plot_1_annotated,453,340,85,30.75
ideas__wytham__plot_1_annotated,454,341,322,120.0
ideas__wytham__plot_1_annotated,455,342,15,7.0
ideas__wytham__plot_1_annotated,457,343,9,8.75
ideas__wytham__plot_1_annotated,458,344,26,33.375
ideas__wytham__plot_1_annotated,459,345,18,17.5
ideas__wytham__plot_1_annotated,460,346,5,6.125
ideas__wytham__plot_1_annotated,468,347,7,4.25
ideas__wytham__plot_1_annotated,469,348,57,27.375
ideas__wytham__plot_1_annotated,470,349,2,2.0
ideas__wytham__plot_1_annotated,471,350,3,2.0
ideas__wytham__plot_1_annotated,475,351,32,12.375
ideas__wytham__plot_1_annotated,476,352,57,23.875
ideas__wytham__plot_1_annotated,477,353,45,22.125
ideas__wytham__plot_1_annotated,478,354,61,25.375
ideas__wytham__plot_1_annotated,479,355,132,47.75
ideas__wytham__plot_1_annotated,480,356,43,17.375
ideas__wytham__plot_1_annotated,481,357,45,16.0
ideas__wytham__plot_1_annotated,482,358,172,65.625
ideas__wytham__plot_1_annotated,483,359,66,45.125
ideas__wytham__plot_1_annotated,484,360,80,33.5
ideas__wytham__plot_1_annotated,485,361,73,31.375
ideas__wytham__plot_1_annotated,486,362,31,17.75
ideas__wytham__plot_1_annotated,487,363,24,16.125
ideas__wytham__plot_1_annotated,488,364,814,340.875
ideas__wytham__plot_1_annotated,489,365,407,174.25
ideas__wytham__plot_1_annotated,490,366,338,124.0
ideas__wytham__plot_1_annotated,491,367,5,3.5
ideas__wytham__plot_1_annotated,493,368,9,7.0
ideas__wytham__plot_1_annotated,494,369,19,9.625
ideas__wytham__plot_1_annotated,496,370,8,7.375
ideas__wytham__plot_1_annotated,500,371,2,1.25
ideas__wytham__plot_1_annotated,501,372,13,8.125
ideas__wytham__plot_1_annotated,502,373,61,70.625
ideas__wytham__plot_1_annotated,503,374,25,19.25
ideas__wytham__plot_1_annotated,504,375,90,34.25
ideas__wytham__plot_1_annotated,505,376,22,6.25
ideas__wytham__plot_1_annotated,506,377,12,14.75
ideas__wytham__plot_1_annotated,507,378,24,15.125
ideas__wytham__plot_1_annotated,509,379,88,32.625
ideas__wytham__plot_1_annotated,510,380,27,10.0
ideas__wytham__plot_1_annotated,511,381,29,12.875
ideas__wytham__plot_1_annotated,512,382,71,37.75
ideas__wytham__plot_1_annotated,513,383,106,47.75
ideas__wytham__plot_1_annotated,514,384,298,100.25
ideas__wytham__plot_1_annotated,515,385,86,46.25
ideas__wytham__plot_1_annotated,516,386,35,20.125
ideas__wytham__plot_1_annotated,517,387,371,137.125
ideas__wytham__plot_1_annotated,518,388,36,26.75
ideas__wytham__plot_1_annotated,519,389,38,19.125
ideas__wytham__plot_1_annotated,520,390,75,46.5
ideas__wytham__plot_1_annotated,521,391,54,42.375
ideas__wytham__plot_1_annotated,522,392,110,41.875
ideas__wytham__plot_1_annotated,523,393,25,8.375
